Code,Product Name,Packing,Stock
EWDWZ1,F OINT,15GM,0
UYLIUY,6 MP TABS,1*10,0
ACHUFG,ACCU CHEK INSTANT 25'S,1*25'S,0
ACCUCH,ACCUCHEK INST-S,1,0
EQWUTK,ACECLO SERA,1*10,0
A373,ACINIL O SYRUP,120ML,0
GSOH,ACNEWIN FACE WASH,60GM,0
FUEWGI,ACNEWIN SOAP,75GM,0
ACU99,ACUPAT EYE DROP,5ML,0
AGPO,AGIDINE SOLUTION,1'S,0
AIRRTE,AIR RINGS DOLPHIN BIG,45CM,0
AITHER,AIR RINGS DOLPHIN SMALL,40CM,0
GWIEFG,ALBUTAN 20%,1,0
VBJHGH,ALDOPAM 500MG AMP,1*20ML,0
APM45N,ALLOUT PLUG MACHINE &,1'S,0
ALMN2,ALMOND BRITTLE,1,0
"CMSD,H",AMCARD 2.5 TAB,1*10,0
AMVGHF,AMCARD 5 TAB,1*7,0
HGY,AMERICAN DRINKS,1*1,0
AMURTH,AMRUTANJAN BALM RED,27.5GM,0
AMURTA,AMRUTANJAN MUSCLE SPRAY,30GM,0
AMURTO,AMRUTANJAN RED,8ML,0
AMUNCL,AMUL CHACOLATE,,0
S117,ANAERO GEL,1*25GM,0
GIGUGU,APANTA-D,1*10,0
AOPPFE,APPLE BABY NAIL CUTTER,,0
BNVFGJ,APPLE PILLO,1*1,0
HY56E7,APREZO 10MG,1*4,0
ERJTK,APREZO 20MG TAB,1*4,0
BWUIE,AQUIFIN LIQUID,100ML,0
AREJJD,ARIEL LIQUIDS ALL,1,0
ARKA,ARKAFIX 100MG TAB,10'S,0
ARKLA,ARKAFIX 150MG TAB,10'S,0
HFGWJW,ASCODEX D SYRUP,1*100ML,0
A327,ASTYMIN FORTE CAPS,30'S,90
ATRNCV,ATORINN CV 10 TAB,1*10,0
JHIWDF,AVERZINE 25 TAB,15,0
AQHWQH,AWARENE PF DROPS,5ML,1
WGIJGB,AXUNIL NASAL SPRAY,9GM,0
BSTR,B-STRENGHT CAPS,10'S,0
HDSAE,BABY TRAVEL BAG,1*1,0
BANSBJ,BANJARAS HIBISCUS GEL,1,0
BSUFDA,BANJARAS MULTANI MATTI,1,0
BANGYA,BANJARAS ROSE WATER,60ML,0
BDSGFS,BANJARAS ROSE WATER,120ML,0
VBFHGS,BANJARAS ROSE WATER250ML,250ML,0
BDAGDF,BANJARAS SHAMPOO,1,0
BENH,BECOZINC H SYP,200ML,0
BEN500,BENECEF CV TABS,6'S,0
BENI,BENIDIN T TAB,15;S,30
B1682,BETACARD AM TABS,15`S,75
BYERTS,BEURER BATHROOM SCALE,1,0
BEUEFH,BEURER FOOTBATH MASSAGER,1,0
BRETHG,BEURER INFRARED LAMP,1,0
DGSJFH,BEURER STEAM INHALER,1,0
BHFFJF,BEURER WEIGHING SCALE,1,0
BIALDJ,BILAFLAV M TAB,1*10,0
DSFKHK,BILAMED 20MG TAB,1*10,0
SOIB,BISOZOX 2.5 MG TABLETS,15 S,75
BLU,BLUPRAZ -D CAPSULE,15 S,45
12LUYL,BONWIND MR TAB,10,0
FCTQ,BOROPLUS ALOE GEL 60ML,1*1,0
UFFUJ,BOSKONECT TAB,1*10,0
U8OYYH,BRICET 100MG TAB,1*10,0
BRI,BRILANTE INTENSE,1,0
BR19,BRIMOLOL EYE DROPS,5ML,2
UTEYU,BRISTAA ADVANCED SKIN,30GM,0
IYFUJI,BRISTAA INTENSE CREAM,20GM,0
BUNMKU,BUNNY RATTLE,1*1,0
DFJHJL,BYLENTA 40MG TAB,1*10,0
BYLE,M BYLENTA M 50 MG TAB,15S,0
CALAMI,CALAMINE LOTION,100ML,3
NJTDBG,CALCIMAX P TAB,1*15,0
CAHV,CALCIRAN-XT TAB,15'S,15
C621,CANDID EAR DROPS,10ML,1
CARD12,CARDACE 1.25MG TABS,1*15'S,210
CARENT,CARENY DIZI THERMOMETER,1,10
CARLC9,CARNIK LC TABS,10'S,0
CARGOL,CAROVIT GOLD CAPS,10'S,810
CASDTH,CAST SHOES LARGE VISSCO,1,0
CASTJH,CAST SHOES MEDIUM VISSCO,1,0
CASYTU,CAST SHOES XL VISSCO,,0
CE,CEFERA-S VILS,1,409
CEDE,CEFLOX EYE DROPS,10ML,10
CERVIF,CERVILON TAB,10'S,0
CERZDF,CEZEL POWDER,1*100GM,0
L029,CHICCO FREE BATHING GEL,1*1,0
RIC,CILACAR TC 6.25 TAB,10 S,30
NFGSFW,CILACAR-M 10/25 TAB,1*10,0
SDKHDJ,CILNIFIT 10MG TAB,1*10,0
CILNIF,CILNIFIT 20MG TAB,10'S,0
CLKF,CLAMP-KID FORTE TAB,10'S,0
CLAR1,CLARINOVA SYRUP,30ML,0
C1406,CLOSE UP PASTE ALL,ALL,0
HFWGUK,COGNIONE TAB,10*S,0
COLIOD,COLIN SPRAYS ALL,1,0
CO20,COLOSPA RETARD TABS,15'S,0
COSSF,COMFORTZ HA LITE DROPS,5ML,2
COPB,COMPLAN CREAMY 200GM,200GM,0
ORNEFD,CONTROL D BP METER,1,0
LJKLCO,CONTROL D SUGAR MISSION,1,0
CONTRO,CONTROL D SUGAR STRIPS,1*25'S,0
COT,CORBIS 2.5 TAB,15 S,90
CR,CREVAST 40MG,15 S,30
CRITI,CRITIZYME TABS,10'S,0
FYRUY,CUTICAPIL HAIR SERUM,1*75ML,0
CUYG3.,CUTICELL CLASSIC,5'S,10
HUI64R,DABIGO 75,1*10,0
FWKSAB,DABUR ALOE VERA JUICE,,0
CXZF,DAPAMADE 10MG TAB,15,0
ONE,DAPAONE 10 TABLETS,10,20
JJHFUD,DETTOL ANTISEPTIC CREAM,30GM,0
DRESUK,DETTOL HAND WASH 30.00,100ML,0
DETS1,DETTOL HOSPITAL SANITIZER 500ML,,0
DES9,DETTOL SANITIZAR LIQUIDE ALL,,0
DHFGET,DETTOL SANITIZER,110ML,0
SDEFUF,DETTOL SANITIZER 50ML,50ML,0
D049,DEWAX EAR DROPS,10ML,13
QWOEFG,DEWMOIZ MOISTURIZER CREAM 1,,0
QWEDFY,DEWMOIZ SOAP,75GM,0
DHANWA,DHANWANTHARAM THAILAM,200ML,0
DIAZER,DIAZEN TAB,30'S,0
KHFFFF,DIFIDOX 100MG INJ,1*1,0
67RTJI,DIGERAFT SYP,1*1,2
DSPRN,DISPRIN 325MG TAB,1*10,0
DOLLOA,DOLLIN DRINKS,300ML,0
DOVB9,DOVE SHAMPOO,ALL,0
BUFCWE,DOXYREVA LB TAB,10*1,0
DR,HOM DR HOME COMPRESSOR,1'S,0
AC3R,DREZ S OINT,1*10GM,0
SAN,DUONASE F NASAL SPRAY,1,0
GWEIJH,DURAPLUS TAB,1*4,4
DYTYBJ,DUREX CONDOMS ALL,,0
DYNERJ,DYNA FINGER COT UNI,,0
HSDJFH,DYNA T,,0
GDIG,EC GLOW G CREAM,20GM,0
BJDF,EC GLOW G SOAP,1*75GM,0
ECITJD,ECITANE TAB,10'S,0
QDRFOF,EITILIGO LOTION,1*100ML,0
ELE,ELDERVIT-M IMJECTIONS,,45
BKZBB,ELICE SOAP,75GM,0
ELOV.,ELOVERA CREAM,150GM,0
YDDG,EMODEL DS,200GM,0
ENRIFD,ENO NEEMBU MASALA,1'S,0
ENJSHN,ENSURE DIABETIC VAN,400GM,0
ENJHAD,ENSURE HP CHOC POWDER,200GM,0
ENZYME,ENZYME SYRUP,200ML,36
FY7UG,EPIPIL 750MG,1*10,0
ERISJJ,ERISINPEN,1,0
EST36,ESTOMINE 10MG TABS,10'S,0
F7RIOY,EVATOCIN AMPS,1*5ML,0
JFIFJJ,EXCELA ANTI ACNE,50GM,0
GJFGN,EXCELA MAX MOISTURISER,200GM,0
HGDGFS,EXERMET 500 SR TAB,1*15,0
E433,EXOCIN EYE DROPS,5ML,0
F058,FACE MASK,1,0
GAGJ,FACE MASK (IIR),1*50,0
FACEVE,FACE MASK (OXO),1,0
PRIOEH,FACE MASK (POOMER),1,0
FACE,M FACE MASK (STERIMASK),,0
SDKJDV,FACE MASK(DWEJ),1*10,0
FACI,FACITINIB XR TAB,10'S,0
FAO,FAIR & LOVELY ALL,ALL,0
FER2,FAREX 2 REFL,500GM,0
FAROK,FAROKINDLE TAB,6'S,0
3GH4HY,FARONEM ER TAB,1*10,0
VAXVJK,FASCI FACE WASH,100GM,0
FET,FERONIA XT TABS,15'S,75
MKGJNU,FISH PILLO,1*1,0
FIXOM,FIXOMULL STRETCH,,0
CACGDA,FLAMINGO COT SPLINT ALL,1*1,0
YEUJEU,FLOWFIT CV 20 TAB,1*10,0
HOEHOH,FLUCORT H CREAM,30GM,0
SJHHYH,FOGGING MACHINE,1*1,0
G8WDG3,FOLLIDENSE SHAMPOO,150ML,0
GUYFWE,FORACORT 400 SYNCHO,1,1
HFGYJT,FREEGO PEG SYP,1*1,0
FRIJGA,FRIENDS ADULT PANTS (L),,0
LKVLDJ,FRIENDS ADULT PANTS (XL),,0
FRIWEO,FRUIT JELLY POP,1,0
SDJGBG,FUMIGANT LIQUID,1*1,0
GUQWFG,FUNZI L CREAM,75GM,0
YFEUF,FUNZI L CREAM,30GM,0
KJ,FURADIP TAB,6'S,54
YFQIWD,FUSIWAL M OINT,10GM,0
CDYDTK,GABATRUST NT TAB,1*10,0
KJDHKH,GAVIR 250MG TAB,1*8,0
GERKJD,GEKS ERA 1LTR LIQ,120ML,0
GTG,GENTEAL EYE GEL,1X10G,2
GEONSP,GEONAC SP TAB,10*S,0
GIFFYF,GIFFY HAND WASH,180ML,0
"GLIT,",GLITARAY M3 FORTE TABS,15'S,30
GLI,GLIZID M XR 30/500 TAB,10 S,50
GFJHGJ,GLOSPOR DS TAB,10,0
GLOSLU,GLOSPOR TAB,10,0
GLDJG,GLUCON D ORANGE 400GM,400GM,0
FGNGGG,GLUXIT 5MG TAB,1*10,0
GOP,GOODMORN PLUS TABS,30'S,0
GIUDG,GRILINCTUS LS SYP,1*100ML,0
NOQGUI,GRISOVIN 250MG TAB,1*10,0
HGHJHB,H & S 2IN1 SS,1*1,0
BHETRE,H & S SHAMPOO ALL,1*1,0
BFJDFJ,HADENSA CAP,1*10,0
JFHYWE,HEELO BABY DELUXE,1*1,0
HEMFKS,HELLO BABY BOTTLE CLENER,1,0
RESPE,HELLO BABY CAP SOOTHER,1,0
DUIHDH,HELLO BABY FEEDING BOTTLE 1,,0
STYP.,HELLO BABY SILICON NIPPLE 1S,,0
HELLO,HELLO BABY TOY AMP CUP,1,0
JHHDYW,HEPA LOCK INJ,1*1,0
BSDJFD,HEPAMIGHT TAB,10,0
TU7K-P,HEXILAK ULTRA GEL,15GM,0
HEL,OK HH OK,10'S,0
LHIDJL,HIRUDAL CREAM,14GM,0
HHDKKF,HIV KIT,1*1,0
VUWFQU,HMC BACT OINT,1*15GM,0
H259,HORLICKS 500GM JAR,500GM,0
HUG1,HUGGIES DIAPERS MEDIUM,,0
HYDRO,HYDRONIC MOISTURIZING,50GM,0
IMKSJF,IMLI POPS,1,0
INCLOP,INCLO-P TAB,15'S,120
INDUHI,INDU BRINGHA OIL,50ML,0
IFWJDA,INDU BRINGHAMLA SHAMPOO,200ML,0
INDSSS,INDULEKHA CLENSER,100ML,0
INTEFG,INTENSE CHOCO &,1,0
IODENF,IODEX PAIN BALM 16GM,16GM,0
IODOHD,IODEX PAIN BALM 40GM,40GM,0
IODEXC,IODEX PAIN BALM 8GM,8GM,0
IST,ISTAMET G IR 50/1000/2,10,50
HFGKGK,ITRATUF SB 130MG CAP,1*10,0
JL42,JALRA 50 TABS,1*15'S,45
JN21,JANUMET 50/500 TABS,15'S,120
HJASYA,JAYA EUCALYPTUS OIL,75ML,0
JIOS,JIOSTAT A CAP,10;S,0
JSIOWF,JOINER JUICE,320ML,0
KARE,M KARE MED DIAPERS,,0
KASNIL,KASNIL C TUILASI SYP,100ML,0
GGHF,KESHARI SHAKTI KALPA 1,1*1KG,0
FFFGY8,KETOLE-200 TAB,1*10,0
IRUTUU,KEVON SOAP,1*1,0
KIDTRO,KIDTRO OPHTHALMIC,,0
KINMMS,KINLEY WATER BOTTELS 2,1*2LTR,0
KISDSL,KISSON JAM ALL,1,0
LHFFGD,KITKT CHOCLATE,1*1,0
COLLKD,KOLLAGEN SHEETA,1*2,0
KSJDKJ,KS CONDOMS,1,0
KSHERA,KSHEERABALA THAILAM,200ML,0
KZS5,KZ SOAP,75MG,4
JWVDUC,L-SYS CREAM,30GM,1
YFR8YU,L-SYS CREAM,10GM,2
JWVDUC,L-SYS CREAM,30GM,3
QFDI,LACNE 360 BODY SPRAY,1,0
LAKOAS,LAKME GEL FASSH WASH,50GM,0
RTTKUY,LAMINO SHE DISKATES,1,0
VFYRQR,LEVET-SR TAB,1*10,0
LJKBGH,LEVOSIZ M TAB,1*15,405
UFYFYU,LIFEGUT PLUS TAB,1*10,0
LIFEKE,LIFREE ADULT DIAPERS,,0
LIF,LIFREE DIAPERS (L),1,0
LIFHFG,LIFREE DIAPERS XL,1,0
LIPGF1,LIPIGO F10MG TABS,10'S,0
LFIEFS,LIZOL CLEANING LIQ ALL,1,0
LOT22,LOTEL EYE GEL DROPS,10GM,0
LOT,LOTEPRED 1% DROPS,5ML,0
LOTT1,LOTOXX GOLD CAPS,10'S,0
LU,LULIFIN CREAM 50GM,50GM,0
URYUFY,LULIHALT CREAM,30GM,0
LUPIDK,LUPIGESTSR 200MG TAB,10,0
LU45,LUPIRTIN CAPS,10'S,0
1LUVL,LUVLAP BABY WET WIPES,,0
LULAOD,LUVLAP ELECTRICAL ELITE,1,0
LUDASV,LUVLAP FEEDING BOTTLE,,0
MCX1,MACHALER HALER,1'S,0
MAGSPU,MAGSPUR 200ML SYP,200ML,0
MAHARA,MAHARAJAPRASARINI AVP TAB 10'S,,0
MANDAJ,MAKINO NACHOS 150GM,1,0
QWOIYD,MATCE VG1 FORTE,1*10,0
GHFAGG,MAXVOID 8MG TAB,1*15,0
YHGUY,ME BHRINGAMLA HAIR OIL,1*1,0
GHDIW,MEDERMA ADVAN PLUS CREAM,1*10GM,0
YETD,MEGANEURON PG,1*10,0
QHXUH,MELANO TX OD TAB,1*15,0
IUGIWE,MET PCO CARE TAB,1*10,0
GHGJYT,METERKEM INFUSION,1*1,0
MGRTFD,MGRM ANKLE WRAP ALL,,0
MGFCH,MGRM WEIGHT CUFF WRIST,,0
XMFOEO,MOGO MOGO JUICES,300ML,0
FYDUI,MOISTRICH FACE WASH,60GM,0
VVBH,MOISTRICH SOAP,75GM,2
DYDTK,MOMERAX F CREAM,10GM,0
MODSKG,MOO AER PRLF,80GM,0
MOOVG2,MOO AER PRLF,50GM,0
MOOV15,MOOV SPRAY,15GM,12
GJHTUT,MOTHERS HORLICKS 200GM,1*200,0
MCRYL,MUCARYL TAB 600,1*10,0
MIULTI,MULTIVITAMIN TONIC,200ML,36
JKDFGG,MUNCH CHOCLATE,1*1,0
FFCAHA,N95 MASK,,0
NBWIKD,NADIMAX CREAM,15GM,0
ASDLJH,NAIL CUTTER,1*1,0
SDGJJH,NASOMIST NASAL DROPS,1*1,0
IYHIQ2,NEBZMART GF,1,0
ENB,NEBZMART GFB SMARTULES,1,10
NEL3,NEL CATH ALL,1'S,0
N374,NEOSPORIN H OINT,5GM,0
HFFDRF,NEOSPORIN OINT,1*30GM,0
NEPAFL,NEPAFLAM OD EYE DROPS,1.7ML,0
NEPHRO,NEPHROADD TAB,10'S,0
NERP9,NERVIMAC PG CAPS,10'S,0
JFHFFG,NEURLYCA TAB,1*10,30
GUFG,NEUTIN 20 TAB,1*10,0
NEWLA,NEW LA-MATISSE SERUM,90ML,0
NWEVBC,NEWTEL TAB,1*10,0
NEWTEL,NEWTEL 20 TAB,1*10,0
NEWTE,NEWTEL AM TAB,10,150
NEWHUK,NEWTEL H 40 TAB,1*10,200
NICO,NICOTEX 4MG,12,0
NIFIRE,NIFIREN TAB,10,0
N209,NIMODOL 100MG TABS,10'S,0
FW34OU,NMF E BODY WASH,150ML,0
HDGDJC,NOBEL COLD RUB OINT,1*20GM,0
NSDOFI,NODOSIS GST TAB,10,0
N20N,NODOSIS TABS,15'S,0
NUGSDK,NUTRILIFE CAL MAG D,1*1,0
DFFGGG,NUTRILIFE COENZYME Q10,1*1,0
NUTRIL,NUTRILIFE GARLIC,1*1,0
NCUISD,NUTRILIFE GLUCOSMIN HCL,1*1,0
HGFFBS,NUTRILIFE SALMON OMEGA,1*1,0
O2WETO,OCUREST PLUS DROP,15ML,0
ODDFIO,ODONIL BLOCKS,1,0
FGGF,OILAWIN CREAM,60GM,0
BUIGW,OILAWIN SOAP 75GM,75GM,0
OLAJDF,OLAY CREAM,20GM,0
OQ7YO8,OLESOFT MAX LOTION,200ML,0
OMR,OLMESAR 20 TAB,1*15,0
OMDKJA,OMNIGEL 100GM,100GM,3
ONEHRU,ONETOUCH SELECT SIMPLE,25'S,0
OPTI,D OPTIHIST CROMZ EYE DROP,5ML,0
DGHI,ORAWAYS BUCCAL PASTE,5GM,0
CHJJKF,OREFLO PLUS TAB,1*10,0
S677,OSTCAL BANANA SYP,200ML,0
O071,OTEK AC EAR DROPS,5ML,0
IH23RI,OTIFLOX EAR DROP,1,0
OTB9,OTOBIOTIC EAR DROPS,10ML,0
HIGD,OTOBIOTIC PLUS EAR DROPS,1*5ML,0
JFUIH,OTOGON EAR DROPS,1*10ML,0
O157,OTOREX EAR DROPS,10ML,0
OCKLJI,OXIMETER,1,0
OXIMNJ,OXIMETER DX,1,0
OXY,SF OXY SET,1,0
PALDKD,PALASTRI PATTI,1,0
CCBSCS,PAMPERS AB PANTS,,0
EHFLHN,PAMPERS DIAPERS NB,1*1,0
PAM1,PAMPERS PANTS LARGE,20'S,0
PAKKOR,PAMPERS PANTS XXL,1'S,0
HDOIUH,PANBIO ANTIGEN,1,0
PT16,PATADAY 0.2% DROPS,5ML,0
FJIDGF,PATHYAAKHADHATHRYAADI KA,10'S,0
QOFEHI,PEARLWHITE SOAP,75GM,0
PERKSJ,PEDIASURE 7 CHOC 800GM,800GM,0
PEKFLS,PEDIASURE 7 VAN 800GM,800GM,0
PHEXIN,PHEXIN 250MG SYP,1,0
MGJKG,PIGEON BOLSTER SET,1*1,0
RTJKYH,PIGEON CAP,1*1,0
BFNJD,PIGEON CAP/BOOTIES/MITTEN 1*1,,0
NDJDGJ,PIGEON FACE NAPKIN ALL,1*1,0
KLHEE,PIGEON FANCY HEADREST,1*1,0
JUIGSG,PIGEON JABALA,1*1,0
GNBHGB,PIGEON NAPPY COMFY,1*1,0
Y566RU,PIGEON NAPPY RTW STAR PTD 1*1,,0
VSSWQ,PIGEON NAPPY TRIANGLE,1*1,0
PIGERJ,PIGEON NIPPLE SHILED,1'S,0
BABY,R PIGEON RTW SUPER,1*1,0
JREGUE,PIGEON SHEET SPL ALL,1*1,0
VFGSDV,PIGEON W/O BACK OPEN,1*1,0
FNSHG,PIGEON W/O FRONT OPEN,1*1,0
VHWEV,PIGEON W/O INTERLOCK ALL,1*1,0
JVGET,PIGMENTO TAB,1*40,0
PIO30,PIOSYS 30MG TABS,30'S,0
H9WW,PLATFAST SYP,150ML,0
P1241,PONDS CREAMS ALL,ALL,0
POWMR,POWERGESIC MR TAB'S,10'S,0
PRNEFJ,PREGAPRESS MNT TAB,10'S,90
EPR,PREGEBA M 75 CAP,15,30
PRINHK,PRINGLES,,0
FSDG,PROHANCE JUNIOR (V),1*400GM,0
BJHGHS,PRUCROS 40MG TAB,1*10,0
PUREJD,PURE OLIVE OIL,100ML,0
QWASH,Q-WASH,100M,1
HHGFFF,QCURE Q10 TAB,1*10,0
BFHDHF,QLIFE TAB,1*10,0
BFHDF,QMIG SOFTGEL TAB,1*10,0
QUICKD,QUICK DRY TOWELS ALL,1,0
WFGD,QUTAR LOTION,100ML,0
QGDIG,QUTAR SOAP,75GM,0
RABEM,RABEMAC OS SYP,200ML,0
RAFFFF,RABISHIELD 100IU/2.5ML,1*1,0
RAABDH,RABISHIELD 50IU,1*1,0
R.R.,RAREMET G1,10;S,220
R.R.R.,RAREMET G2 TAB,10;S,210
RVG1,RAREMET VG1 TAB,10'S,110
RVG2,RAREMET VG2 TAB,10'S,120
RARERU,RARETEL H 40MG TAB,1*10,0
RAFLNM,REAL JUICE,1L,0
REB,REBAGEN TAB,15,30
RESC,REBALANZ APPLE,,0
REBAK,REBALANZ ORANGE,,0
R378,RECLIDE 40MG TABS,15'S,0
RECLI,RECLIDE XR 60MG TABS,15'S,0
READDA,REDBULL ENERGY DRINK NEW,250ML,0
RADSNE,REDBULL SUGARFREE,250ML,0
REGEN,REGEN-CD3,10'S,0
REK41,REKOOL 40L TABS,10'S,0
GWEUUI,RELIGRAST 300MG,15*1,0
UYTGU,RELUB DS GEL,1,0
HJFGJW,REMO MV 1000,1*10,0
UYWE7,REMOZEN 100MG,1*15,0
ANIWGY,REMYLIN AX,1*10,0
RENHOC,RENHOCH TAB,10'S,0
DGHIOU,RETINO A 0.01% MICRO,15GM,0
IYHERO,RETINO A 0.04% MICRO,15GM,0
QGI1HO,RICONIA LP TAB,15*S,0
ROD,RIOMET OD 1000MG TABS,15'S,0
R732,RIOMET OD 500MG TABS,15`S,0
GWGFU,RONEMOX 500,1*15,0
KTUYT,ROSAVIC LZ TAB,1*0,0
R244,ROTAHALER,1'S,3
SALE,SALETROL F CAPS,1,0
SASJHS,SANITIZER YARDLE,50ML,0
SANSIF,SANITIZER YARDLE 5%,50ML,0
BFHSF,SCARAZE GEL,1*15,0
DBNSBD,SEBAMED BABY BUBBLE BATH,1,0
SENDMN,SEBAMED BODY MILK,1,0
MULTS1,SELSUN SHAMPOO SMALL,1*60ML,0
GERUI,SENOINE 100GM,100GM,0
FWUIEG,SENOLIN ORTHO 18%,1,0
FGIGR,SENOLINE SF,50GM,0
SESOF,SENSODYNE DEEP CLEAN,40GM,0
"SEMNJ,",SENSODYNE DEEP CLEEN BRUH 1,,0
SEBNGH,SENSODYNE HERBAL PASTE,70GM,0
G5GRIE,SEROBID R/C,30S,0
RERTTU,SESDERNA RETIAGE,30ML,0
S868,SHELCAL OS 500MG CAPS,15'S,0
SIMILA,SIMILAC MT 400GM,400GM,0
S466,SIZON FORTE TABS,10`S,0
SLOANM,SLOAN'S SPRAY 50GM,50GM,0
BBVJG,SOFIBAR 75GM,1*75GM,0
SIOFER,SOFTSWABS,1,0
HDHUI,SPARACID DS SYP,100ML,0
FUE,SPARACID O SYP,200ML,0
SPEHRE,SPECIAL BANDAGE 10CM,10CM,0
YERI,SPEEDRAL CAPS,1*10S,0
STACEG,STACEGEN LOTION 100ML,100L,0
STACHI,STACHI CAPS,10'S,10
EIWG,STAPHONEX 500MG,1*4,0
ARST,STARPREESS 3D 25/12.5MG,10,50
9GRHO,STERNON G GEL,25GM,0
STETHO,STETHOSCOPE LITTMANN,,0
STT1,STETHSCOPE DIAMOND,1,0
STRE,STREILE COMBINE DRESSING,20*10,0
JHSG,STRESNIL TAB,1*10,32
SDRE,STRESWIN TAB,10'S,20
SDFKFB,STRETCH RID 50GM CREAM,1*1,0
SUFFHS,SUGAR FREE BISCUTS,1,0
SUGP,SUGAR FREE GOL 100,1*100'S,7
SS25,SUGAR FREE GOLD 50'S,1*50'S,0
S685,SUGAR FREE TABS,300'S,2
SUMENY,SUMENTA TAB,30'S,0
SURTHJ,SURGICAL GLOVES 6,6G,0
SURYRW,SURGICAL GLOVES 6.5,6.5,0
KJDFJF,SURGICAL GLOVES 7.5,7.5,10
STCHW,SWICH DROPS,10ML,0
FFHLHL,TABFINE 500MG TAB,1*7,0
GEFWGY,TALIMUS LS OINT,5GM,0
TED,TEDIBAR GENTEL BODY WASH,1,1
TEGAFL,TEGADERM 10CM*12CM,1,0
TEL6.2,TELISTA CH40/6.25MG TABS,10'S,0
DKDFKU,TENLIPLUS M 1000MG,1*10,0
IR7I6E,TENLIPLUS M 500 TAB,1*10,0
KIPIKL,TERBEST CREAM 30GM,30GM,0
BHGYWU,TESTO DEPO AMP,1*1ML,0
HGHTJR,TET-GLOB 500IU INJ,1*1,0
WFYFDE,THIOTAB 8,1*10,0
THIOBN,THIOTRES 500MG TAB,10'S,0
UJGTQW,THIOTRUST 8,10,0
MMPL12,TINYCARE BABY CAP,1'S,0
BHIGWD,TISSOT TAB,1*10,0
TOF,TOFATINIB TAB,10'S,30
GHIUWE,TOLVAT 15MG,1*4,0
IYTYRF,TORIB 90MG,10,0
HOH,TOUJEO CATRIDGE,3*1.5,0
TRN,TRAVATAN EYE DROPS,2.5ML,1
FLGGGG,TRESEMME,1,0
TRY,TRFY XL CREAM,1,1
UIOCUG,TRIPON SOAP,75GM,0
TRIS,TRISOPT EYE DROPS,5ML,1
T-SART,TSART 80MG TAB,15;S,0
WHGD,TUDOVIT TAB,15*S,0
UDHFJH,UDFORD 300MG TAB,1*10,0
UNIBIC,UNIBIC BISCUITS ALL,1,0
WGFG,UNICET TAB,1*10,0
URIA,URIALFA D8 TAB,10'S,0
UROBNS,URO CATHER,1*1,0
HGUDF,VANDIVAL ER 250MG,1*10,0
QWGW,VANDIVAL ER 500MG,1*10,0
D65E,VATOCIN AMPS,5*1ML,0
VENMJH,VENUS BREEZE RAZOR,1,0
BEHJH,VENUS CART,1,0
GFYH,VIAGRA 100MG,1*2,0
AYSTG,VIBITE M500 TAB,1*15,0
V130,VICKS,1*1300,0
VICSDF,VICKS 2IN1 INHALLER,1,0
V114,VICKS 3IN1 LOZENGES,1*110,0
VISHDJ,VICKS BABY RUB 50ML,50ML,0
BABY,X VICKS BABY VAPORUB 25ML,25ML,0
VICKSD,VICKS COUGHDROPS GINGER,20'S,0
FSFSGS,VICKS VAPORUB XTRA STRONG 10ML,,0
SKASDJ,VICKS VAPORUB XTRA STRONG 25ML,,0
OIYHFO,VILDANEX M SR TAB,10*S,0
BHBFG,VINAMIC TAB,1*10,0
EGUQJ,VINLON 1MG INJ,1*1,0
VIDUAD,VISSCO COCYX PILLOW,1,0
ISDIAD,VISSCO COMMODE STOOL,1,0
FSJFSF,VISSCO HERNIA BELT,1,0
VFIHFA,VISSCO PLATSTOCK KNEE,1,0
UADADA,VISSCO SPINAL BRACE,1,0
V23ISC,VISSCO UNIVERSAL COCK UP,1,0
FFUH,VOGLITOR MF FORTE 0.2 TAB 1*10,,0
5TUKR,VOLIX R 0.2/0.5MG,1*10,0
VYIILO,VYSOV-XR 100MG TAB,1*15,0
WATERL,WAFER STORY BISCUITS,1*1,0
DJFBGG,WAXONIL KID EAR DROPS,1*1,0
JHDFKJ,WESZOLE CREAM 30GM,1*30GM,0
W,WINTIN PLUS TAB,10;S,0
GWQDGF,WISH M TAB,1*10,0
IUIFW3,XYMOHEAL TAB,1*10,0
DJQU,YOGARAAJAGULGULU VADIKA,1*10,0
Z&D,Z&D SYP,1,0
Z169,ZANDU BALM 50ML,50ML,0
U23789,ZAVA OD 100,10*1,0
ZEN,ZEN 100MG TAB,10,0
ITUIIO,ZINCOLD TAB,15,0
"CFK,GV",ZINOLD JR TAB,1*16,0
G4G2YH,ZITHIUM XL 100MG,30ML,0
GISG,ZOCON POWDER,100GM,0
JBJSFW,ZOLANXIT TAB,1*10,0
BHJW,ZOLTEE TAB,1*10,0
FMSLRV,ZYCOLCHIN TAB,10,0
ZYNOM,ZYNOMOX CV 625 TAB,6'S,90
ZZZDFF,ZZZQUIL GEMS ALL,1,0
BJJHFJ,WATER BOTTLES,1*1,0
AB,PAN AB PANTS LARGE,8'S,0
ABO11,ABOCAL 500MG TABS,15'S,0
AC1E1,ACCELOWOC SR200 TABS,10'S,0
ACC1,ACCU CHEK SOFTCLIX,1,0
ACE16,ACELOFLAM MR TBAS,10'S,0
ACEL1,ACELONG MR TABS,10'S,0
AC40,ACEMO MR TABS,10'S,0
AC12,ACEMO P TABS,10'S,0
ACB,ACID BORIC,1X50GM,0
ACID,ACID BORIC 100GMS,100GMS,0
AB01,ACID BORIC POWDER,10GM,0
ANC1,ACNO CREAM,15GM,0
ADXFGF,ACTIVISION TAB,1*10,0
SDG,ADGRIL TAB,10S,60
ADH10,ADHESIVE PLASTER 10CMX5ME 1X10CM,,0
AD2,ADHESIVE TAPE,2.5X5M,0
ADS5,ADHESIVE TAPE 5CMX5MT,1X5CM,0
AD250,ADIVAL ER250MG TABS,10'S,0
ADL9,ADULT DIAPERS LARGE,10'S,0
ADM9,ADULT DIAPERS MEDIUM,10'S,0
AD011,ADVICEF 500MG TABS,10'S,0
AIOTYG,AIR BED,,0
HDD,ALKASOL SYP,1*100ML,0
ALLY,ALLAY OIL,30ML,5
ALGM,ALLEGRA DUO NASAL SPRAY,1,0
AL441,ALOEVERA JUICE,200ML,0
ALZ.25,ALZOLAM 0.25MG TABS,10'S,0
AMRI21,AMRITA BINDU SYRUP,120ML,0
AM2,AMX 250MG CAPS,1X10S,0
ANL1,ANKLE WRAP,,0
A1M4,ARAM POUCH,1,0
ARSH22,ARSHKALP CAPS,6'S,0
AST21,ASTHA DX CAPS,30'S,0
JKFBGF,AVERCAL K27 CAP,1*10,0
SEHBFG,AWS 100 INJ,1*1,0
AXV11,AXIVIT TABS,10'S,0
BAYB,BABYBATH,1,0
BAB.,BABYBATH TTT 100,1,0
B.NA,BABYBATH TTT 200,1,0
BNASFB,BALL SET,,0
BAN1,BANDAGE 5CM,10'S,0
BJHJKJ,BD 10ML SYRINGE,1,0
BDJKJK,BD 2ML SYRINGE,1,0
BGGFHH,BD 5ML SYRINGE,11,0
NJHDJH,BD ALCHOL SWABS,1,0
JKFJKJ,BD LULI CREAM 30GM,1*30G,0
1254,BELAMYL INJECTION,1,0
BEND,BENADRYL SYP 150ML,1*150ML,63
BE2N,BENCHLO T TABS,10'S,0
"BESI.,",BESIVANCE 0.6% DROPS,5ML,0
BJHHBK,BETT INJ,1*1,0
489,BIO SKIN SOAP,75G,0
BIOH6,BIOHOOF POWDER 1KG,200,0
BIPS,BIPAS MASK,1,0
BIOHLS,BISLERI WATER 250ML,1*1,0
BIONND,BONMAX PTH CARTIDGE 3ML,1*3ML,0
BONT3,BONTON CAPS,200GM,0
BJKUHK,BP METER(HARSONS),1,0
BR11,BRAHMIVITA GRANULS,200GM,0
BRILAN,BRILANTE INTENSE 50ML,1*50ML,0
BROC2,BRO CUFDEX PLUS SYRUP,100ML,0
CARC,C0RD CLAMP,1'S,0
CAL21,CALCIDEX TABS,10'S,0
CLJBJB,CALCILIN M TAB,1*10,0
CALC3,CALCIPHOS 10KG,1,0
CML1,CAMLODIP 5MG TABS,10'S,0
CAM11,CAMODE CHAIR,1,0
C704,CAREFREE REGULAR,10 BELTS,0
NFFFFF,CARGIFER FORTE TAB,1*10,0
ASJHDF,CARTIMIGHT TAB,1*10,0
CHGHJK,CDSTAT A 20MG TAB,1*10,0
CDSTAT,CDSTAT-20 TAB,10,0
CP19,CEPODEM XP325 TABS,10'S,0
C1636,CETE PLUS TABS,10'S,0
CEJKCC,CEZEL POWDER,1*100GM,0
CHE,CHERICOF LS,1,0
CHGA,CHLORHEXIDINE GAZU DRESS,1X10CM,0
C887,CHYMORAL AP TABS,10'S,120
CIMSB,CIMS BOOK,1,0
CPK1,CIPROK D EYE DROPS,10ML,0
CJOHON,CISSVIE TAB,1*10,0
DCJBFB,CLEAR SYP 100ML,1*30ML,0
CLXN,CLEXANE 20MG AMP,1*1,0
CKL2,CLINDATEC 600MG INJ,3ML,0
CL10,CLOBELT GM CREAM,15GM,0
C564,CLONOTRIL 0.5MG TABS,15'S,30
12212,CLONOTRIL PLUS TABS,1X15'S,45
CAP15,CLOPIVAS AP 150MG TABS,15'S,0
COL11,COLD CAP CAPS,10'S,0
CO13,COLDFREE PLUS CAPS,10'S,0
COLB,COLORSAFE SOFT BLACK,1,0
JHQEGR,COMFIT MASKS,1*25,0
COMLB,COMPLAN KESARBADAM,200G,0
COPL,COMPLAN KESARBADAM,500GM,0
CM11,COMPLAN MEMORY,400GM,0
CN21,CONPRIDE M2 TABS,10'S,40
CRLM,CORALIUM D3 SYP 100ML,1*100ML,2
CIOFIO,CORNIRITE TAB,1*10,0
DNNGNG,CORTENT 30GM CREAM,1*30GM,0
COT11,COT SPLINT,1,0
CQGBAD,CQFIX TAB,1*10,0
SDCMVB,CRAPE BANDAGE,1*1,0
GVUYW,CREDICAL TOTAL,1*10,0
CUT1,CUTICELL CLASSIC,10X10CM,30
XCJKVB,CUTICOLOR BLACK,1*1,0
CWN,CWIN CREAM 30GM,1*30GM,0
D1010,D1000CAL TABS,10;S,0
DN44,DANO OIL,100ML,0
HNFNGG,DARBINEF 40 INJ,1*1,0
DELJBF,DENSITA SHAMPOO,1*1,0
DEFBBD,DENVER SPRAY,1*1,0
DP25,DEPNOC 25 TABS,10'S,0
DEPF1,DEPRAN FORTE TABS,1*15,75
GDFHH,DERBIDACE OINT,1*15GM,4
FDGKFH,DERMEC MASSAGE OIL,1*1,0
DETOL,DETTOL HAND WASH 99/-49/- 250ML,,0
D188,DETTOL LIQUIDS 550ML,550ML,0
VFDTOL,DETTOL LOTIONS 60.50,125ML,0
KFJBKJ,DEWSKA CREAM 100GM,1*100G,0
SGFKFG,DEWSKA SOAP 100GM,1*100GM,0
JISAGF,DIAVILD 50MG TAB,1*15,0
DICL1,DICLOTAS AMPULES,3ML,0
FKJGJK,DIGITAL,1,0
DIGIHT,DIGITAL,,0
CJKJKC,DIGIVIN 200ML SYP,1*200ML,0
DGI1,DIGIVIN SYRUP,200ML,0
DHKHKF,DILNIP 5MG TAB,1*10,0
DI24,DISPOVAN NEEDIL 24,1X100,1010
141,DISPOVAN NEEDLE 23,,897
"DOGM,",DOG MEST SHAMPOO,170ML,0
DO222,DOG MEST SOAP,75GM,0
DOG1,DOG VACCINES KIT,1,0
0DOL3,DOLOMAC 500MG TABS,10'S,0
DL33,DOLOWHITE LOTION,100ML,0
DLO1,DOLOWHITE ROLL ON,50ML,0
DN14,DONICA CAPS,10'S,0
DR10,DORA 10ML,10ML,516
DKJFBF,DOXIFIC 100MG INJ,1*1,0
DKJLGH,DOXNAMED LB TAB,1*10,0
GFBFBB,DOXYSYM INJ,1*1,0
SJKDJK,DR HOME VAPORIZER,,0
DRTN,DROTIN DS 100ML SYRUP,1*60ML,0
DROX,DROXYL CLAV 500 TABS,10'S,0
DFIUDF,DRY 4 SURE LOTION,1*50ML,0
ES,1 EASY FIT DIAPERS (L)10'S,10S,0
ES112,EASY FIT DIAPERS(M) 10S,10'S,0
EASY11,EASY FIT DIAPERS(XL) 10S,1*10,0
ESF,EASY FIT PANTS (L)10S,1,0
ESF,T EASY FIT PANTS(M)10S,1,0
EASGFA,EASYFIT PANTS(XL)10S,1*10,0
WEBSDB,EBAST 20MG TAB,1*10,40
ELB10,ELBOW TENNIS,1,3
ELE100,ELECTROL C POWDER,100KG,0
BPO,ELKO METER BP,1,0
EMF,EMOFORM F 100G,1X100GM,0
ENBE,ENBEE DIGI BP,1'S,0
ENO,ENBEE OVAL THERMOMTER,1,0
ENRJHE,ENRET LP TAB,1*10,0
ENSU,ENSULIDE TAB,10S,0
EPSOM,EPSOM SALT,20GM,0
ERE22,EREX ROYAL CAPS,10'S,0
DKJFGB,EVAPRAM CZ TAB,1*10,0
EVAS1,EVASCAB SHAMPOO,200ML,0
FJBFBF,FACCIA FACE WASH,1*100ML,0
DFJHFH,FACCIA S FACE WASH,1*1,0
GHGHUJ,FACE MASK (COMFIT),,0
SDSNDF,FACE MASK(DISPOGUARD),1*1,0
FWHFHF,FAROCRIT 200MG TAB,1*10,0
FBBC,FEEDING BOT BABY CAR,250ML,0
FBBC12,FEEDING BOT BABY CARE,125ML,0
FBMC,FEEDING BOT M/C 250,250ML,0
FBPRI,FEEDING BOT PRIMUS25,250ML,0
FEEDIN,FEEDING BOTTLE (FLORITE),,0
FFFEE,FEEDING,125ML,0
BABY,FEEDING SILICONE,1X250ML,0
FEMR1,FENLONG MR LINMENT,30ML,6
FEN32,FENLONG MR TABS,10'S,0
FEN1,FENWIN PLUS TABS,10'S,0
F414,FINPECIA TABS,15'S,0
1OXT,FIRST AID BOX,1'S,0
1B012,FIRST AID BOX,,0
FIRSTJ,FIRST AID BOX,,0
FL16,FLUCINA TABS,1'S,0
FL6,FLUDEP 60MG TAB,1X10S,0
RHF,FOLIS CATHER,1,0
FLHLFH,FOMIRA EYE DROPS 10ML,1*10ML,0
FOR16,FOREARM BRACE RIGHT,1,0
F2R11,FORKEM 500MG TABS,6'S,0
FORM2,FORMONIDE 200 RESIPCAPS,30'S,1
FORT9,FORTUNER SG CAPS,10'S,0
FGKGKG,FRIENDS OVERNIGHT DIAPERS 1*1,,0
FCBT,FUCIBET CREAM 15GMS,15GM,3
FUT,FUNTIME CONDAMS,10S,0
HIEHFG,FYCOMPA 2MG TAB,1*14,0
GAC,GARNIER( COLORNATURALS),1X100ML,0
GGGHGE,GEN D3 60K CAP,1*8,0
GENT,GENTALAB EYE DROPS,5ML,0
DJFEFE,GLIMIJOY M1 TAB,1*15,0
RE,KGJ GLIMIJOY M2 TAB,1*15,0
GLIM3,GLIMTAB M1 TABS,10'S,0
GLIMT,GLIMTAB M2 TABS,10'S,0
GLO1,GLUCOVITA ORANGE,1X100GM,0
GLY14,GLYFER SYRUP,200ML,0
GODREJ,GODREJ SCISSORS,,0
GKL6+3,GOODKNIGHT LIQUID 60+30,1,0
GREEB1,GREEN BALM BALM,9GM,0
GREE2,GREENPRO POWDER,200GM,0
CJKDFB,GRISOCAM 500MG TAB,1*10,0
KBJBBF,GROVIVA 200GM POWDER,1*200GM,0
GROVIV,GROVIVA CHOCOLATE 400GM,1*400GM,0
FSJS,GROVIVA VANILLA 400GM,1*400GM,0
GRW11,GROWKID DROPS,15ML,0
DJFJHH,HAIRNEO TAB,1*10,0
HA14,HAND STIK,1,0
1123,HAPPYNERVE INJ,,0
KJGHFG,HAYGABA NT TAB,1*10,0
GHHFLH,HAYSHINE 60K TAB,1*4,0
JGJHGJ,HAYSHINE P DROPS 30ML,1*30ML,0
HITCIK,HIT CIK,250ML,0
HITFIK,HIT FIK,250ML,0
BFBSBN,HONEY NIPPLE (FLORITE),1,0
H098,HORLICKS CHOCO REFI,500GM,0
HOT8,HOT WATER BAG,1*1,3
FLHHFH,HYDROFIL 100ML LOTION,1*100ML,0
H279,HYPONIDD TABS,30'S,0
HYS11,HYSTALIN SYRUP,100ML,0
HYZIL,HYZIL 10MG,1*10,0
IB44,IBOSE 0.2 TABS,10'S,0
INNCNV,ICE BAG,,0
ICIN1,ICIN-ACE TABS,,0
UHBGJB,ICVE CAPS,,0
IDE8,IDEAI CREPE BANDAGE,1XSCM,0
IDC,IDEAL CREPE BANDAGE,1X10CM,0
IDC1,IDEAL CREPE BANDAGE 10CM,1X10CM,0
IDCB,IDEAL CREPE BANDAGE 8CM,1X8CM,0
IFNHFF,INFRARED THERMOMETER,,0
F7RH,INJEK 1MG INJ,5*0.5ML,0
INS,INSUPRIDE M3 TAB,15S,45
DAKJFB,INVIT D3 CAP,1*4,0
JKLFGJ,IROVIT Z CAP,1*10,0
IV2,IV CANNULA,22G,286
I1,IV CANNULA,20G,97
IV2,IV CANNULA,22G,100
IV,IV CANNULA,18G,0
IV3,IV CANNULA,24G,0
JATFOH,JATFINE 500MG TAB,1*7,0
JHHKLM,JUVIANA PLUS TAB,1*10,20
KRER1,KARELA JAMUN,500ML,0
KENADI,KENADION 10MG AMP,1*1,0
DKJFHF,KENADION 1MG AMP,1*1,0
DKFHFH,KETOPZ CREAM 20GM,,0
KHFGFG,KETSAN SOAP,1*75GM,0
EKGDBC,KEYDAY POWDER,1*1,0
KIDN95,KIDS N95 MASK,1,0
KUM1,KUMKUMA,,0
9658,LA-MATISSE SERUM 90ML,1,0
L1T2,LACTOHIL POWDER,250GM,0
LAF,LAF SANDAL GOLD,1'S,0
LFBJFF,LATEX GLOVES ALL,1*1,0
LAVN1,LAVANA TAILAM,100ML,0
LXM1,LAXIUM SYRUP,100ML,0
JFGJKK,LAYS TOMOTO 12%,1*1,0
LEA,LEOZINE-AM TAB,10X10S,0
DKJFBV,LEWINCEE PLUS TAB,1*15,0
LIOFUH,LIFEKAST LC TAB,1*10,0
KLJFDF,LILITUFF 50GM CREAM,1*50GM,0
L444,LIPICURE 10MG TABS,1*20,0
LPP2,LIPIZ 10MG TABS,10'S,0
LIQU,LIQ PARAFFIN,200ML,0
LIQPA,LIQUID PARAFFIN,400ML,0
LISTER,LISTERINE COOLMINT 80ML,1*80ML,0
LISTE,LISTERINE ORIGINAL 80ML,1*80ML,0
HSGRHW,LISTERNE CAVITY FIGHTER,1*80ML,0
LIVV9,LIVESAC POWDER 5KG,1,0
L090,LIVOGEN Z TABS,15'S,360
LIV9,LIVTRIN AM TABS,10'S,0
LNZ1,LNZ 600MG TABS,10'S,0
JKLDFH,LOLVAN SR 40MG TAB,1*10,0
LOG11,LORGEM P TABS,10'S,0
KLAHHF,LXGRAV G IV,1*100ML,0
LYC1,LYCOTONE SYRUP,200ML,0
LZNI,LZHH CREAM 20GM,1*20GM,0
NIGV,MAC CAL-C TAB,1*10,0
MAC150,MACOX ZH 150,6'S,0
MMARDA,MADHU MARDAN,150GM,0
MAPT,MAMA PROTINEX POWDER,1X200GM,0
MAN11,MANCOUGH-D SYRUP,100ML,0
MANM,MANMOHAN JADUMALAM,1X11GM,0
COPO,MASK NOOSE,1,50
MAS1,MASTOCET 5MG TABS,10'S,0
LFHHHG,MATCE G1 TAB,1*10,0
MCR14,MCR CHEPALES,,0
MDPE1,MD PAINT,"7G,M",0
MDC1,MEDICAINE SYRUP,200ML,6
MEDD1,MEDICISER SPIROMETER,1'S,0
GFKGKF,MEROSURE SB 1.5GM INJ,1*1,0
FBKGFG,MESBRO AMP,1*1,0
EKJBGA,METAGOLD TAB,1*10,0
MT1,METLONG DS 1000MG TABS,10'S,0
MITE,MICRO TONE,1,0
MIONBF,MINDRUFF LOTION 100ML,1*1,0
MIN1K,MINOKOP L TABS,10'S,0
DDBFKH,MIRADEX 50MG TAB,1*10,0
MIRL,MIRAKUL OIL,30ML,0
MRL2,MIRAKUL OIL,100ML,0
.MIS,MIS COLD CREAM,1'S,0
MISP,MISTDRESS SPRAY,1X75G,0
FKHLLF,MONTRICH LC SYP 60ML,1*60ML,0
MO12,MORTEIN KILLAR 225ML,225ML,0
MORR,MORTEIN RAT KILL KAKE,,0
MOVL1,MOVEL DT TABAS,10'S,0
MUCOFY,MUCOUS SUCCER ALL,1*1,0
MYS1,MYFAIR SOAP,75GM,0
MYOSP,MYOSPAZ FORTE TAB,1*10,20
NAN,NAN PRO 4 REFIL,1*400GM,0
JHDIO,NAPRA-D 500MG TAB,1*10,0
NBCD,NEBICARD LN 5 TAB,10,0
NEZL,NEBULIZER (TRUCHEK),1'S,0
NENU1,NEBULIZER MASK CHILD,1,3
JBDFKJ,NEBULIZER MEDTECH,1*1,5
NDBHFB,NEBULIZER OPTIMA,1*1,0
"M,DSFJ",NEBZAMART G RESPULES,2ML,0
NECS9,NECSOLE POWDER,10GM,0
NEELI2,NEELIBRINGADHI TAIL,100ML,0
HYFGYS,NEOMOL INJ,5*2ML,0
NEU,RE NEUROREX FORTE CAPS,10,0
N1G1,NEUROWEL OD CAPS,15'S,0
DFHBKB,NIKKO 60K TAB,1*1,0
GHGHGG,NIPPLE SHIELD(FLORITE),,0
NIVEAC,NIVEA CREAM,,0
NOS21,NO-SCARS CREAM,20GM,0
NN1,NONI SYRUP,400ML,0
N294,NORFLOX TZ TABS,10'S,36
NOVX,NOVEX DS TABS,15'S,0
NOV31,NOVIBEX L SYRUP],200ML,0
NBFBFF,NRBM MASK,1*1,0
HUHUJ,NUREWIRE TAB,1*10,20
NUT11,NUTRIGAIN POWDER,500 GM,0
NU11,NUTRIGAIN TABS,60'S,0
NUZEN,NUZEN GOLD,250ML,0
NUZ1,NUZEN SHAMPOO,100ML,0
NUZE,NUZEN SHAMPOO,200ML,0
JFJLHK,OCERIN GM TAB,1*10,0
KHGBDK,OMELIN D CAP,1*10,0
ONCFGF,ONCAL PLUS STRIPS,1*1,0
ONCH,ONETOUCH SELECT SIMPLE,1,0
ONET,ONETOUCH ULTRA 50S,1'S,0
ONG11,ONEUSE 2ML,1'S,0
ON010,ONEUSE 3ML,3ML,0
ONN11,ONEUSE EXGLOVES,100'S,0
ONINFV,ONON SOAP 75GM,1*75GM,0
ONOJNS,ONON SOAP 75GM,1*75GM,0
OPP1,OPRA 20MG CAPS,10'S,0
OPT11,OPTYFIX PLASTER,1'S,0
GLYCE,ORAL GLYCEROL ORAL BIG,400ML,0
FKLGGG,ORECON 400MG TAB,1*1,0
PKT1,PAKNET BAR,100GM,0
SKJBFN,PANCHA TULASI DROPS,,0
PNC,PANCHARISTA,450ML,0
PAMN,PANTOCID IV,1*1,0
PAKMAS,PANTOGEN DSR CAP,1*10,0
PA/DSR,PANTUP DSR CAPS,10'S,0
PW23,PANWOG D TABS,10'S,0
JKJKJN,PAPER PLASTER 2 INTCH,1,0
PAJ,PAURUSH JIWAN,1X10S,0
P287,PEDIALYTE 90 SYRUP,200ML,0
FUHG,PENIDURE LA 6 AMP,1*5,0
DYIKGJ,PERFECXA WEIGHING SCALE,1,0
PIOS,PILOGRO PLUS SOLUTION 5%,1X60ML,0
FJKWEI,POWERCORT-S 3% OINT,1*30ML,0
PPPJJH,PPE KIT,1*1,0
PRBP,PROFIX B P APPRATER,1,0
FKJGNG,PROLEY DSR CAP,1*10,0
PRCP1,PROMOLACT CAPS,10'S,0
PR26,PROMOLACT POWDR,200GM,0
PRII1,PRONIDA GOLD POWDER,"200G,",0
PROT1,PROTIMAX POWDER,200GM,0
PROTFF,PROTINEX CHOCOLATE 400GM,1*400GM,0
PV4,PROTINEX VANILLA TIN,1*400GM,0
HJLHLH,PULPY ORANGE,1*1,0
PUT3,PUTTUR THAILAM 30ML,1X30ML,0
FJKSDF,QTEN TAB,1*10,0
HASHSD,QUBETAN CAP,1*10,0
RABID1,RABIDEX DSR CAPS,10'S,0
RECF9,RECOFAST TABS,10'S,0
FHFGGH,REJUVANCE CAP3,1*10,0
RL43,RELISH SACHAT,30'S,0
RE43,RELISH TABS,100'S,0
RESC1,RESCLEA-S DROPS,15ML,0
RC10,RESUSCITATOR(PLASTIC),,0
RV2011,REVITAL WOMAN CAPS,30'S,0
REBIKJ,REVOLADE 50MG TAB,1*7,0
GQH,RINOSEC SYP,1*60ML,0
RISAT1,RISARTAN 40MG TABS,10'S,0
FUTFU,ROSIFIT TRIO TAB,1*14,0
UKLGKG,ROSMADE CV 10MG TAB,1*10,0
RY1L,ROYAL HONEY FOR HEM,1'S,0
RY2L,ROYAL HONEY FOR HIM,1,0
TI3RGI,ROZAGOLD 20 CAP,1*10,70
RAHFHF,RZOLER DSR CAP,1*10,0
C1002\,S R COLD CAPS,10'S,0
LFHHLF,S SHILED ANO GEL 30GM,1*30GM,0
SAFONN,SAFFRON,1/2GM,0
S755,SALMUCOLITE SYRUP,60ML,0
SAMH,SAMHEP 100IU AMP,1,0
SAMR1,SAMVRIDHI HAIR OIL,125ML,0
JKHDFK,SANCITA PLUS TAB,1*10,0
HJKLHD,SANDON PLUS TAB,1*10,0
SANITI,SANITIZER SUNSHINE,100ML,0
SZA,SCISSORS,1,0
SUR1,SCRIBING PAD,1,0
SLEEIN,SEEPING BED,1'S,0
FHLLHL,SELNEX SOAP 75GM,1*75GM,0
SHUD1,SHUDHA GUGGUL CAPS,60'S,0
SIDD3,SIDDA MAKARDHWAJA,1,0
SNIPPM,SILICONE NIPPLE(FLORITE),1'S,0
SILJDN,SILKEE CREAM 60GM,1*60GM,0
SDUSJK,SILUTS D8 CAP,1*10,0
SM11,SIMCOBOL SYRUP,200ML,0
SLFDL,SLEEPING BED,1,0
HIWDG,SOCRIL CAP,1*10,30
ATEEE,SOFRACIN SKIN CREAM,1,0
SOFCBD,SOFY PANTS,,0
SOY20,SOYABIN,20KGS,0
S768,SPARACID SYRUP,100ML,1
SPR5,SPECTRATIL 50MG SYRUP,50ML,0
SREDDR,SRTERIPAD 14CM,,0
STTFGD,STATGEN 10MG TAB,1*10,0
STRETJ,STERILLIUM 5LTR,5LTR,0
STERDD,STERIPAD 10CM,,0
STYEGV,STERIPAD 15CM,,0
STYETT,STERIPAD 20CM,,0
STYERH,STERIPAD 7CM,,0
ST1,STICKS 1LEG,,0
ST3,STICKS 3LEG,,0
CV12,STOCKINGS,1,0
STRE1,STREAX INSTA CREAM,10GM,0
STU11,STULE 7/8 SIZE,,0
14125,SUGANDHI 8142851595,1,0
SDKUHU,SUMCEE TAB,1*15,0
SUNZL,SUNPLEX ZL SYP,200ML,0
SDKJBD,SURGICAL HEAD CAPS,1*100,0
SUL,SUTHOL LOTION,1X100ML,0
SWAS,SWASTIK OATS,1KG,0
SWASK,SWASTIK OATS,500GM,0
T.T,T TOXIDE VIAL,5ML,0
TKK1,TACOF D SYRUP,100ML,0
TAM6,TACOF P SYRUP,100ML,0
TJHHGG,TANSPRO DSR CAP,1*10,0
TKLSHF,TARASCALP SHAMPOP 100ML,1*100ML,0
EKJHHG,TEDDY NEW BORN DIAPERS,1*1,0
TELFFF,TELEDOC H TAB,1*10,0
VLHLHV,TELMIGEN H TAB,1*10,0
TEKJBR,TENEBITE M 20/1000MG TAB,1*15,0
TEJHEH,TENEGEN M 500MG TAB,1*10,0
TER,TERIFRAC PEN,1,0
THE13,THERASIL CHOCOLATES,,0
THUM1,THUMB SPICA SPLINT,1,0
TICL11,TICKNIL PET SOAP,75GM,0
TIO32,TIOMIST ROTACAPS,15'S,0
TZP1,TN PLUS TABS,10'S,0
TOPRLJ,TOLENORM OIL,,0
JHFJKH,TOLENORM OINT,,0
GUCFGE,TOLKEM D TAB,1*10,0
TRO1,TOR Q TABS,10'S,0
TOUR6,TOURE FOOTCARE,1,0
TUOR1,TOURE PAIN OINT,15GM,0
DHGSFJ,TRESRICH SHAMPOO 200ML,1*200ML,0
KJFDKK,TRIDOFT SOAP 75GM,1*75GM,0
TR2I2,TRIVISIL QUICK INHALER,9GM,0
TRUCHE,TRUCHEK AIR BED,1,0
TRU11,TRUCHEK BP1304 KIT,1,0
TRUC21,TRUCHEK LARGE DIAPERS,10'S,0
123,TRUCHEK NEBULISER,,0
TRS9,TRUE RESULT STRIPS,100'S,0
GTGBSS,TRUHEK AIRBED,1,0
JFFHFH,TRUSHIELD [G DRESS],1*1,0
TUR11,TURPENTINE OIL,500ML,0
UBF1,UB FAIR CREAM,30GM,0
ULT32,ULTRATAB TABS,10'S,0
U95,UNDERPADS,10'S,0
URIP,URINE POT MALE & FEMALE,1,0
YREHUR,URIREN D TAB,1*10,0
VP10,VAPORISER SMALL,1,0
VAPO.,VAPORISERS BIG,1'S,0
VAS1,VASHSPAS 250MG TABS,10'S,0
DKNVNG,VAXIFLU 3 INJ,1*1,1
VEN111,VENUS SCALING MICINE,1,0
VIC1,VICKY COCK-UP SPLINT,1,0
VM21,VIMINTA FORTE CAPS,10'S,0
VHKVUK,VIROCLEANZ SPRAY,,0
VRT,VIROTRENZ TAB,30S,0
VJBVBV,VISSCO UNIVERSAL WRIST,1*1,0
VITHAB,VITALGEN CAP,1*10,0
V1T1,VITRINAL INJ,100ML,30
VIV14,VIVIAN OINT,30GM,0
VOCP1,VOCIP 500MG TABS,10'S,0
VRR1,VOCOTIN XP TABS,10'S,0
VJBNGG,VOZOLE 3ML EYE DROPS,1*3ML,0
WWL1,WAKERS STIKS,1'S,0
WALK1,WALKER 1 INCH,1,0
WARTRY,WATER BED,,0
DFKGKN,WESZONE CREAM,1*20GM,0
WET11,WETEX LARGE DIPERS,1,0
WT10,WHITE OATS 400GM,1,0
WHIT1,WHITE OATS 800GM,1,0
WM44,WOMEN HORLICKS 200GM,200GM,0
DKJFJH,XEROLIVE SPRAY,1*50ML,0
XJBNFG,XIGDUO XR 10/500MG TAB,1*7,0
FHKFJG,XTER LOTION 15ML,1*15ML,0
FKJGFF,XTER TAB,1*10,0
BNFDNF,XYCARB 500MG TAB,1*10,0
Z203,ZEPTOL CR 400MG TABS,10'S,100
ZKHGCF,ZYMA LOTION,1*100ML,0
ZUIFUH,ZYMA SOAP 75GM,1*75G,0
CALZ9,CALCI CZ CAPS,10'S,0
HFGEHG,CELEVIDA CHOCOLATE 400GM,1,0
CPR11,CPRESSIN P INJ,1ML,0
HFUHH,DUPACT 40MG CAPS,1*10,0
JHGGT,LARINJECT 50MG,1*10ML,0
LYZOL,LYZOL CLENER ALL,500ML,0
UREWJU,MELANO TX TAB,1*10,0
M248,MUCOLITE DROPS,15ML,0
NBRT,NEELI BHRINGA RAJ TAIL,1*200ML,0
JDWQJG,NIOSOL OINT,1*30GM,0
HHFGRJ,PICSPOT GEL 15GM,1*15GM,0
PUL23,PULIPIRI SPL LOTION,9GM,0
ROSW,ROSE WATER 250ML,250'ML,0
S1297,SUGAR FREE TABS,500'S,0
SURGIC,SURGICAL GOWN 3M,1,0
TSCB,TALISHADI CHURNA BAIDYA,1*60GM,0
JHJHGH,TETMOSOL PLUS CREAM,1,0
TRDHAG,TRANSPORE 2 INCH,1,0
TRAHDA,TRANSPORE 2.5 INCH,1,0
DEROFF,VUICKS COUGHDROPS GINGER,20'S,0
ZIF61,ZIF-X 200MG TABS,10'S,0
SKFHSK,DIGITAL THERMOMETER 9MM,1,0
SDGHKH,DIGITAL WEIGHING SCALE,1*1,0
HH,HHMITE XL CREAM 60GM,1,1
JFFHTY,BRIMOPRESS T EYE DROPS,1*1,0
CALS9,CALCI SG CAPS,10'S,0
HGYG,CEPODEM XP 100 DS SYP,1*100ML,0
CIM,CIMCAL CT CAP,10 S,0
DP44,DEPNOC 50 TABS,10'S,0
635,EUTHYROX 25MG,1*1,0
965,EUTHYROX 50MG,1*1,0
EADSHC,EZYGLIP M 500MG TAB,1*10,0
FERP,FERPAS TAB,10;S,30
GRIOSH,GRISURE 500MG TAB,1*10,0
YDYTU,TRICHOSPIRE-M,KIT,0
HFUYT,TRICHOTON HAIR OIL,1*1,0
FFASFS,VICKS VAPORUB 110ML,110ML,0
HFRHUG,REJULIUM-FORTE INJ,1*2ML,0
S321,SECNIL FORTE TABS,2'S,0
LSDJLF,SUGAFLO M TAB,1*15,0
ALFHLH,ABVIDA M50/500MG TAB,1*15,0
ACT05,ACITROM 0.5MG TABS,10'S,0
A313,ACITROM 2MG TABS,30`S,130
A217,ACITROM 4MG TABS,30'S,110
ADE11,ADEQUET SR100 TABS,10'S,0
AD11,ADIZA 10MG TABS,10'S,0
JUIWEH,AMOXYCLAV 375 TAB,1*10,0
AMOXY1,AMOXYCLAV 625MG TABS,10'S,72
ANP11,ANAPHASE LOTION,100ML,0
ANA50,ANAPHASE SHAMPOO,50ML,0
ANAS1,ANASTIM CONCENTRE,8'S,0
SDJKJM,ANTOXIPAN TAB,1*15,0
JGKKHH,AQUAVIRON CAP,1*10,0
AFFFS,ARACHITOL 3L INJ,1,0
ARA40,ARACHITOL NANO DROPS,15ML,0
ATUP,ATP-UP TABS,10'S,0
B162,BETONIN SYRUP,210ML,1
JFDSAF,BIODIL P TAB,1*10,0
UJDFKF,BRIVAJOY 50MG TAB,1*14,0
BFJKGB,BRUFEN 200MG TAB,1*15,220
B160,BRUFEN 400MG TABS,15'S,1270
B161,BRUFEN 600MG TABS,15'S,840
DJFHFF,BRUFEN SPRAY,1*40GM,0
DFHGHF,BRUFEN SPRAY 20GM,1*20GM,0
BRU1,BRUFIT OD TABS,10'S,0
BR44,BRUGEL ACTIFAST GEL,25GM,2
SDFHFB,CALARIBID 250 SYP 30ML,1*30ML,0
CAL5,CALRIBID 500,10'S,0
CENT,CENTRUM ADULT 30'S,30;S,0
CEN,CENTRUM MEN TAB,50;S,0
C177,CLARIBID 500MG TABS,10S,20
KJGUH,CLINDAC AP GEL,1*15,0
GGGYJ,COMBINORM TAB,1*10,0
CRM1D,CREMADIET DUO POWDER,90GM,0
C1578,CREMADIET POWDER,100GM,0
CR13,CREMAFINE PINK,1*450ML,0
DCKLJF,CREMAGEL H CREAM,1*20GM,0
CRM1,CREMAGEL OINT,30GM,1
CREM1,CREMAHEP SYRUP,200ML,0
DFERWE,CREMAPEG KIT,1*200ML,0
F7QWDF,CREMAPEG SYP,200ML,0
CRO,CROTORAX CREAM,1,0
CROT,CROTORAX LOTION,60ML,4
CUR411,CURENEXT CREAM,50GM,0
D3SH11,D3 SHOT 60K TABS,4'S,0
D3SH7,D3 SHOT SACHETS,1GM,0
DABL,DABLEXA 150MG TAB,10*S,0
DFJKHH,DAPLO M 10MG TAB,1*10,0
SDGHFK,DELETUS BX SYP,1*100ML,0
DELEL9,DELETUS LS SYRUP,100ML,0
DEX11,DEXOMET OINT,15GM,0
NHFHD,DEZOFLAV TAB,1*10,0
DIG11,DIGECAINE SYRUP,170ML,0
DGF1,DIGENE FIZZ ORANGE,5MG,0
DPP01,DIGENE PUDINA PEARLS CAPS 10'S,,0
DIG400,DIGENE SYRUP,450ML,4
D134,DIGENE TAB MINT,15'S,1150
GFAJFH,DIRIFA 550MG TAB,1*10,0
DJULAH,DUPHALAC BULK 160ML,1*160ML,1
FDFHGK,DUPHALAC CHEW,1*1,0
D579,DUPHALAC SYRUP,450ML,2
D476,DUPHALAC SYRUP,150ML,4
DUR11,DURAPAIN TABS,10'S,90
ENL11,ENLIVA CAPS,10'S,0
E475,ENSURE CHCO POWDER,400GM,0
ENKJDS,ENSURE CHOC 1KG,1KG,0
EN200,ENSURE CHOCO POWDER,200GM,0
EFHBCB,ENSURE DIABETIC 400GM,1*400GM,2
ASJDFD,ENSURE DIABETIC CHOC,1*200GM,0
IWFGEI,ENSURE DIABETIC CHOC,400GM,0
EKJBFN,ENSURE DIABETIC V 200GM,1*1,0
EKJDNN,ENSURE DIABETIC V POWDER,1*1KG,0
KJDGKG,ENSURE HP(V) 200GM POWDER 1*200,,0
DSFHJH,ENSURE HP(V) 400GM POWDER 1*400,,0
DHFKGK,ENSURE PEPTIDE POWDER,1*400GM,0
EM10,ENSURE VANILA 1000 POWDER 1000GM,,0
E360,ENSURE VANILA POWDER,400GM,2
E2109,ENSURE VANILA POWDER 200G 200GM,,0
ENTERE,ENTEROSHIELD 0.5ML,1,0
E095,EPTOIN 100MG TABS,120'S,3
EP74,EPTOIN 300ER TABS,30'S,1
SDJKHK,EPTOIN INJ,1*1,50
ER195,ERTYCIN 500MG TABS,3'S,0
ERT1,ERTYCIN L TABS,6'S,0
ESGIT,ESGIPYRIN INSTAG OINT,30GM,0
ESP,ESGIPYRIN SP TAB,10,0
MHSJHE,ESLOMET 2.5MG TAB,1*10,0
GVWIEF,EVITOL CAP,10*S,0
FABOL1,FABOLITE POWDER,100GM,0
FACSPF,FACE GUARD SPF 50,30GM,0
FACA2,FACE GUARD SUNSCREEN,30GM,0
JGSRGS,FIASP PENFILS,5*3ML,0
IFJWEU,FIDONAL CREAM,1*30GM,0
FINE1,FINECEF 1GM INJ,10VL,0
F180,FLAGYL 400MG TABS,20'S,1240
FOLS1,FOLLI SERIUM LOTION,60ML,0
GDELAJ,FOLLIHAIR AM/PM TAB,1*20,0
HGGHDG,FORTIUS 10MG TAB,1*10,0
FEEP1,FREE STYLE STRIPS,25'S,0
GANA,GANATON OD CAPS,10'S,0
GANATO,GANATON TAB,10'S,50
GNA,GANATON TOTAL CAPS,10'S,50
G127,GARDENAL 60MG TABS,30'S,0
G301,GLIMER 1MG TABS,10'S,0
GLU1,GLUCERNA SR POWDER,400GM,0
GLU19,GLUCERNA SR POWDER,200GM,0
GLU5,GLUFORMIN 500 TABS,10'S,0
G/I/.5,GLUFORMIN I 0.5 TAB'S,15'S,0
GTNS6,GTN SORBITRATE CR6.4 TABS 30'S,,0
RERF,HANDRUB 500ML,1,0
HEP1,HEPTRAL 400MG TABS,10'S,0
JFKGHK,I TYZA SB 100MG TAB,1*10,0
ISU11,I-KNOW OVULATION STRIP,1'S,0
JFHSHF,I-TYZA SB TAB,1*10,0
INDERJ,INDERAL F10MGTAB,1*10,0
INF9,INFLUVAC TETRA VACCINE,0.5ML,0
I033,ISMO 10MG TABS,15'S,0
I196,ISMO RETARD 40MG TABS,7'S,7
I226,ISOMIL POWDER,400GM,1
IT200,ITYZA 200 CAP,7,0
JUENE,JUENE CREAM,1'S,0
JUN1,JUENE HAIR OIL,100ML,0
KERT1,KERTYOL S SHAMPOO,60ML,0
LE500,LEVILEX 500MG TABS,10'S,0
LE311,LEVILEX SYRUP,100ML,0
KJGKJG,LIMCEE ACTIVE TAB,1*15,0
LMWX,LMWX 60 INJ,1,0
KLDFJL,LOBATE GM NEO LOTION 25ML 1*25ML,,0
LOFAT,LOFATIN CREAM 30GM,1,0
LOT3,LOT 50MG TABS,10'S,0
LYS31,LYSUPRA SYRUP,200ML,0
MAM2,MAMA'S BEST C/F POWDER,400GM,0
MAM21,MAMA'S BEST(V)POWDER,200GM,0
PLUS,C MBCLO PLUS CAPS,10'S,0
MBCLO,MBCLO PLUS INJ,2ML,0
MDD1,MDD XR 50MG TABS,10'S,0
M1D1,MDD XR100 TABS,15'S,0
YHTHY,MEGAMOX CV DUO1000 TABS,"6,S",0
MEG37,MEGAMOX CV375MG TABS,10'S,0
MEGA32,MEGAMOX CV625 TABS,6'S,0
NNFDB,MEGAMOX-CV DRY SYR,1*1,0
MELAG1,MELAGLOW RICH CREAM,20GM,0
JHGE3,MINICHEK ANTI HAIR LOTION 1*100ML,,0
EBFKFJ,MINICHEK F SOLUTION 60MML 1*60ML,,0
KDSGFG,MINICHEK LOTION 60ML,1*60ML,0
MNTHF,MONTI FX TAB,1*10,0
NEPHP,NEPRO HP POWDER,400GM,0
NEPO2,NEPRO LP POWDER,400GM,0
NIPI,NIPPLES MEDIUM SIZE,1'S,0
NU100,NUPOD 100 SYRUP,30ML,0
NU50,NUPOD 50MG SYRUP,30ML,0
NUT13,NUTRIKIT NS CAPS,10'S,0
DSGLKG,OBIMET GX 0.5MG TAB,1*10,0
OBIM,OBIMET GX1 TABS,1*15,75
OBG,OBIMET GX2 TAB,10S,0
OB1,OBIMET SR 1GM TABS,1*15,0
OBI2,OBIMET SR 500MG TAB,15'S,0
OLKEM,OLKEM 40H TABS,15'S,0
O520,OSETRON 4MG TABS,10`S,0
FJHHGG,OZEWID 1% CREAM,1*5G,0
PA111,PANDIFF 40 IV,40MG,0
JIDQWH,PANKREOFLAT HD TAB,1*10,0
PAN11,PANTAGON IT CAPS,6'S,0
PEDA9,PEDIALYTE APPLE DRINK,200ML,0
PEDO9,PEDIALYTE ORANGE DRINK,200ML,0
PJHDJF,PEDIASURE 7 PLUS 400G V,1*200G,0
PEOAAA,PEDIASURE 7 VAN 200GM,200GM,0
FHLHLH,PEDIASURE 7+ CHOC 400GM,1*400G,0
DKJFND,PEDIASURE 7PLUS CHOC 200G 1*200G,,0
PEDA1,PEDIASURE ADVANCE1 POWDER 400GM,,0
PES11,PEDIASURE CHOCO POWDER,200GM,0
GFW,PEDIASURE CHOCO POWDER,1*1000GM,0
PEDIAS,PEDIASURE CHOCO POWDER,400GM,0
PEDS2,PEDIASURE KESAR BADAM,200GM,0
PED1,PEDIASURE V/F POWDER,200GM,0
P581,PEDIASURE VANILA POWDER,400GM,0
P1420,PEDIASURE VANILA POWDER,1000GM,0
JDNFLJ,PEDIASURE ZERO VANILA,1*400G,0
PHEN9,PHENSEDYL LR SYRUP,100ML,0
POLY,X POLYCROL XPRESS RE,170ML,0
PPG14,PPG MET 03 TABS,10'S,0
PR9,PRO-9 ING 500MG,2ML,0
PR92,PRO-9 INJ 250MG,2ML,0
PPR1,PROSURE ORANGE POWDER,400GM,0
P184,PROTHIADEN 25MG TABS,15'S,60
P185,PROTHIADEN 75MG TABS,15'S,30
PROTHI,PROTHIADEN M50 TABS,10'S,0
PRT75,PROTHIADIN M TABS,10'S,0
R21,R2 10MG TABS,10'S,0
R157,RASHFREE OINT,20GM,0
RASHW9,RASHFREE WIPES,80'S,0
RUC,PL REJOINT UC PLUS,10,0
ROCKB1,ROCKBON KIT,31'S,0
DGKBFD,ROCKBON PTH 750MG INJ,1*3ML,0
RDSABC,RZOLE DSR TAB,10'S,640
SAFE,SAFEXIM O TAB,10,0
DSGKKH,SELSUN SHAMPO 30ML,1*30ML,0
S1166,SELSUN SHAMPO BIG,120ML,1
BGFHWE,SIAGLIDE 100MG TAB,1*15,0
BFHJSH,SIAGLIDE D 10MG TAB,1*10,0
JSDKHK,SIAGLIDE M 500MG TAB,1*10,0
DLJFNG,SIMIALC TOTAL COMFORT,1*400G,0
SIML1,SIMILAC 1 POWDER,400GM,0
SIM12,SIMILAC 2 POWDER,400GM,0
SIM3,SIMILAC 3 POWDER,400GM,0
SIMDAJ,SIMILAC 4 POWDER,400GM,0
S974,SIMILAC ADVANCE 1 PWD,400GM,0
S853,SIMILAC ADVANCE 2 POWDER,400GM,0
SISDMI,SIMILAC ADVANCE 4 POWDER,400GM,0
IUEWI9,SIMILAC IQ 3,1,0
SIMIAL,SIMILAC IQ1 POWDER,400GM,0
SIMIQ2,SIMILAC IQ2 POWDER,400GM,0
SIMIN1,SIMILAC NEOSURE POWDER,400GM,0
JLFBJK,SIMILAC PLUS 2 POWDER,1*400GM,0
1111,SIMMOM C/F POWDER,500GM,0
SIMMV2,SIMMOM C/F POWDER,200GM,0
MC1M,SIMMOM IQ V POWDER,400GM,0
JKFHJH,SIMMOM PLUS 400GM POWDER,1*400G,0
SIMM2,SIMMOM(V)POWDER,200GM,0
SNAPT9,SNAPIT TABS,2'S,0
EJFDNN,SOLASAFE SILICON SUN,1*1,0
DLKHLH,SOLECROSS LOTION 50ML,1*50ML,0
SOLF11,SOLFE TABS,10'S,0
SUPC1,SUPRACTIV COMPLETE CAPS,8'S,0
SURABH,SURBEX FE TAB,1*15,0
S296,SURBEX GOLD CAPS,10'S,0
UEU11,SURBEX OSTEO TABS,10'S,0
SURS9,SURBEX STAR CAPS,10'S,0
SURX,SURBEX XT TAB,15'S,90
SZLS1,SZETALO LS TABS,10'S,0
JGGFFH,SZETALO PLUS 10MG TAB,1*15,0
TELM2,TELMISTAT 40MG TABS,10'S,0
FHKHHG,TETMOOSL POWDER 50GM,1*50GM,0
T8,THIOSPAS A8 TAB,1*15,0
T2M2,THYROCAB 10MG TABS,60MG,0
T1H2,THYROCAB 20MG TABS,60'S,0
THY4,THYROCAB 5MG TABS,5'S,0
THY00,THYROCAL D3 TABS,30'S,0
T511,THYRONORM 100MCG TABS,100'S,10
TY112,THYRONORM 112MCG TABS,50'S,0
TR48,THYRONORM 12.5MCG TABS,50'S,6
TYR,THYRONORM 125MCG TABS,100'S,8
TH11,THYRONORM 150MCG TABS,100'S,2
T519,THYRONORM 25MCG TABS,100'S,21
THYRIL,THYRONORM 37.5MG TAB,1*120,3
T518,THYRONORM 50MCG TABS,100'S,14
THY62,THYRONORM 62.5MCG TABS,50'S,4
THRN,THYRONORM 75MCG TABS,100'S,4
T11J,THYRONORM 88MCG TABS,100'S,4
TRW,THYROWEL CAPS,10'S,0
THYROE,THYROWEL PLUS TAB,15'S,30
TRILAS,TIXYLIX LS JR SYP,30ML,2
DFJKLH,TIXYLIX LS SYP 100ML,1*100ML,0
TIKJGL,TOOTHMIN PASTE,1*70GM,0
TOP11,TOPAC 3ML INJ,3ML,0
TOPAC,TOPAC FAST GEL,20GM,0
TR232,TORESA 20MG TABS,10'S,0
TOSD1,TOSSEX DMR SYRUP,100ML,8
FLKHFH,TREHALUBE EYE DROPS,1*10ML,0
TRIB11,TRIBET FORTE1 TABS,10'S,0
TRIB1,TRIBETROL 1MG TABS,10'S,0
TRIBE,TRIBETROL 2MG FORTE TABS,10'S,0
TRIB2,TRIBETROL 2MG TABS,1*15,0
TR111,TRUSTYL BR SYRUP,60ML,0
TRUS2,TRUSTYL COLD SYRUP,60ML,0
TRY3,TRUSTYL COLD TABS,10'S,0
TRUD1,TRUSTYL DM SYRUP,60ML,0
TRUL1,TRUSTYL X SYRUP,60ML,0
TUF11,TUFDROX CV500MG TABS,6'S,0
TVF60,TVAKSHA FACE WASH,60ML,0
TYS11,TYSURE TABS,10'S,0
U122,UDILIV 300MG TABS,15`S,30
UDFJSK,UDILIV 450MG TAB,1*10'S,0
U44,UDILIV TABS,15'S,30
UVC1,UV CARE LITE LOTION,60ML,0
UVC2,UV CARE LITE NIGHT LOTION 100ML,,0
VER2,VERTIN OD24 TABS,7'S,0
VIB11,VIBACT ZN SACHET,2GM,0
JGRTW,VIERAB D TAB,1*10S,0
VIRB11,VIRBETOL 200MG(RIBAVIRIN) 28'S,,0
VONAB,VONEFI 20 TAB,10'S,0
WBT1,WINBP TRIO 20MG TAB,10'S,0
SHFJHL,XTOR 20MG TAB,1*10,0
ZD21,ZEDOTT 1GM BABY SACHAT,1'S,0
ZIMN1,ZIMNIC 100MG TABS,10'S,0
ZIMM2,ZIMNIC 200MG TABS,10'S,0
AZM11,ZIMNIC AZ KID TABS,10'S,0
ZUN11,ZIMNIC AZ TABS,10'S,0
ZIMN6,ZIMNIC CV 200MB TABS,10'S,0
ZIM21,ZIMNIC DX TABS,10'S,0
T4003,ZIMNIC O200MG TABS,10'S,0
Z340,ZOLFRESH 10MG TABS,15'S,45
CENTRU,CENTRUM MEN TAB,50;S,0
A335,AVOMINE TABS,10'S,0
COLOX,COLOSPA X TAB,15,0
CRE,CREMAFFIN FRESH TAB,10;S,400
ENSUP,ENSURE PLUS POWDER,400GM,0
FAC32,FACECARE FACEWASH,60GM,0
FEBU80,FEBUSTAT 80MG TABS,15,0
F179,FLAGYL 200MG TABS,10'S,0
FOLLI,FOLLIHAIR NEW TAB,15'S,0
HQ.,HQ PRO POWDER,200GMS,0
HYDP9,HYDENT PRO TOOTHPAST,70GM,0
BDARJ,INDERAL 20MG TAB,1*15,60
KEN05,KENADION 0.5ML AMP,1*5ML,0
LOB,LOBATE-GM NEO CREAM,20GM,0
MEGA.,MEGAMOX 500 DT TABS,10'S,0
PROB9,PROSURE BANANA POWDER,400GM,0
RAPI1,RAPISONE DSR CAP,5,0
RASH,RASHFREE CREAM,30GM,2
REJUC9,REJOINT UC CAPS,10'S,0
SIMI3,SIMILAC ADVANCE3 POWDER,200GM,0
GHWER8,SIMILAC PLUS 3 POWDER,1*400GMS,0
SOLAZE,SOLAZE 200 TAB'S,10'S,0
1ST80,STATOR 80 TAB,10'S,0
KFJKDF,SUPRA PLUS TABS,1*15,0
THY137,THYRONORM 137MCG TABS,100'S,0
VAL500,VALANCE 500MG SYRUP,100ML,0
ZOFF5,ZOLFRESH 5MG TABS,15'S,45
AZIS1,AZISPAN 500MG TABS,3'S,0
ACSD1,ACCUSURE DIGITAL,1,0
GGAHUY,ACUPA P TAB,1*10,0
MIDFNJ,MINOPEP SHAMPOO 250ML,1*250ML,0
NDJKL;,NS 0.45% IV,500ML,0
OT,OTOLANZ-P,10;S,0
O,T OTOLANZ-V TAB,10;S,10
DNQ,AZITHORIL AP TAB,10'S,480
ESPR1,ESPRA XN TABS,10'S,0
GERB.,GERBISA TABS,10'S,0
NERVIL,NERVILOX G TAB,10;S,0
S236,SENQUEL F SMALL,50GM,0
S523,STOLIN GUM PAINT,15ML,2
1FL,FLAMRID GEL,1,0
ACT21,ACTIVE MF CREAM,50GM,0
BATR,BATTERY,,0
JWJGRG,GERIJOINT CAP,1*10,0
JKFWEG,OSTEOFIT HD TAB,1*15,30
SPASNI,SPASMONIL TABS,10'S,0
JMS,JMS PLATER1/2 INCH,1,0
JHFGE,CHYMOTRA LOTION,1*60ML,0
ENE100,ENERC 1000MG TABS,20'S,0
FOLR9,FOLIRICH GROWTH SERUM,60ML,0
PURL9,PURELITE CREAM,15GM,0
VTOP9,VTOP C CREAM,15GM,0
CT20,CIM 200 TAB,1X5S,0
PDO,PANPRO D TAB,10S,0
GHEYHG,FEEDERS J-21 ICE BAG,1*1,0
FTUWRE,FEEDERS J22 HOT BAG,1*1,0
MAXF,MAXIMIN FORTE SYRUP,1X200ML,0
ERYI,ERYOCIN 500MG TAB,10'S,0
FED11,FEDIRON TABS,10'S,0
SU311,SULTACIN TABS,10'S,0
INSD,INSTARYL D SYRUP,100ML,0
I195,INSTARYL EXP SYRUP,100ML,0
INSTAP,INSTARYL P SYRUP,100ML,0
DIAGO,DIAGOLD CAP,1X10'S,0
JODD1,JODDARAM OIL,150ML,0
JO11,JOFIT OIL,50ML,0
A889,AMLYCURE DS CAPS,10'S,0
A4682,AMLYCURE DS SYRUP,100ML,5
AMLY,AMLYCURE DS SYRUP,200ML,0
AM21,AMLYCURE SYRYP,100ML,0
AM36,AMREE PLUS CAPS,60'S,0
AMM1,AMROID CAPS,10'S,0
AM,OI AMROID OINT,1'S,0
A784,AMYCORDIAL SYRUP,200ML,0
AMY9,AMYRON SYRUP,200ML,5
BGR3,BGR-34 TABS,100'S,0
COM,COMFORTZ HA DROPS,10ML,2
1U11,LUKOSKIN CREAM,50GM,0
MEMT01,MEMTONE SYRUP,200ML,0
MUSCAL,MUSCALT FORTE TAB,30'S,0
KFTNEE,NEERI KFT SYP,200ML,3
N612,NEERI SYP,100ML,9
NEERI,NEERI TABS,30'S,330
SEM,SEMENTO CAP,10S,0
ZYMU,ZYMNET SYP,100ML,0
AIRD9,AIRFLAM D TABS,10'S,0
AIRF9,AIRFLEX P TABS,10'S,0
AIR100,AIRPOD 100MG SYRUP,30ML,0
AIR200,AIRPOD 200MG TABS,10'S,0
ALZD9,ALVIM Z DROPS,30ML,0
AL/F,ALVIM Z FORTE DROPS,15ML,0
ALVZF9,ALVIM Z FORTE TABS,15'S,0
C10,CILNIZEST-10MG TAB,10,0
OLYT9,OLYTE APPLE DRINK,200ML;,0
PANI1,PANAIR 40MG TABS,10'S,0
PADSR,PANAIR DSR CAPS,10'S,0
PRO-S,PROBISTAR-S SACHETS,1,0
STL99,STULFRI SRYP,170ML,0
ADC1,ADACIN OINT,15GM,0
DFJFGF,AJADUO 10/5 TAB,1*10,0
ALCARE,ALCAREX,1'S,0
ALL60,ALLNAT 120MG AMP,1'S,0
AL,ALLNAT60MG VIL,1,865
APPD1,APDROPS DM EYE DROPS,5ML,0
OPDR,APDROPS EYE DROPS,1X3ML,2
APK,APDROPS KT EYE DROPS,1X5ML,0
APD1,APDROPS LP EYE DROPS,5ML,3
AP11,APDROPS PD EYE DROPS,5ML,0
BKKFKG,APXENTA 30MG TAB,1*10,0
AQC1,AQUALUBE DROPS,10ML,3
AQU12,AQUALUBE LIQUIDGEL,10ML,0
AHDFHA,AQUALUBE PM EYE GEL,1*5G,0
AQUAS2,AQUASILK SHAMPOO,100ML,0
A1G1,AQUASOFT CREAM,150GM,1
AQSF,AQUASOFT CREAM,100GM,1
A1G1,AQUASOFT CREAM,150GM,2
YF2IFI,AQUASOFT CV LOTION,50ML,0
AQLKJH,AQUASOFT FC 100GM CREAM,1*100G,0
AWWKKA,AQUASOFT FC CREAM,60GM,0
AQU11,AQUASOFT LOTION,200ML,2
A1Q1,AQUASOFT LOTION,100ML,4
AQAS,AQUASOFT MAX CREAM,100GM,0
AQ,AQUASOFT MAX CREAM,150GM,0
AQ14,AQUASOFT MAX CREAM,60ML,0
FGWERR,AQUASOFT MAX LOTION,1*200ML,0
AQS,AQUASOFT SOAP,1S,4
ASFHHF,AQUREA 20 CREAM,1*1,0
AQUREA,AQUREA CREAM,BOT,0
ATAERR,ATARFIT 20MG TAB,1*15,0
AT1,ATORFIT 10MG TABS,15'S,60
135,ATORFIT 20MG TABS,15'S,15
RATR,ATORFIT 40 TABS,15'S,0
348,ATORFIT 5MG,10S,0
ATCV,ATORFIT CV10 CAPS,1*15,165
ATOC,ATORFIT CV20 CAPS,15'S,180
ATO40,ATORFIT CV40 CAPS,10'S,0
AT44,ATORFIT MAX CAPS,10'S,0
AZUSA,AZUSA 16MG TAB,10,0
ALJDHH,AZUSA 8MG TAB,1*10,0
BFBFBF,BENIFLO 4MG TAB,1*15,0
BEX22,BESIX DROPS,5ML,0
BETIOK,BETOACT EYE DROPS,1*5ML,2
BI/T,BIDIN-T EYE DROPS,1'S,3
FMKLJN,BILANIX 20MG TAB,1*10,60
BBBB,BILANTA M 20/10 TAB,10,0
BIM9,BIMAT LS EYEDROPS,3ML,5
BILTM,BIMATE LS TM EYE DROPS,5ML,0
FVHFHH,BIOSILK MOISTURIZING,1*100GM,0
BLIS1,BLISE FACE WASH,50GM,0
BRIN1,BRINZOX EYE DROPS,5ML,3
IYH2F2,BRINZOX T E/D,5ML,3
CALT3,CALTUF TABS,10'S,0
CARM1,CAROFIT MAX CREAM,15GM,0
C1F1,CAROFIT PLUS TABS,10'S,0
CAFU,CAROFIT ULTRA CREAM,1X15GM,0
CR20,CARVIFLO 20MG CAPS,10'S,0
CR653,CARVIFLO CR10MG TABS,10'S,0
CELA2,CELAVI O10/20MG TABS,10'S,0
CELV1,CELAVI TRIO TABS,10'S,0
CH10,CHOLTRAN SACHAT,5GM,0
COJFHH,CILAMET XL 10/25MG TAB,1*20,300
HYDEK1,CILAMET XL 10/50,1*20,180
FHDHGF,CILAMET XL 20/50MG TAB,1*10,0
CILAM,CILAMET XL 25MG TABS,10'S,0
CILAME,CILAMET XL 50MG TABS,1*20,100
CINOD,CINOD 10MG TABS,20S,140
CIND1,CINOD 20MG TABS,20'S,80
CINOD.,CINOD 5MG TABS,20'S,60
CIB1,CINOD BETA 10/25,20'S'S,35
CNB2,CINOD BETA 10/50,15'S,45
1CINOD,CINOD N 10/5 TAB,10'S,0
SDHGFK,CINOD T 20MG TAB,1*15,255
CIN1D,CINOD T10MG TABS,20'S,300
CIN11,CINOD T5 TABS,10'S,0
JKHFJK,CLENIA FACE WASH 100GM,1*100G,0
CLIN1,CLINOXID GEL,20GM,0
CLO12,CLOVET 12.5MG TABS,10'S,0
FHLHFH,DAPALEX 5MG TAB,1*10,0
DAISLB,DIASAX-LB,10'S,180
KFBFFB,DIBOL S TAB,1*10,0
DFL2,DIFLUCOR EYE DROPS,5ML,2
DOP150,DOSPIN 150 TABS,10'S,0
DOP75,DOSPIN 75 CAPS,10'S,0
DUASAF,DUASAFE 625 TAB,10'S,500
DR210,DURANZO TABS,10'S,0
EL13,ELYN CREAM,10GM,0
EPI11,EPISOFT LOTION,125ML,0
FB62,FEBURIC 40MG TABS,1*15,0
FRE1,FEBURIC 80MG TABS,15'S,0
FEB31,FEBUZEX 40MG TABS,10'S,0
FES1,FEXY SYRUP,60ML,0
FIVA1,FIVASA NASALSPRAY,60ML,0
FLU9,FLUPIXA CAPS,10'S,0
DATE2,GATE DF EYE DROPS,5ML,0
GT43,GATE EYE DROPS,5ML,6
GET1,GATE HS EYE DROPS,2.5ML,0
HFGHE,GATE P EYE DROPS,1*10ML,27
G1P2,GATE PD EYE DROPS,5ML,0
GLOT1,GLOTAB TABS,10'S,0
GOR1,GORGEUS FACE CLEANSER,50ML,0
HABS,HABBICOR S OINT,15'GRMS,0
HAB,HALOBET CREAM,1X10GM,0
GJHGKG,HALOBET CREAM BIG 30GM,1*30G,1
HALO,HALOBET S,30GM,1
HAS,HALOBET S OINTMENT,1X10GM,0
PUL,HE,300ML,0
HEPA,HEPAFTY FORTE SY,300ML,0
HUMI1,HUMIDERM CREAM,100GM,0
JKYISB,HYANE EYE DROPS,1*10ML,1
HY,HYANE EYE DROPS 5ML,1,1
SDHYPO,HYPOCLIN SOLUTION,60ML,1
HYS,HYSOFT EC DROPS,10ML,1
ILA11,ILADOM TABS,10'S,0
ILAPRO,ILAPRO 10MG TAB,10'S,0
LIL11,ILAPRO 5MG TABS,10'S,0
ILD11,ILAPRO D CAPS,10'S,0
ILAP1,ILAPRO TABS,10'S,0
ILA10,ILATOP 10MG TABS,10'S,0
ILLU1,ILUMAX CREAM,20GM,0
IVE1,IVREA LOTION,60ML,0
IVRAED,IVREA SHAMPOO 12%,30ML,4
K1T4,KETOGATE EYE DROP,5ML,0
KET3,KETRIPLIN C CREAM,15GM,0
LECO1,LECORAST SYRUP,100ML,0
LID1,LIDOCAM MOUTH WASH,100ML,0
LID11,LIDOCAM TABS,10'S,0
LOD1,LOTEGATE EYE DROPS,5ML,0
LOT11,LOTEL EYE DROPS,10ML,0
LOT21,LOTEL EYE OINT,5GM,0
LOTE1,LOTEL LS EYE DROPS,5ML,0
LOTE,LOTERIS E/D,5ML,1
LUC99,LUCOZ CREAM,15GM,0
GGKLBK,"LUCOZ XL CREAM,",1*30G,1
BFHBFH,LUCOZ ZS SHAMPOO,1*100ML,0
MACR1,MACROGOL JR SACHETS,5GM,0
ADI,MACUGOLD PLUS TABS,"10,S",0
MACUG,MACUGOLD TABS,10'S,0
MSJKBF,MAXMOIST EYE DROPS,1*10ML,4
MEL20,MELACARE CREAM,25GM,6
MELCRE,MELACARE CREAM,15GM,0
MELACA,MELACARE PLUS CREAM,20GM,0
MELA15,MELAGLOW NEW CREAM,15GM,0
M1L1,MELALONG CREAM,15GM,0
MELA11,MELALONG PLUS CREAM,20GM,0
ME13,MELRIO OINT,20GM,0
M879,MENOFIT PLUS TABS,10`S,0
METML,MET XL 100MG TABS,20S,40
M12,MET XL 12.5MG TABS,20'S,1160
ME25,MET XL 25MG TABS,20'S,1130
MET3D2,MET XL 3D 25MG TABS,10'S,0
METDDR,MET XL 3D 50/12.5 MG TAB,15'S,15
MET3D,MET XL 3D 50MG TABS,1*15,15
ME3D,MET XL 3D25/6.25MG TABS,10',0
M50,MET XL 50MG TABS,20'S,1440
MXAM25,MET XL AM 25MG TAB,20'S,320
METXL,MET XL AM 50 TAB,20'S,720
MET,XL MET XL AMT 50,10;S,100
MT44,MET XL H25 TABS,10'S,0
METOPR,MET XL H50MG TABS,10'S,60
MTX5,MET XL R25 TABS,10'S,0
2ME123,MET XL R50/5 TABS,1*15,0
FDTF,MET XL T 25TABS,"10,S",0
METX1,MET XL T50 TABS,20'S,90
METT25,MET XL TRIO 25MG TABS,1*15,30
METT01,MET XL TRIO50MG TABS,1*15,15
ME32,METASPAN PLUS TABS,10'S,0
MET31,METASPAN TABS,10'S,0
MEU500,METUP TABS,10'S,0
MDFOIU,MIMOD 25MG TAB,1*15,0
MINO1,MINONIL ER45MG TABS,10'S,0
MIN21,MINONIL ER65 TABS,10'S,0
KFLKHL,MPRIDE 2MG TAB,1*15,0
FNVJBJ,MPRIDE V1 TAB,1*15,0
NA500,NAXOS 500,15'S,105
NAXD,NAXOS D 500 TAB,10'S,260
NP1,NEPAFLAM EYE DROPS,5ML,2
NERVI,NERVIRIN NT TAB,10'S,0
NNT,NEVIRIN NT TAB,10,0
NT,NEVIRIN TAB,10S,0
OC12,OCUGOLD PLUS TABS,10'S,0
O331,OCUGOLD TABS,10'S,0
OLPE,OLOPAT EYE DROPS,1X5ML,1
OLO3,OLOPAT KT EYE DROPS,5ML,0
FIWEG,OLOPAT MAX DROPS,1*5ML,0
LIO,OLOPAT OD EYE DROPS,3 ML,1
OLA,OLOPAT TABS,10'S,0
OP01,OPEXA GEL,15GM,0
O1OR,ORTAN 20MG TABS,10'S,0
O2R4,ORTAN 40 TABS,10'S,0
ORT4,ORTAN AM5 TABS,10'S,0
OR,1 ORTAN H20 TABS,10'S,0
PC21,PACROMA CREAM,10GM,1
PALOZ1,PALOZAC 0.50MG TABS,5'S,0
1PAN,PANTHEGEL OINT,5GM,0
N6,PATADIN TABS,10'S,0
P1B1,PEROBAR 2.5% SOAP,75GM,0
PG22,PEROBAR 5% SOAP,75GM,0
PER16,PEROCLIN 2.5% GEL,15GM,0
PER5,PEROCLIN 5% GEL,15GM,0
PEROD,PERODUO GEL,15GM,0
KLFJFF,PESILONE EY DROPPS,1*10ML,0
YATGWF,PRIXAIN GEL,1*30GM,0
RET2,RETAREL OINT,10GM,0
RETI1,RETINOX CAPS,10'S,0
RID1,RIDOSMEC SACHAT,3GM,0
FJLHBJ,RIPATEC EYE DROPS 5ML,1*5ML,0
ROS00,ROSUFIT 10MG TABS,20'S,40
ROSF,ROSUFIT 20MG TABS,10'S,0
RSL1,ROSUFIT 5MG TABS,15'S,0
ROS11,ROSUFIT CV10 CAPS,15'S,30
ROV20,ROSUFIT CV20 CAPS,1*15,0
ROS32,ROSUFIT CV5 CAPS,15'S,0
REZ,ROSUFIT EZ 10 TAB,10'S,60
ROSF1,ROSUFIT F10/160 TABS,15'S,0
ROSF2,ROSUFIT F5/160 TABS,10'S,0
ROSA10,ROSUTOR A10MG TABS,10'S,0
RO13,ROSUTOR GOLD 10/75 CAPS,15'S,90
ROS150,ROSUTOR GOLD 20/150MG,10'S,0
ROS23,ROSUTOR GOLD 20/75 CAPS,10'S,0
S1L4,SALISIA KT SHAMPOO,60ML,2
NGYRTR,SITAMAX M 50/500 TAB,1*10,0
SOFTDR,SOFT DROPS PM GEL,5GM,0
OFT,SOFTDROPS,10 ML,1
SOFTL1,SOFTDROPS LIQUIGEL,10ML,0
FHFHHH,SOFTDROPS PM EYE GEL,1*5G,0
SOF23,SOFTVISC EYE DROPS,5ML,0
SUN19,SUNSTOP 19 LOTION,60ML,0
SU10,SUNSTOP 30LOTION,50GM,0
GFKJHL,TALIMUS 1% OINT,1*5GM,0
TAP11,TAPENAX ER50MG TABS,10'S,0
TERAJA,TERBILIFE TAB,7'S,0
TET22,TETRALID CREAM,5GM,0
TBN20,TIBAN 20MG TABS,15'S,0
TIBM1,TIBAN M20/1000MG TABS,10'S,0
TIBM50,TIBAN M20/500MG TABS,15'S,60
TOV11,TOVAXO EYE DROP,2.5ML,1
TRN1,TRICINOD 10/12.5MG TABS,15'S,0
TRI2,TRICINOD 10/6.25MG TABS,1*15,90
TRC5,TRICINOD 5MG TABS,10'S,0
TRICO1,TRICOGRO CAPS,10'S,0
TRIS9,TRICOGRO SERUM LIQUIDE,100ML,0
TR!1,TRICOSILK 5% LOTION,60ML,0
KSDGFK,TRICOSILK PRO SOLUTIONS,1*60ML,0
TRK1,TRICOSLIK 2% LOTION,60ML,0
UNI,UNIBROM EYE DROPS,1'S,0
UNISU,UNISUDIL 300 TAB,15'S,255
VAN10,VANIZA GEL,10GM,0
VNZ,VANIZA GEL,15G,0
VANHC,VANIZA HC GEL,1,0
VERT1,VERTIZAC TABS,15'S,76
VILATI,VILATIN DP 10/100,10,0
VIRS1,VIRSON GEL,5GM,0
VIS11,VISENTIN 25MG TABS,10'S,0
VIVE1,VIVETA CREAM5GM,5GM,0
ZAHA,ZAHA DROPS,3ML,0
ZAHA.,ZAHA OINT,5GM,4
CKJFJJ,ZORBAX 500MG TAB,1*10,0
ZORBAX,ZORBAX SYP,120ML,0
ZOTB9,ZOTABAC GEL,20GM,0
CIOWHF,CISSQ PLUS TAB,10*S,0
CISS1,CISSQ TABS,10'S,0
DIS01,DISPERZYME TABS,10'S,20
FLE13,FLEXTOR SACHET,5GM,0
PHL1,PHLOGAM CAPS,10'S,0
WBFU,QUSTAIN P 1000MG,12*S,0
ADC,ADOVA CAP,"5,S",0
ALVS1,ALIVHER TABS,10'S,0
ALL32,ALL9 D CAPS,10'S,0
ALL9N9,ALL9 NVP TABS,10'S,0
AL9,ALL9 TABS,10'S,0
BER21,BERBESTA TABS,10'S,0
BIND1,BINDBONE CAPS,10'S,0
BONE2,BONHEAL CAPS,10'S,0
CLA500,CLAVENTIA 500MG TABS,10'S,0
CLO100,CLOMIPURE 100MG TABS,5'S,0
CLM1,CLOMIPURE 50MG TABS,5'S,0
CLPP1,CLOMIPURE PLUS TABS,10'S,0
DSH1,D-SHINE 60K CAPS,4'S,0
DOLE1,DOLENTIA MR TABS,10'S,0
DOL31,DOLENTIA RELAX GEL,30GM,0
ENDOF1,ENDOFINE TABS,10'S,0
ENDO2,ENDOHEAL TABS,10'S,0
FIB,5 FIBRISTAL TABS,10'S,0
FIBT,FIBROPRIST CAP,10'S,0
FIFA9,FIFALL CAPS,10'S,0
DGFKGH,FINE NERVE NT TAB,1*10,0
F619,FO29 TABS,10'S,0
FO22,FO29D CAPS,10'S,0
GOO100,GOODOVA 100MG TABS,5'S,0
GOODV,GOODOVA 50MG CAPS,5'S,0
HAE21,HAEMADAY TABS,10'S,0
IFG11,I-FAG CAPS,10'S,0
KILF1,KILFAT TABS,10'S,0
LIN30,LINEATOR CAPS,10'S,0
NERV3,NERVSHINE SR75MG TABS,10'S,0
GBFG,NEWBONA A PLUS TABS,"10,S",0
NEW23,NEWBONA ACTIVE TABS,10'S,0
NEN11,NEWBONA PLUS CAPS,10'S,0
OOSS1,OOSURE PLUS CAPS,10'S,0
OVAC1,OVACET FORTE TABS,10'S,0
OXE21,OXECOOL SYRUP,100ML,0
PMS9,PMSFINE CAPS,10'S,0
POVIC,POVIMAYDINE CREAM,20GM,0
POVI,POVIMAYDINE SOLUTION,1'S,0
PRE22,PREGACAP OD M75MG CAPS,10'S,0
ROS33,ROSEUS CAPS,10'S,0
SPF,SPAFAST GEL,30 GM,0
STM3,STARMUNE GOLD CAPS,10'S,0
STMN1,STARMUNE GOLD SYRUP,200ML,0
SUNT1,SUNTHYROID 25MG TABS,4'S,0
SUNT50,SUNTHYROID 50MG TABS,4'S,0
WH22,WATCHWT TABS,10'S,0
ZER21,ZEROSTIFF SACHETS,10.5GM,0
GHCFSF,BILASURE M KID TAB,1*10,0
COLDTH,COLDTHROW AM TABS,10'S,0
KER2,KERATINZ TABS,10'S,0
LUYTTT,PREGNIDOXIN PLUS,1*30,0
ROSEL,ROSLOY 20MG TABS,10'S,0
ATO60,ATORIX 60MG TABS,10'S,0
CTL1,CTZ L TABS,10'S,0
HXZFSY,DAPANORM M 5/500 TAB,1*10,0
FERR,FERRITAB TABS,10'S,0
IRD1,IRED SF SYRUP,150ML,0
MALZ1,MALZIX GB TABS,10'S,0
MBA12,MBA FORTE CAPS,10'S,0
FDKJGK,NERVMAX ACTIVE CAP,1*10,0
PN12,PANPRO 40 TABS,10'S,0
FWEKSF,RABELKEM LS TAB,1*10,0
REPX,REEPLEX CAP,10S,0
RFT,REFIT CAPS,10'S,220
FUQEE,VALERA M 1000 TAB,1*15,0
BSFMNB,VALERA M 500 TAB,1*15,0
ANG,ANGIGARD-50,14'S,0
A136,ALOES COMPOUND TABS,100`S,0
ARJ,ARJIN TABLETS,100'S,0
B117,BANGSHIL TABS,100`S,0
F055,FORTEGE TABS,100`S,0
G32100,G32 100 TAB,100'S,0
G32,G32 TABS,50'S,0
G057,G32 TABS,100'S,0
L081,LEPTADEN (VET) TABS,100'S,0
L080,LEPTADEN TABS,100`S,0
RCMP,R COMPOUND TAB,100'S,0
S134,SOOKTYN TABS,100`S,0
A764,ADLIV FORTE CAPS,10'S,0
A605,ADLIV SYRUP,200ML,0
A466,ALAMIN M FORTE CAPS,10'S,0
A1032,ALAMIN R SACHET,5GM,0
ALR,ALAMIN RG SACHIT,5G,0
ALASN,ALAMIN SN INJ,200ML,0
A1046,ALBUMAX INJ,20%,0
A1262,ANAFLAM GEL,20GML,0
C735,CYP L SYRUP,200ML,0
DREAK,DEREK D TAB,1*10,0
EVT,EVICT 200ML SYP,200ML,0
EVICT,EVICT SYRUP,100ML,0
P408,PLACENTREX AMP,2ML,18
P1250,PLACENTREX GEL OINT,20GM,2
SIO101,SIOCARE SYRUP,200ML,0
SIOO9,SIOOXY CAPS,10'S,0
S1030,SIOPLEX LYSINE SYP,200ML,0
S593,SIOTONE CAPS,10`S,0
VER3,VERBET 16MG TABS,10'S,0
VERB.,VERBET 8MG TABS,10'S,0
AZIT,ATOZ IMMUNE TAB,16,0
AZP11,AZOPT EYE DROPS,5ML,4
BR14,BRIMO EYE DROPS,5ML,0
DIP33,DIPRO OD500 TABS,10'S,0
FLR,FLAREX 0.1% EYE DROPS,5'ML,0
NV41,NEVANAC EYE DROPS,5ML,3
1PDN,PREDNISOLONE EYE DROPS,5ML,0
SIM9,SIMBRINZA EYE DROPS,5ML,0
KJGDDK,SYSTANE COMPLETE EYE,1*10ML,0
SY14,SYSTANE GEL EYE DROPS,5ML,0
HGHGKF,SYSTANE HYDRATION DROPS,1*1,0
SYS11,SYSTANE ULTRA EYE DROPS,10ML,2
TEA12,TEARS NATURALE FORTE EYE,10ML,3
TEA,TEARS NATURALE II DROPS,10ML,0
TI5,TIMOLAST 05% EYE DROPS,1X5ML,0
TB10,TOBRASONE DROPS,5ML,0
TOB,TOBREX EYE,1X5ML,0
TR212,TRAVACOM(TRAVOPROST) EYE,2.5ML,0
VIGD9,VIGADEXA EYE DROPS,5ML,0
VGM,VIGAMOX EYE DROPS,1X5ML,4
ADV/TH,ADVAN THF OINT,1'S,0
YALC,ALCYCLIN-500 CAP,10'S,0
CTRIO,CETANIL TRIO 12.5 TAB,10,0
C136,CETRAL TABS,10'S,0
C040,CIPROWIN 500MG TABS,10'S,0
CR/15,CRINA NCR 15MG TAB'S,5'S,0
DSP,GJ DSP TAB,1*12,0
ETE/M,ETERNEX M 500MG TAB'S,10'S,0
M039,MONORIN 150MG TABS,10'S,0
OOM,OD CAP,15S,0
PE20,PENTAB 20MG TABS,10'S,0
PE40,PENTAB 40MG TABS,1*15,0
PTD,PENTAB D TABS,10'S,0
PRN10,PENTAB DSR CAPS,10'S,0
ROS131,ROSAVE 20MG TABS,10'S,0
WIL,WIKORYL L TABS,10'S,0
ZEFC,ZEEFER CAP,1X15S,0
A060,ACNICIN OINT,15GM,0
A531,ACNIL SOAP,75GM,0
BRT7,ADVAN CREAM,1X10GM,0
ADVNA,ADVAN CREAM,20GM,0
AGIN,AGINAL AT TAB,14'S,28
A067,ALCEPHIN LA 500MG CAPS,10'S,0
ATH250,ALTHROCIN 250MG,10'S,60
ATH500,ALTHROCIN 500,10'S,70
A071,ALTHROCIN DROPS,10ML,2
A074,ALTHROCIN SYRUP,60ML,5
ALT51,ALTRIS 5% LOTION,60ML,0
ALT6,ALTRIS GEL,60GM,0
ALTR3,ALTRIS HD LOTION,100GM,0
A222,AMLOPURE 2.5 TABS,10'S,0
AQU9,AQUASOFT CREAM,60GM,0
SZIOHG,ASZITHRAL INJ 5ML,1*5ML,0
FHLHLL,AXOGUARD PLUS TAB,1*10,0
AX10,AXOGURD CAPS,10'S,0
AXNT9,AXOGURD NT TABS,10'S,0
AXG11,AXOGURD SR CAPS,10'S,0
A932,AZITHRAL 100MG SYRUP,15ML,8
A080,AZITHRAL 200MG SYRUP,15ML,3
A011,AZITHRAL 250MG TABS,10'S,40
A710,AZITHRAL 500MG TABS,5'S,45
AZGBFB,AZITHRAL INJ 5ML,1*5ML,0
A1390,AZITHRAL KID TABS,3'S,0
AZITL1,AZITHRAL XL100MG SYRUP,30ML,0
AZG10,AZITHRAL XL200 SYRUP,30ML,0
B046,BACIPEN 500MG CAPS,10'S,0
'BL10,BIFLACE EYEDROP,5ML,0
BFHSBA,BILAMBIC M TAB,1*10,0
SDFKJH,BLADMIR S 25MG TAB,1*10,0
DSJFKJ,BLADMIR S 50MG TAB,1*10,0
BLD,BROZEET LS DROPS,15ML,0
BRZ2,BROZEET LS SYRUP,100ML,8
B431,BROZEET SYRUP,100ML,3
CET32,CETANIL 10MG TABS,1*15'S,0
CETA,CETANIL M 50 TAB,10,0
CELT1,CETANIL T TABS,10'S,0
DCJDHG,CETANIL TRIO 6.25MG TAB,1*10,0
IFHIFI,CILORY M 50 TAB,1*10,0
CLO250,CLOFF 250MG SYRUP,30ML,0
COB13,COBUILT CAPS,14'S,0
COHBNN,COBUILT PLUS CAP,1*14,0
COBU1,COBUILT TOTAL CAPS,14'S,0
DK01,D KOOL CAPS,10'S,0
DAR11,DARIF 7.5MG TABS,10'S,0
DELHND,DELTONE 30MG TAB,1*10,50
DX11,DIAX OD CAPS,10'S,0
1DV1,DVION PEARL 60K TABS,4'S,0
EZN21,ENZICTRA DS TABS,10'S,0
ENZII,ENZICTRA TABS,10'S,0
E2049,EPHEDREX SYRUP,100ML,0
ETEM1G,ETERNEX M1000MG TABS,10'S,0
ETERN1,ETERNEX T TABS,10'S,0
ETORN1,ETORNEXT P TABS,10'S,0
ETRK90,ETRIK 90MG TABS,10'S,0
FER,FERIS SYRUP,150ML,0
FOPKLJ,FOLINAL D TAB,1*10,0
F569,FOLINAL PLUS TABS,10`S,0
F003,FOLINAL TABS,30'S,0
FR1,FORMIN PG2 TABS,1*15,0
F044,FORTAFEN PLUS TABS,10'S,0
FRR1,FREEGO POWDER,90GM,0
FREEG,FREEGO POWDER,180GM,0
GERI.,GERIFLO CAPS,10'S,0
GER4A,GERIPOD 4MG CAPS,10'S,0
GERI8,GERIPOD 8MG TABS,10'S,0
GERP1,GERIPOD D TABS,10'S,0
EJOHFK,GERISTART TAB,1*10,0
GES2,GESTOFIT SR200 CAPS,10'S,0
GLIS,GLIMSAR 1MG TABS,15'S,0
GLMS2,GLIMSAR 2MG TABS,15'S,0
GLIMF2,GLIMSER FORTE 2 TABS,10'S,0
GLIF2,GLIMSER FORTE1 TABS,10'S,0
GL55,GLISEN 1MG TABS,10'S,0
GL22,GLISEN PM 2 TABS,10'S,0
GLVM1,GLISEN VM1 TABS,10'S,0
HFSYTT,GLZ XR TAB,1*15,0
GROC11,GROCAPIX GEL,60ML,0
GRO11,GROCAPIX LOTION,60GM,0
FLKNGF,GROCAPIX M 60ML,1*60ML,0
GGGR,GROGAIN CAPS,10,0
HARF9,HARMONI F TABS,21'S,2
EFJGBG,ITAPHYTE 100MG CAP,1*10,0
FJKGFF,ITAPHYTE 200MG CAP,1*10,0
KL44,KOOL IT CAPS,10'S,0
DJLFHJ,LAVETA 10MG TAB,1*15,0
LA5,LAVETA 5MG TABS,10'S,0
LAVKID,LAVETA M KID TABS,10'S,0
LAVM1,LAVETA M SYRUP,60ML,0
LV14,LAVETA M TABS,10'S,0
LAVS1,LAVETA SYRUP,30ML,0
LV21,LEVOGESTROL 25MG TABS,10'S,0
LV02,LEVOGESTROL OD TABS,10'S,0
1266,LYSOFLAM GEL,30GM,0
MEGADO,MAGADOL TAB,10'S,0
0MEM3,MEGAMOM POWDER,200GM,0
M053,MINIPRIL 10MG TABS,10'S,0
MXT1,MOXOFT EYE DROPS,5ML,0
NAZB1,NAZOBIC NASAL SPRAY,60MS,0
NRM1,NEUROMET CAPS,10'S,0
IEURTH,ORYZA 50GM CREAM,1*50GM,0
OS77,OSTEOFIT C CAPS,10'S,0
OSTEOF,OSTEOFIT C PLUS CAPS,10'S,0
O532,OSTEOFIT XT CAPS,10'S,0
OST2,OSTEOKIT KIT,30'S,0
OG14,OVIGYN 5000 I.U,5ML,0
O1V1,OVIGYN D CAPS,10'S,0
DJGKLH,OVIGYN D3 TAB,1*7,0
OVG1,OVIGYN DSR TABS,7'S,0
PA31,PANPLUS 40MG TABS,10'S,0
PAN21,PANPLUS L TABS,10'S,0
P085,PENCOM 12 LAKHS VIAL,1'S,0
]PL47,PLAVAS 150MG TABS,10'S,0
PL47,PLAVAS 75 TABS,10'S,0
PPF,PPF 20LA 5DOSE,1'S,0
P502,PPF 4LA 1DOSE,1'S,0
PRM1,PREMARIN 0.3MG TABS,28'S,0
PR25,PREMARIN CREAM,14GM,0
PRO2,PROACE 2.5MG CAPS,10'S,0
P011,PROTINULES POWDER,200GM,0
P042,PROTINULES SYP,200ML,0
QDM11,QDMRD 200MG TABS,10'S,0
RAFL4,RAFLE 400MG TABS,10'S,0
REJKOJ,REKOOL IT CAP,1*10,0
REK,REKOOL 20MG TABS,15'S,30
REKD,REKOOL D CAP,15'S,45
FGDFJK,REKOOL L 40MG TAB,1*10,0
REL10,REKOOL L CAPS,10'S,0
TDRT,RICHAR CR TABS,"10,S",0
RIXT,RICHAR XT TABS,10'S,0
RS05,ROSAVE 5MG TABS,10'S,0
RO45,ROSAVE F10 TABS,1*15,0
ROS13,ROSAVE F5 TABS,10'S,0
R046,ROXID 150MG TABS,10'S,0
ROXIDR,ROXID 300MG TABS,10'S,0
R049,ROXID 50 KID TABS,10'S,0
R458,ROXID DROPS,10ML,0
R415,ROXID SYP,30ML,0
S041,SHARKOFERROL MALT,450GM,1
213,SHARKOFERROL SMALL,200GM,1
TEL24,TELLZY AM80MG TABS,10'S,0
TEC,TELLZY CH40/6.25 TABS,15'S,0
TEC.,TELLZY CH80 TABS,1*15,0
TELH8,TELLZY H80 TABS,10'S,0
TEL25,TELLZY MT25 TABS,15'S,0
TELM3,TELLZY MT50 TABS,10'S,20
TELS20,TELSITE 20MG TABS,15'S,0
TET,TETAN 20MG TAB,15'S,30
TET4,TETAN 40MG TABS,15'S,30
TEAM,TETAN AM TABS,15'S,30
TETAB1,TETAN BETA 25MG TABS,10'S,0
"TETN.,",TETAN CT 12.5MG TABS,10'S,0
TAH,TETAN H TABS,15'S,45
UKLSFK,TRI VOGO 1MG TAB,1*10,0
TRIHLH,TRI VOGO 2MG TAB,1*10,0
TRV3,TRIVOG 1/0.3MG TABS,10'S,0
TGG1,TSART 40MG TABS,1*15,0
TSS20,TSART AM TABS,1*15,0
TS52,TSART H TABS,1*15,0
DKFHKD,ULGEL ORANGE SYP 200ML,1*200ML,0
ULRAFT,ULGERAFT SYP,150ML,1
NVSNNF,VALEMBIC 80MG TAB,1*10,0
VHYC11,VEHYCAL TABS,10'S,0
VL21,VELDROP DROP,10ML,0
VELD1,VELDROP GEL,10ML,0
VFX180,VITARESP FX 180MG TABS,10'S,0
VITA1,VITARESP FX TABS,10'S,0
DJHLHH,VOAGE 10MG TAB,1*10,40
VO17,VOGO 0.2(DBOSE) TABS,10'S,0
VOGM1,VOGO M0.2 TABS,10'S,0
WKJK1,WIKORYL AF DROPS,15ML,6
WKA1,WIKORYL AF SYRUP,60ML,0
W012,WIKORYL DROPS,10ML,0
WKO1,WIKORYL DS SYRUP,60ML,0
W002,WIKORYL SYRUP,60ML,2
W001,WIKORYL TABS,10'S,50
Z014,ZEET EXPECTORANT,100ML,0
Z0,ZEET SYRUP,100ML,0
ZFJBFG,ZITHROX XL 100 SYP 30ML,1*30ML,0
ZITHSD,ZITHROX XL 200 SYP 30ML,1*30ML,0
ZOX11,ZOFIX 200MG TABS,10'S,0
ZOFI,ZOFIX O 100DT TABS,10'S,0
ACT32,ACTIGUT CAPS,10'S,0
FSDGR,ADVAN INSTA CREAM,1*20GM,0
ALV11,ALVEXTRA CREAM,50GM,0
ASCAL,ASCAL FS,1 LT,2
ASCALG,ASCAL GOLD,1LT,1
BDHFD,BLADMIR-25 TAB,1*10,10
SFSFF,BLADMIR-50 TAB,1*10,0
CET5,CETANIL 5MG TABS,10'S,0
CLODAO,CLOFF 500MG TAB,1*10,0
CORZ1,CORMUZIK OINT,10GM,0
CRIN10,CRINA NCR10MG TABS,10'S,85
DELT9,DELTONE TABS,10'S,140
ELOSIR,ELOSONE OINT,10GM,0
IHFEYR,ETRIK MR TAB,1*10,0
GR10,GERIFLO D CAPS,30'S,0
GSF,GESTOFIT SR 300,10,0
GL89,GLISEN MF 1 TABS,15'S,60
GLI31,GLISEN MF FORTE1 TABS,1*15,0
GLL32,GLISEN MF FORTE2 TABS,10'S,0
GLVM2,GLISEN VM2 TABS,10'S,0
HJFSHF,GLISEN-PM1 TAB,1*15,0
G341,GLZ PLUS TABS,10'S,0
HFEGHS,GROGAIN 30'S,30'S,0
IOSFJO,ISOFIT 10MG TAB,1*10,0
PRTPFO,PROSTAGARD D8MG TAB,1*10,50
RAFLO,RAFLE 200MG TABS,10'S,0
RESYNA,RESYNC EYE DROPS,10ML,0
ROSA1,ROSAVE 10MG TABS,15'S,0
ROSVAH,ROSAVE GOLD 10MG TAB,1*10,0
ROXIVN,ROXID M TAB,10'S,0
TELAH,TELLZY AH TABS,10'S,0
TETB50,TETAN BETA-50 MG,15'S,15
TET-TR,TETAN-TRIO,15'S,45
TRV01,TRIVOG 1MG TABS,10'S,0
VALEMB,VALEMBIC 160MG TAB,10'S,0
VEHIYH,VEHYCAL XT TAB,15'S,0
VILDAM,VILDAMBIC-M 500 MG,15'S,60
VOG103,VOGO M0.3MG TABS,10'S,0
GFWQ,GEROZ LP TAB,1*10,0
IC,ICERAFT SYP,150ML,0
LAXA,LAXA SYRUP,100ML,0
TWTWER,POMEROZ CAP,1*10,0
DFKGGG,NUROLICE PLUS TAB,1*10,0
NUTT1,NUTRIMALT POWDER,200GM,0
HHDFD,OMEE MPS SYP,1*170ML,98
TASRT,TSART-20MG TAB,15,0
ACE11,ACENEXT P TABS,10'S,0
ALNV1,ALCEFF NOVO 500MG CAPS,10'S,0
ALDEGE,ALDEGESIC-P TAB,1*15,0
ALDI9,ALDIGESIC TH TABS,10'S,260
ALK,ALKEM COLD SYP,60 ML,0
ALKO,ALKOF DX SYRUP,100ML,0
ALKOF,ALKOF JUNIOR SYRUP,100ML,0
ALK.,ALKOF JUNIOR SYRUP,60ML,0
ALKK12,ALKOF Q TABS,10'S,0
ALS11,ALKOF SF(INDIKOF-A) SYRUP 100ML,,0
ALKB,ALKOF SYRUP,100ML,0
ALK11,ALKOF-AM ASYRUP,100ML,0
ALMS1,ALMOX 250MG DRY SYRUP,60ML,0
ALMO1,ALMOX 500MG CAPS,10'S,0
ALP,ALPRACAD 0.5MG TAB,10;S,0
AM500,AMIJET 500MG INJ,2ML,0
A576,AMPIKEM 500MG CAPS,10`S,0
ASA11,ASSAULT TABS,10'S,0
AUG9,AUGMED SYRUP,30ML,0
AZIK11,AZIKEM 100MG SYRUP,100GM,0
AZKK1,AZIKEM 500MG TABS,3'S,0
BU44,BLUCOF SYRUP,100ML,0
CEFKL,CEFKEM 1.5G INJ,1'S,5
CEF66,CEFOWIN AZ TABS,10'S,0
CEO3,CEFOWIN OZ TABS,10'S,0
CEPH2,CEPHALKEM 500MG CAPS,10'S,0
CC,COKE,10'S,0
FJFNJF,DERMIKEM OC CREAM,1,0
ENT9,ENTISEP LOTION,1000ML,0
ES,ES-OMEPRAZ DSR CAP,10;S,65
ESKIN,ESKINO LOTION,50ML,0
ETO3\,ETOVON 120MG TABS,10'S,0
FEC,FERCEE RED SYRUP,200ML,0
FERT,FERCEE XT CAPS,10'S,0
FLU31,FLUCOCIDE SYRUP,60ML,0
FIOPJK,FOLICHEM TAB,1*30,0
GLY100,GLYCODIN SYRUP,100ML,0
KEEB1,KEEBEND SYRUP,10ML,0
KETOCT,KETOKEM CT SOAP,75GM,16
KET99,KETOKEM SHAMPOO,100ML,9
HEGT,KETOKEM SOAP,1,22
LHMT,L-HIST MONT TABS,10'S,360
LH11,L-HIST SYRUP,30ML,0
LEVV1,LEVOCETRIMARK A TABS,10'S,0
LEV10,LEVOKEM 500MG TABS,10'S,0
MAH12,MAHACILLIN 500MG CAPS,10'S,0
MANN1,MANNITOL INJ,100ML,0
MARK11,MARKLYTE CREAM,20GM,0
OWIN1,O-WIN OZ TABS,10'S,0
OF2,OFLOKEM 200MG TABS,10'S,0
OFI,OFLOKEM IV,100ML,65
OFLOZ,OFLOKEM OZ SYRUP,30ML,0
OME,OMEE 20MG CAP,20'S,1480
OMED,OMEE D CAPS,1*20,400
ORSD1,ORAGARD MOUTH WASH,100ML,0
P40D,P 40 TAB,15'S,370
GYTY,PYRICOOL-DS SYP,1*1,0
RABK20,RABALKEM 20MG TABS,10'S,85
RABJFW,RABALKEM D TAB,10'S,0
01RAB1,RABALKEM DSR CAPS,10'S,170
DLKHHF,RABALKEM LS TAB,1*10,170
RAL11,RILADEX(ZUWIK GEL) GEL,30GM,0
SINA9,SINARZINE TABS,10'S,0
EUHUKF,TACROVERA FORTE 15GM OINT 1*15G,,0
0TRP1,TRAMEF P TABS,10'S,0
TR50,TRANZAT PLUS TABS,10'S,0
WEI1,WEIGHING HOME HEALTH,,0
ZN43,ZENDRYL SYRUP,100ML,0
ZIFX1,ZIF-X CV TABS,10'S,0
ACELO.,ACELOFLAM XP TABS,15'S,0
GBGH,ALDIGESIC-P TAB,1*15,1350
ALD11,ALDREX SYRUP,100ML,0
AJFHFF,ALKEPIN ODT 25MG TAB,1*10,0
ALK100,ALKEPIN ODT100MG TABS,10'S,0
A549,ALPROVIT SYRUP,200ML,0
AL,10 ALPRULI TABS,5'S,0
A,ALSITA GM 1 TAB,10;S,30
ALSITD,ALSITA MP 1000MG TAB,1*10,30
ALSIHS,ALSITA MP 500MG TAB,1*10,0
ALT32,ALTRAZ 1MG TABS,14'S,0
A4760,ALZYME SYRUP,200ML,0
APIXAP,APIXAPIL 5MG,10'S,40
A700,ATEMIDE TABS,10'S,0
ATO,ATOZ DROPS,15ML,5
AZG,ATOZ GOLD CAPS,15'S,0
A887,ATOZ SYRUP,100ML,0
A672,ATOZ TABS,15S,105
ATJSFA,ATOZ WOMEN CAP,1*15,0
AZK1,AZIKEM 200MG SYRUP,15ML,0
BL1,BALOKEM 100MG TABS,10'S,0
BP,1 BIPROSTA(CALUTIDE)50MG,10'S,0
BRIVAG,BRIVASURE 100MG TAB,1*10,0
DHBBDB,BRIVASURE 50MG TAB,1*10,0
CR23,CARNIMED 500 TABS,10'S,0
CEH1,CEHAM 500MG TABS,10'S,0
CEH11,CEHAM P TABS,10'S,0
CEH13,CEHAM SYRUP,60ML,0
CILN1,CILNIKEM 10MG TABS,10'S,0
CIL15,CILNIKEM 5MG TABS,10'S,0
CIL100,CILOKEM 100MG TABS,10'S,0
CIL21,CILOKEM 50MG TABS,010'S,0
FUHYUJ,CIPROKEM INFUSION,1,0
VBJHFJ,CLARIBID GRANULES SYP,1,0
C649,CLAVAM 375MG TABS,10'S,0
CLAVM,CLAVAM 625 TABS,10'S,0
C1049,CLAVAM BID DRY SYP,30ML,0
C607,CLAVAM DRY SYRUP,30ML,0
CLAVAM,CLAVAM FORTE DRY SYP,30ML,0
BBDHFF,CLAVAM FORTE DT TAB,1*10,0
DFKJBN,DABICLOT 110MG TAB,1*10,0
RJKBJH,DABICLOT 150MG TAB,1*10,0
DAKJND,DABICLOT 75MG TAB,1*10,0
D373,DANDROP LOTION,30ML,0
FJJDBA,DAPANORM M 10/500 TB,10,0
DAODJA,DAPANORM TRIO TAB,1*10,0
GHYUHH,DICLON PLUS TAB,1*10,0
DONP10,DONEP 10MG TABS,1*15,45
D5850,DONEP 5MG TABS,1*15,45
DON1,DONEP M TABS,10'S,20
DU22,DUOBLOC CAPS,10'S,0
FKHLHL,DYDROSURE TAB,1*10,0
EMPHAN,EMPHANORM-L 10 MG,10'S,40
EFNLFD,EMTY SYP 100ML,1*100ML,0
EMT99,EMTY SYRUP,200ML,0
ENZODD,ENZOFLAM CT TAB,1*15,0
E493,ENZOFLAM TABS,10'S,0
EZ10,ENZOFLEX 4MG TABS,10'S,0
ERTK,ERYTHROKEM-500MG TABS,10'S,0
ET90,ETODAY 90MG TABS,10'S,0
E482,EUCLIDE 80MG TABS,10'S,0
EVCU,EVACURE TAB,10S,0
EXRAFT,EXCERAFT SYP,150ML,2
EZUHGJ,EZURIC 25MG TAB,10'S,0
FOHFHD,FORMIN PG1 TAB,1*15,0
FORMI.,FORMIN PLUS 1000MG TABS,10'S,0
FORP1,FORMIN PLUS500 TABS,10'S,0
F492,FORMIN SR 500MG TABS,10'S,0
FOR12,FORMIN SR1000 TABS,10'S,0
FA/S,FREEAIR SPRAY,1*6GM,2
G373,GEMCAL CAPS,15'S,45
GEM1,GEMCAL DS CAPS,15'S,0
GE11,GEMCAL MOM TABS,10'S,0
GEGBEJ,GEMCAL P SYRUP,150ML,0
G1B4,GEMCAL SPRAY,37MD,0
GEMCAL,GEMCAL SYRUP,120ML,0
GGGGEM,GEMCAL XT TAB,1*15,0
GEMFVN,GEMFOS TAB,4'S,0
GM111,GEMIDRO TABS,1'S,0
GLC11,GLUCORYL M1 FORTE TABS,15'S,0
GLU11,GLUCORYL M1 TABS,15'S,0
GLUCOR,GLUCORYL M2 FORTE TABS,15'S,0
GL133,GLUCORYL M2 TABS,15'S,0
GLM3F9,GLUCORYL M3 FORTE TABS,15'S,0
JHYRQR,GLUCORYL M4 FORTE,1*15,0
GLUM1,GLUCORYL MV1 TABS,15'S,0
GLUC,GLUCORYL MV1/0.3,15;S,30
GLUM2,GLUCORYL MV2 TABS,15'S,0
GLMV03,GLUCORYL MV2/03MG TABS,10'S,0
LHGJHK,GLUVILDA D 10/100MG TAB,1*10,20
JFHFGS,GLUVILDA M 1000 TAB,1*15,0
SDJKNF,GLUVILDA M 500MG TAB,1*15,0
H191,HEMFER SYRUP,200ML,0
H174,HEMFER XT CAPS,10'S,0
HOS11,HOSPILID 600MG TABS,10'S,0
JKHKJK,HYMOS LOTION 200ML,1*1,0
ID11,INDIKOF B SYRUP,100ML,0
I263,INSUMIN PLUS CAPS,15`S,0
BHGHGB,IPRASURE INHALER,1*1,0
KSDJHF,IPRASURE RESPULES,1*1,0
JUP10,JUPIROS 10MG TABS,10'S,0
JUP20,JUPIROS 20MG TABS,15'S,0
JUP44,JUPIROS 5MG TABS,15,0
1J12,JUPIROS A CAPS,10'S,0
JUCV10,JUPIROS CV CAPS,10'S,10
JUP1,JUPIROS F TABS,10'S,0
JUPG9,JUPIROS GOLD CAPS,10'S,0
KOJF1,KOJIGLO FORTE OINT,15GM,0
KOG1,KOJIGLO GEL,15GM,0
LEV213,LEVENUE 500MG TABS,15,0
LVER50,LEVENUE ER500MG TABS,10'S,0
LILI,LILITUF MAX 30GM,30GM,0
LINCEF,LINCEF TABS,10'S,0
LU311,LUMAGLO GEL,20GM,0
L2K1,LYCOFOL CAPS,10'S,0
HFJKJN,MAFICH LOTION,1*150G,0
KHFHGH,MAXVOID PLUS 4MG TAB,1*15,0
FJKHNF,MAXVOID PLUS 8MG TAB,1*15,0
MEGAC/,MEGATIN DC CAPS,10'S,0
MEL32,MELBILD LOTION,5ML,0
MEL12,MELBILD LOTION,2ML,0
M929,MELZAP 0.5 MD TABS,10'S,0
MELM,MELZAP MD 0.5 TAB,1X10S,0
MIG11,MIGRABETA PLUS TABS,10'S,0
MG16,MIGRABETA TR 80 CAPS,10'S,0
MK21,MINOKEM 5% LOTION,60ML,0
MIN5S,MINOKEM 5% SPRAY,60ML,0
MN14,MINOKEM N 2% LOTION,60ML,0
MOBI.,MOBIGOLD DGM TABS,10'S,0
M676,MOVAC 15MG TABS,10'S,0
MOX/4,MOXAM 400 TAB'S,5'S,0
MOXA,MOXAM IV 100ML,100ML,0
NEB.,NEBIPIL 5MG TABS,10'S,0
NEBI3,NEBIPILL SA TABS,10'S,0
NFD,NEFDYL SYP,100ML,0
NERV31,NERVMAX CAPS,10'S,0
NERNWK,NERVMAX D 75/30MG TAB,1*10,0
NEUMNT,NEUROKEM NT TABS,15S',0
NENT50,NEUROKEM NT50MG TABS,10'S,0
NW12,NEWCITA PLUS TABS,10'S,0
NEXOD9,NEXVENLA OD PLUS TABS,10'S,0
NEXV50,NEXVENLA OD50MG TABS,10'S,0
NOG14,NOPLAG AS150 CAPS,10'S,0
NOP1,NOPLAQ AS75 CAPS,10'S,0
KDFGHK,NOWORM SYP 10ML,1*10ML,0
NOZ.,NOZUKA AF SYRUP,60ML,0
NU1,NOZUKA TABS,10'S,0
OLK3,OLKEM 20AM TABS,15'S,0
OLK20,OLKEM 20CT TABS,10'S,0
OLK11,OLKEM 20MG TABS,15'S,0
OLAM40,OLKEM 40AM TABS,15'S,0
OLK40,OLKEM 40CT TABS,10'S,0
OLKE,OLKEM 40MG TABS,15'S,0
SKLHHL,OLKEM BETA 50MG TAB,1*10,0
OLK1,OLKEM H20 TABS,15'S,0
OLT1,OLKEM TRIO12.5MG TABS,10'S,0
OLK2,OLKEM TRIO6.25MG TABS,10'S,0
OLFHGD,OLYMPRIX M 500MG TAB,1*15,0
OLY9,OLYMPRIX M1000MG TABS,10'S,0
O316,ONDEM 4MG TABS,10`S,80
BFJKDF,ONDEM 4ML INJ,1*4ML,0
OND08,ONDEM 8MG TABS,10'S,0
O237,ONDEM AMP ALL,2ML,0
OND4,ONDEM MD4 TABS,10'S,10
OND8M,ONDEM MD8 TABS,10'S,0
O396,ONDEM SYRUP,30ML,7
ORG1,OROGRAD SG MOUTH PAINT,10GM,0
OXI30,OXRING 300MG TABS,10'S,0
OXI450,OXRING 450MG TABS,10'S,0
OX44,OXUM LOTOIN,100ML,0
P1240,PAN 20MG TABS,1*15,0
0PAN,PAN 40MG TAB,15'S,180
80,PAN 80,15,0
PND,PAN D CAPS,1*15'S,45
GFGHX,PAN IT CAP,1*10,0
PANL1,PAN L CAPS,10'S,0
PANM1,PAN MPS SYRUP,200ML,2
P739,PAN TABS,10`S,0
PANRAF,PANRFT SY,200ML,4
PEDI1,PEDIA TOTAL POWDER,400GM,0
TTRDGF,PEDIA TOTAL[VANI],400,0
YIP,PENTANERV 450SR TABS,"10,S",0
PENM1,PENTANERV M TABS,10'S,0
PENTAN,PENTANERV NT 100MG TAB,1*10,0
PET69,PENTANERV NT TABS,1*15,0
DUD1,PIPZO 1.125MG AMP,10ML,0
PIP1,PIPZO 2.25GM AMP,5ML,0
PIP4,PIPZO 4.5 AMP,1X4.5GN,95
PR31,PRATHAM 100MG SYRUP,15ML,0
PSR1,PRATHAM 200 SRYUP,15ML,0
T4005,PRATHAM 500MG TABS,3'S,0
PRIM3,PRIMEOVA 100MG CAPS,5'S,0
PROT6,PROTIKEM POWDER,200GM,0
PULMO,PULMOSMART 200 PULMICAPS,1,1
GHDFGD,PULMOSMART 200 R/CAPS,1*1,0
PULM,PULMOSMART G R/C,30;S,1
JHALHF,PULMOSMART RESPULES 2ML,1*2ML,0
FHHJHL,QUICNAC 600MG TAB,1*10,0
WHGKHG,QUICNAC AB TAB,1*10,0
1QU21,QUITANX TABS,10'S,0
R-T,R-TAXIM OF TAB,10'S,570
R632,RACE 2.5MG CAPS,10'S,0
R631,RACE 5MG TABS,10'S,0
RE22,RENOCIA CONDITIONER,60ML,0
RE21,RENOCIA SHAMPOO,150ML,0
RE23,RENOCIA SOLUTION,60ML,0
REJMMR,RENOCIA TAB,1*10,0
ROSS10,ROSUKEM 10MG TABS,10'S,0
ROS61,ROSUKEM 20MG TABS,10'S,0
ROS16,ROSUKEM A CAPS,10'S,0
ROS9,ROSUKEM A150 CAPS,10'S,0
ROSCV,ROSUKEM CV10MG CAPS,10'S,0
ROSUK1,ROSUKEM F TABS,10'S,0
S796,SATROGYL 300MG TABS,10'S,0
SATO,SATROGYL O SYRUP,1,0
STYR,SATROGYL-O TAB,10'S,0
SOL,SOLIKEM 5 TAB,10,0
SP32,SPERMI Q CAPS,10'S,0
SUC13,SUCRASAN SYRUP,200ML,0
SUMF,SUMO MF SUSPENSION,1X60ML,0
SU36,SUMO TABS,10'S,0
YGYTR,SUMO-L PLUS DS SYP,1*100ML,0
DGWEG,SUMOCOLD AF SYP,1*60ML,0
S703,SUMOCOLD TABS,10'S,0
SUML1,SUMOL DS SYRUP,60ML,0
SAL,SUNHEAL CREAM,1X50GM,0
SUP16,SUPAKEM CAPS,10'S,0
SWIT,SWICH 100 SYR,30ML,0
SWIC1,SWICH 100DT TABS,10'S,0
SWSKJH,SWICH 200MG TAB,1*10,0
SW5,SWICH 50 SYRUP,30ML,0
JKJFDJ,SWICH CV 100 SYP,1*30ML,0
QWJKDB,SWICH CV 50 SYP,1*30ML,0
SW11,SWICH CV325 TABS,10'S,0
SWP1,SWICH PLUS TABS,10'S,0
GFDKGK,SWICH XP 1GM INJ,1*1,0
FHFNB,SWITCH 50 DT TAB,1*10,0
EKTBBG,T HEAL CAP,1*10,0
DYLI,TAMSUKEM PLUS,1*10,0
T311,TAXIM 125MG AMP,1*1,24
T314,TAXIM 1GM AMP,1*1,262
T312,TAXIM 250MG AMP,1*1,30
T313,TAXIM 500MG AMP,1*1,94
T414,TAXIM O 200MG TABS,10'S,180
TACV1,TAXIM O CV SYRUP,30ML,0
TAX1,TAXIM O CV200 TABS,10'S,0
TX44,TAXIM O DROPS,15ML,1
T419,TAXIM O DRY SYP,30ML,13
TAXIM.,TAXIM O DT 100MG TABS,10'S,30
TAX11,TAXIM O FORTE SYRUP,30ML,8
HUHUW,TAXIM OF TAB,1*10,0
TAXO2,TAXIM OZ TABS,6'S,0
TAAZ,TAXIM-AZ 200 TAB,"10,S",0
TAXIM,TAXIM-O 50MG TAB,10'S,0
RAJFAN,TAZID 1GM INJ,1*1,0
TAHNNF,TAZID 250INJ,1*1,0
FHKDGK,TICAVIC 90MG TAB,1*10,0
GHTDDF,TOFE 11 ER TAB,1*10,0
TOFE,TOFE 5MG TAB,10;S,40
TO150,TOLKEM 150MG TABS,10'S,0
TOKLEK,TOLKEM SR 450MG TAB,1*10,0
TRF1,TRIFECT DROPS,15ML,0
TRF3,TRIFECT SYRUP,50ML,0
TRIN21,TRINERVE CAPS,10'S,0
TRIV1,TRINERVE LC TABS,10'S,0
TRU3,TRUMP D SYRUP,60ML,0
TS40,TSART 40CT TAB,1*10,0
TSACL,TSART CL TABS,10'S,0
KFGFFF,TSART M 40/25MG TAB,1*10,0
SJKDHG,TSART M 40/5MG TAB,1*10,0
TSART,TSART MCL 25MG TAB,1*10,30
TSERYS,TSART MCL 50MG TAB,1*10,0
TS12.5,TSART TRIO12.5MG TABS,10'S,0
TSA2,TSART TRIO6.25MG TABS,10'S,0
ULTI20,ULTIGEST 200MG CAPS,10'S,0
UIDFUH,UPRISE D3 1K CAP,1*15,30
UPG11,UPRISE D3 2K CAPS,15'S,60
UPR,UPRISE D3 60K CAP,12;S,40
UP60K,UPRISE D3 60K TABS,1*8,0
UPFFJK,UPRISE D3 DROP 15ML,1*15ML,5
SHDSDS,UPRISE D3 SYRUP 30ML,30ML,0
UPR11,UPRISE D3 SYRUP 5ML,5ML,0
UPR21,UPRISE XT CAPS,10'S,0
URK30,URSOKEM 300MG TABS,10'S,0
U80,UVRID LOTION,60ML,0
HFFFFH,VITNEURIN 150ML SYP,1*150ML,0
VIOYHN,VITNEURIN CZS TAB,1*15,60
VOO02,VOGLIKEM 0.2MG TABS,10'S,0
VOG..,VOGLIKEM M 0.2MG TABS,10'S,0
VOGL12,VOGLIKEM M0.2 FORTE TABS,10'S,90
VOGF3,VOGLIKEM M0.3MG FORTE,10'S,0
VOGL33,VOGLIKEM M0.3MG TABS,10'S,0
VORM1,VORYL MV1 TABS,010'S,0
VOR2,VORYL MV2 TABS,10'S,0
XON1GR,XONE 1GR VIAL,10ML,219
XO125,XONE XP1.125MG INJ,10ML,0
XON250,XONE XP250MG VIAL,250MG,0
XP77,XPECT C SYRUP,30ML,0
KHGDKG,ZADONASE TAB,1*10,0
ZEX1,ZAXTER 500MG INJ,500MG,0
DHKFKB,ZEET DX SYP 100ML,1*100ML,0
ZENEG.,ZENEGRA 100MG TABS,4'S,0
ZENE.,ZENEGRA 50MG TABS,4'S,0
ZIL20,ZILOKEM 20MG TABS,10'S,0
ZILO40,ZILOKEM 40MG TABS,10'S,0
ZIT11,ZITHIUM 500MG TABS,3'S,0
305,ZOCEF 250MG TABS,10'S,0
Z253,ZOCEF 500MG TABS,10'S,0
ZO,ZOCEF 750MG INJ,1VIL,0
FDHFKH,ZOCEF CV DRY SYP,1*30ML,0
ZOCE25,ZOCEF CV250MG TABS,6'S,0
ZO10,ZOCEF CV500 TABS,6'S,6
Z368,ZOCEF DRY SYRUP,30ML,0
ALM11,ALMITO PLUS CAPS,10'S,0
CR211,CARNIMED PLUS TABS,10'S,0
FE11,FERTIFLAX CAPS,10'S,0
O11V1,OVSTORE CAPS,10'S,0
ULT11,ULTRAMED TABS,10'S,0
ZOT1,ZITHIUM O TABS,5'S,0
JHFGHS,CIDIGLIM M2 TAB,1*10,0
GEM11,GEMCAL GRO SYRUP,200ML,0
NEURZ1,NEUROZET TABS,10'S,0
ACCL,ACULAR LS EYE,1X5ML,0
A723,ALPHAGAN EYE DROPS,5ML,0
ALPHA,ALPHAGAN P EYE DROPS,5ML,0
AS25,ALPHAGAN Z EYE DROPS,5ML,2
KJDFKH,AMPLINAK 5ML EYE DROPS,1*1,0
EXOC,EXOCIN OINT,5GM,0
F053,FLUR EYE DROPS,5ML,0
F327,FML EYE DROPS,5ML,0
F364,FML NEO EYE DROPS,5ML,0
FML,FML T EYE DROPS,5ML,1
GNF1,GANFORT EYE DROPS,3ML,1
KT14,KETOFLOX EYE DROPS,5ML,0
KMKM1,KETOMAR EYE DROPS,5ML,0
LPDR1,L PRED EYE DROPS,10ML,0
LUMP1,LUMIGAN 0.1% EYE DROPS,3ML,4
L1059,LUMIGAN EYE DROPS,3ML,0
MYT21,MYTICOM EYE DROPS,5ML,0
NVT1,NOVORET CAPS,10'S,0
NVT2,NOVORET CAPS,30'S,0
NON30,NOVORET NEO BOTTLE,30'S,0
NON10,NOVORET NEO CAPS,10'S,10
OPS22,OPSION HA EYE DROPS,5ML,0
OPTV,OPTIVE EYE DROPS,10ML,1
OPTF14,OPTIVE FUSION EYE DROPS,5ML,0
OPTIF1,OPTIVE FUSION EYE DROPS,10ML,0
MEONI,OSMEGA 500MG TAB,1*10,0
OSM11,OSMEGA CAPS,10'S,0
OME30,OSMEGA CAPS,30'S,0
ZPE,PRED FORTE EYE DROPS,5ML,6
P524,PREDNISOLONE ACETATE EYE,5ML,0
REFER,REFRESH EZEE DROPS,10ML,0
SOFRTR,REFRESH LIQIGEL EYE DROPS 10ML,,4
R459,REFRESH TEARS EYE DROPS,10ML,30
RLF,RELIF EYE DROPS,1S,0
RES13,RESTASIS DROPS,10ML,0
T069,TEARS PLUS EYE DROPS,10ML,0
ZYL11,ZYLOPRED EYE DROP,5ML,0
ZYM,ZYMAR EYE DROPS,5ML,3
ZYRE,ZYMAR EYE OINT,5GM,0
ZYM1,ZYMAXID 0.5% EYE DROPS,2.5ML,0
ALN32,ALNACAL FORTE CAPS,10'S,0
ANTX,ANTHOCYN TX CREAM,1'S,0
ANTH,ANTHOCYN TX TAB,10'S,0
DETTOL,DETTOL FOAMING HAND WASH,,0
GLUT9,GLUTAUP TABS,10'S,0
NYZ11,NAYZIT GEL,15GM,0
UVH9,UVHOLD LOTION,100ML,0
UVH,UVHOLD SUN SCREEN,1,0
HDGAJF,AUXISODA SACHETS,1*1,0
SJFKJD,COMBISAFE TAB,1*10,30
SDHKGF,MAGNIBEST TAB,1*10,0
RENOVS,RENOSAVE ORAL SOLUTION,300ML,0
DKHBFK,THIOBLIS A8MG TAB,1*10,0
TODHFG,TOXIQUE TAB,1*10,0
UDG300,UDGRACE 300MG TABS,10'S,0
ULTW99,ULTRA WYTE CREAM,50GM,0
ULTW9,ULTRA WYTE SACHETS,2GM,0
VITS9,VITSERA SERUM LOTION,50ML,0
CM500,CIPMOX(AMOXYCILLIN,15'S,0
RRJHUY,PULMOSMART 400 R/C,1*1,0
R565,REDUZE TABS,30'S,0
KEPD.,KEPDOX CV 325 TABS,10'S,0
MD42,MEDILONE 4 TABS,10'S,0
MB19,MOBIRATE MR TABS,10'S,0
NERVM1,NERVE M CAPS,10'S,0
NOOR1,NEUROBOOM PLUS TABS,10'S,0
VJKEBG,VETEROCOX 120MG TAB,1*10,0
ALTON,ALTONIL 5,15'S,0
ALTONI,ALTONIL PLUS 3,15'S,0
L,ALTO ALTONIL PLUS 5,15'S,0
PIH,PROLET 25MG,15'S,30
BCOM,BCOM FORTE TABS,20'S,0
D110,DIGEPLEX SYRUP,100ML,1
D112,DIGEPLEX SYRUP BIG,200ML,4
D113,DIGEPLEX T TABS,10'S,0
E084,EMIDOXYN TABS,10'S,0
GILL,GILLETTE VENUS ALL,ALL,0
H045,HYNIDASE AMP,1'S,5
I176,IMFERON AMP,2ML,0
M941,MEDICREME OINT,20GM,0
PLKD,PLANOKUF D SYRUP,60ML,0
R081,RIBOFLAVINE TABS,10'S,30
GGUD,X-PECIA GEL 5% PRO,1*60GM,0
XEEE,XENOBID 550 TABS,10'S,0
X010,XENOBID TABS,10'S,0
IME11,IME 9 TABS,30'S,0
JU22,JANUMET 50/1000 TABS,15S',60
HFUWQD,DEW MOIST SOAP,75GM,0
WRLHGH,KROMAGLO NEW CREAM,1*20GM,0
GDFHHH,KROMAWASH FACE WASH 70GM,1*70GM,0
YEDUYT,TOPIBRITE CREAM,25GMS,0
AMBP9,AMRUTANJAN BACKPAIN,1,0
AMRUTA,AMRUTANJAN BALM BIG,27.5GM,0
AMRUT,AMRUTANJAN HERO BALM,1.5GM,0
AMRY,AMRUTANJAN INHALER,0.75GM,0
AMR99,AMRUTANJAN ROLL-ON,10ML,0
AMRR1,AMRUTANJAN ROLL-ON,5ML,0
A381,AMRUTANJAN STRONG GREEN,10GM,0
VICC1,VICCO PAST,25GM,0
JSGSS,ALPHA FOLLIDENSE HAIR,1*60ML,0
JHFJHG,ANAPAUSE CREAM,1*15GM,0
JGHUG,DECOMEDO GEL,1*25GM,0
HGDJFH,DELEUCO LOTION 100ML,1*100ML,0
HKHJ,DEWMOIST CREAM NEW,100GM,0
UIFUYI,X-PECIA GEL 10% PRO,1*60GM,0
COF1,C OFF TABS,10'S,0
CHYF,CHYROL FORTE,20'S,190
WEJFBJ,ENERSCALPE HAIR TINTURE,1*100ML,0
H196,HOT WATER BAG LARGE,,0
BJNFGH,WIPES LID SINGLE,1*1,0
NTHIL,NARAYANA THAILAM,50ML,0
AMB11,AMBROSIA CAPS,10'S,0
AS@1,ASQUE TABS,10'S,0
B327,BEPLEX FORTE SYRUP,200ML,0
B200,BEPLEX FORTE TABS,20'S,2780
B246,BEPLEX FORTE VIAL,10ML,0
BEP11,BEPLEX LZ CAPS,15'S,0
C1621,CODYLEX LINCTUS SYRUP,100ML,0
E173,EPILAN TABS,150'S,0
GLIM21,GLIMIPRO M1 TABS,10'S,0
H124,HEPAX TABS,30'S,0
M251,MAXIMIN FORTE TABS,15'S,0
N215,NIFETOLOL TABS,10'S,0
N217,NITRAVET 10MG TABS,15'S,0
N216,NITRAVET 5MG TABS,15'S,0
ADJ11,ADJUVANEX D TABS,10'S,0
CMV11,CMVIGONE 450MG TABS,10'S,0
DIA121,DIAPLAN POWDER,200GM,0
ELEN,ELEDERVITA-M INJ,2ML,100
EPO,Y EPOTREND 4000IU INJ,1,0
LGHJKS,EPOTREND 5K INJ,1*1,0
EPOTRE,EPOTREND 6000 IU INJ,1PFS,0
EPOTR,EPOTREND 6000 PFS INJ,1'S,0
EPO11,EPOTRENT 2000IU INJ,2K/1.OML,0
FOOT,FOOTSAVE PLUS CREAM,50GRMS,0
RKJJJH,INSUTREND 30/70 CARTIDGE,1*3ML,0
DKLFLH,INSUTREND R INJ 10ML,1*10ML,0
JAR20,JARIL 20MG TABS,10'S,0
JM500,JARIL M500 TABS,10'S,0
KET39,KETOHUNT TABS,10'S,0
KEY36,KEYCEPT S360 TABS,10'S,0
KEY05,KEYGRAF 0.5MG CAPS,10'S,0
KEY2,KEYGRAF 2.0 CAPS,10'S,0
LOD10,LODENS 10MG TABS,10'S,0
LODEN,LODENS F TABS,10'S,0
KLHFSD,PREGALODOS 25MG CAP,1*10,0
PREGDJ,PREGALODOS 50MG TAB,1*10,0
RDSR.,R DSR CAPS,10'S,955
RESPI,RESPILITE TAB,10'S,0
SEN30,SENTIDOR GEL,30GM,0
SUCMF9,SUCRAZIDE MF FORTE TABS,10'S,0
UBKID1,UBKINDLE CAPS,10'S,0
HGSHSD,10 LI M 500 SR TAB,1*10,0
UGWIGU,COFSTOP LS SYP,100ML,20
DOCOPO,DOCOWIZE PLUS TAB,1*10,0
1YS1OD,LACNID TAB,1*10,0
PRUCAK,PRUCAL LOTION 50ML,50ML,0
CLEVER,CLEVERA SYRUP,200ML,0
ASKLJF,ACNOVATE GEL 15GM,1*15G,0
HFHFHG,ACNOVATE TRIO GEL 15GM,1*30G,0
HFASFD,ACTILIFE PRO 200GM POWDER 1*200G,,4
ATLE,ACTILIFE TAB,15'S,90
SLKFNN,ACTON OR PLUS TAB,1*10,0
AC222,ACTON OR TABS,10'S,100
AGEL1,AGELESS SYRUP,200ML,0
AGE1,AGELESS TABS,10'S,0
AISA,AISA TAB,10,0
A082,ARK 75MG TABS,10'S,0
ARK75,ARK 75SR TABS,10'S,0
AK41,ARK GEL,30GM,0
ARKS1,ARK SPRAY,55GM,0
ARK11,ARK SR100MG TABS,10'S,0
ARK-AP,ARK-AP TAB,10,0
ASZ,ASCAZIN SYRUP,1X150ML,3
ASCA9,ASCAZIN TABS,10'S,20
AZI9,AZICLASS 100 SYP,50ML,0
AZI5,AZICLASS-200 SYP,30ML,6
QCASFF,CALCIX TAB,1*15,0
C1259,CARTIVIT OD CAPS,10'S,0
CHI11,CHITOMESH SF CREAM,10GM,0
CH21,CHITOMESH SF CREAM,5GM,0
CLEAR.,CLEARLIV DROPS,30ML,0
CLEAR9,CLEARLIV TABS,10'S,0
CLEAR,CLEARUTI SYRUP,100ML,6
CLEVE,CLEVIRA SYRUP,100ML,3
CLEV,CLEVIRA TAB,10'S,0
SDKHGF,COFSTOP CD SYP 100ML,1*100ML,0
DFJKHK,COFSTOP CDX SYP 100ML,1*100ML,34
DWEE,DWEET 3,30ML,17
EPINOR,EPINORM-MD,10'S,0
EVAHSJ,EVAZEL SR 200MG TAB,1*10,0
FOZ,FOLINZ TABS,10'S,0
HP99,HAPPYNAP CREAM,20GM,0
MJUIEH,HOUSE HOLD GLOVES,1*1,0
DSFDSF,HYDRILLA AD CREAM 100GM,1*100G,0
YFGK;H,HYDRILLA AD LOTION 200ML,1*200M,0
LAS10,LASMA 10MG TABS,10'S,0
LS21,LASMA 4MG TABS,10'S,0
LAS5,LASMA 5MG TABS,10'S,0
LAB,LASMA AB TAB,10,30
LASMA,LASMA LC KID SYP,60'ML,2
LAC3,LASMA LC KID TABS,10'S,0
LS121,LASMA LC TABS,10'S,50
JLHFJH,LMFOLINZ TAB,1*10,0
KDJSHF,MUPIMESH 5GM OINT,1*5GM,0
JKHFGH,MUPIMESH OINT 10GM,1*10GM,0
NEUZ,NEUROZIN CAPS,10'S,0
POJFNG,P 100 DROPS,1*15ML,30
P5001,P 500MG SYRUP,60ML,18
P052,P 500MG TABS,10`S,1340
P6,P 650 TABS,10'S,55
P250MF,P-250 MF SYRUP,60'ML,0
P120S,P120MG SYRUP,60ML,12
PD1,P125 DROPS,15ML,0
P051,P125MG TABS,10`S,0
P250T,P250 TABS,10'S,0
P125T,P750 MG TABS,10'S,0
PEXOLO,PEXOCLAV 625MG TAB,10'S,0
PEXO2,PEXOFLOX 200MG TABS,10'S,0
PP325,PT 325MG TABS,10'S,265
SCO21,SCODIA SR1000MG TABS,15'S,0
SCO11,SCODIA SR500 TABS,15'S,0
SCOD1,SCODIA SR750MG TABS,15'S,0
SOF30,SOFINOX OINT,30GM,0
SOLC,SOLECARE CREAM,1'S,0
S665,SOYAMIN 22 SYRUP,200ML,0
SP100,SPECTRATIL 100MG,4S,0
SPE200,SPECTRATIL 200MG TABS,10'S,0
SPECD,SPECTRATIL DRY SYRUP,30ML,0
SPX,SPECTRAXIME 250MG TABS,10'S,0
SPEC,SPECTRAXIME 750MG VIAL,10ML,0
BFHFHF,SUNBLOCK OC GEL,1*20GM,0
DJFKKG,SUNBLOCK OC GEL 50GM,1*50GM,0
TR41,THERMAL S SYRUP,60ML,0
THERS,THERMAL-S TAB,10'S,0
T536,TRIFER DROPS,15ML,2
T538,TRIFER SYRUP,150ML,0
T528,TRIFER TABS,15'S,0
TRIFER,TRIFER-XT TABS,10'S,400
SGFKGH,TRIGLIZE TAB,1*30,0
ZLT,ZELITA-7CAPS,10'S,0
Z271,ZINCODERM CREAM,15GM,0
Z275,ZINCODERM G CREAM,15GM,0
Z276,ZINCODERM GM CREAM,15GM,10
ZINCO,ZINCOFER NURTURE TABS,1*30'S,90
Z016,ZINCOFER SYRUP,200ML,3
Z015,ZINCOFER TABS,10'S,70
ZINC1,ZINCOFER XT TABS,10'S,0
ZINCD,ZINCOVIT CD TAB,10'S,110
SDJLJK,ZINCOVIT CL SYP,200ML,11
Z017,ZINCOVIT DROPS,15ML,20
DJKFNV,ZINCOVIT SF SYP 200ML,1*200ML,0
Z018,ZINCOVIT SYRUP,200ML,39
Z019,ZINCOVIT TABS,15'S,1165
FSDRBR,ZINCOVIT W TAB,1*10,40
FUER,AZKERA TAB,1*10,0
JYUFTD,CRESVIN BETA TAB,1*10,0
FL14,FOLICA HAIR OIL,100ML,0
L183,LACTODEX LBW TIN,400GM,0
PWEK9,POWERKAST L SYRUP,60ML,0
AZ19,AZALEA FACE WASH,0100ML,0
VGHAJ,DOIL-30ML,1*30ML,0
EL33,ELASTODERM CREAM,50GM,0
EMOL1,EMOLLIZ CREAM,50GM,0
LAT11,LACTIFEM LOTION,100ML,0
LACTFT,LACTUFORD SOLUTION,100ML,0
VFJHGU,TAR 18,1*100ML,0
VIT21,VITADERM OINT,20GM,0
WAT32,WATNIL LOTION',15ML,0
ADR3,ADRIL LOTION,100ML,0
HF14,HAIRMAX FORTE LOTION,60ML,0
LEMO1,LEMOLLIS HAIR SERUM,60ML,0
R0T1,ROOTZ HAIR OIL,100ML,0
ROOTM5,ROOTZ M5 LOTION,60ML,0
TP02,TOPGAIN LOTION,60ML,0
TOPS9,TOPSOR LOTION,30ML,0
TRIT,TRICOVIT TAB,10S,0
JKDBBF,TRIGAINE CAFFINE 100ML,1*1,0
VITAD4,VITADERM C CREAM,20GM,0
PZFNNF,APRIGLIM 1MG TAB,1*10,0
ALPHNF,APRIGLIM 2MG TAB,1*10,0
APR11,APRIGLIM M 0.5MG TABS,1*15,30
APG1,APRIGLIM M1 TABS,10'S,15
APM2,APRIGLIM M2 TABS,10'S,0
WJFHHG,APRIGLIM M4 TAB,1*10,0
APG11,APRIGLIM MF1 TABS,10'S,50
APRM1,APRIGLIM MF2 TABS,10'S,0
APR,APRIGLIM MF3 TAB,10,0
APRIG,APRIGLIM MV1 TABS,15'S,0
APR1,APRIGLIM MV2 TABS,15S,30
ATP10,ATORICA 10MG TABS,10'S,0
AT20,ATORICA 20MG TABS,10'S,0
ATOR,ATORICA 40MG TABS,10'S,0
BBS25,BEST BETA 25MG TABS,10'S,0
BET50,BEST BETA 50MG TABS,10'S,0
BBA1,BEST BETA AM50 TABS,10'S,0
FNSDNF,DAPARICA 10MG TAB,1*10,0
PRE3,PREZUM M75 CAPS,10'S,0
HFDKLH,PRIZIDE M 80MG TAB,1*15,0
PULN2,PULMODAY TABS,10'S,60
ROSU3,ROSURICA 10MG TABS,10'S,0
ROSC5,ROSURICA 5MG TABS,10'S,0
TELL6,TELCAD 20MG TABS,10'S,0
TELC1,TELCAD 40MG TABS,10'S,0
TELC3,TELCAD AM40MG TABS,10'S,0
TELCD1,TELCAD CD40MG TABS,10'S,0
TELC2,TELCAD H40MG TABS,1*15,0
TELD1,TELCAD H80 TABS,10'S,0
TEL50,TELCAD M50MG TABS,10'S,0
TRTHGK,TWINBLOCK 20MG TAB,1*10,0
TKRGHG,TWINBLOK 10MG TAB,1*10,0
TWINT9,TWINBLOK TRIO TABS,10'S,0
ZIOJKN,ZILDA M 500MG TAB,1*15,0
ZOM11,ZOMOZY TABS,10'S,0
APT,APTIZYME SYP,200ML,14
NEFP,NEVASULF POWDER,1X10GM,0
SUCRAM,SUCRAM-O SYP,200ML,0
UGDGRE,GLUCOCARD 0.1 ALU STRIPS,1*50,0
KUGDG,LULIDERM CREAM 40GM,1*40GM,5
JTHWSF,TRYPENTIN GEL,1*30GM,1
ZHFLHL,AZICLEAR SERUM LOTION,1*25ML,0
S1134,SAFE CARE LIQUIDE,5ML,0
ADG1,ADGRIL A CAPS,10'S,0
ADA,ADGRIL-A PLUS,10'S,0
ARL-25,ARELOL 25 SR TAB,10,0
ARL,ARELOL 50 SR TAB,1X10S,0
ARSH1,ARSHKALP OINT,20GM,0
ELSR,ELSAR H TABS,10'S,0
ELAS,ELSAR-25 TABS,10'S,0
EL50,ELSAR-50 TABS,10'S,0
SV22,SEVAL TABS,15'S,0
TELZH1,TELZAN H TABS,10'S,0
TRIZ,TRIZID SR TAB,10'S,0
VERTI,VERTIFREE TAB,10'S,40
ACT,ACN OR TAB,10;S,0
F200,FERTYL 50MG TABS,10'S,0
F391,FERTYL M 25MG TABS,30'S,0
F526,FERTYL SUPER 100MG TABS,5'S,0
GYYUIJ,MUCOBENZ M/W,200ML,0
P25,P250 SYRUP,60ML,11
BFHSHK,SOFTERON GOLD SYP,1*150ML,6
CKDJFG,CEFOVAULT CV TAB,1*6,0
SDHKFK,EDDATRSUT INJ 20ML,1*20ML,0
KHGFKG,GALIA FORTE CAP,1*10,0
YU,LEVITRY 500MG TABS,"10,S",0
NEUC3,NEURIT CD3 TABS,10'S,70
NEURI,NEURIT FORTE CAPS,10'S,0
NEU21,NEURIT PLUS INJ,2ML,0
WFNFNF,QCEFOR 250MG TAB,,0
EDKJFD,QCEFOR 500MG TAB,1*10,0
QVAF9,QVAULT FORTE CAPS,10'S,0
RENV21,RENOVAULT CAPS,10'S,0
FHDHLH,ROTOVAULT TAB,1*10,0
TRY32,TRYCIT PLUS TABS,10'S,0
TRYG9,TRYGALIN M TABS,10'S,0
RYRTDF,TRYGALIN NT TAB,1*10,0
TRYF1,TRYPAM FORTE TABS,10'S,0
TPT,TRYPENTIN 100MG TABS,10'S,0
TRYP,TRYPENTIN AT TAB,10'S,20
TRP11,TRYPENTIN G TABS,10'S,30
TRYNT,TRYPENTIN NT TABS,10'S,0
AC1,ACECLO 100 TABS,10'S,50
ACEM,ACECLO MR TAB,1X10'S,0
ACP,ACECLO PLUS TABS,15'S,70
ACE/SP,ACECLO SPAS TAB,10'S,0
ACESR,ACECLO SR 200 TABS,10'S,0
A430,ALPROVIT POWDER,200GM,0
A840,ALSARTAN 25MG TABS,10'S,0
ALST50,ALSARTAN 50,10`S,0
A833,ALSARTAN AM TABS,10'S,0
A705,AMBRODIL DROPS,15ML,0
AMB32,AMBRODIL LX SYRUP,100ML,0
A656,AMBRODIL PLUS SYRUP,100ML,0
A769,AMBRODIL S SYRUP,100ML,55
A653,AMBRODIL SYRUP,100ML,0
ABL30,AMBRODIL TABS,10'S,0
A712,AMBRODIL XP SYRUP,100ML,0
A-500,ARISTOCAL 500,15'S,0
ARIS,ARISTOMOL 650 MG,10'S,120
ARISTO,ARISTONEUROL OD TAB,10'S,190
A297,ARISTOZYME CAPS,15'S,75
A299,ARISTOZYME DROPS,15ML,1
AGOLD,ARISTOZYME GOLD TAB,10'S,60
A298,ARISTOZYME SYRUP,200ML,12
ATCH10,ATCHOL 10MG TABS,10'S,0
ATCH20,ATCHOL 20MG TABS,10'S,0
ATCH40,ATCHOL 40MG TABS,10'S,0
ATCASP,ATCHOL ASP CAPS,10'S,0
ATF,ATCHOL F TAB,1X10'S,0
AZ11,AZIVENT 100MG SYRUP,30ML,0
A1Z4,AZIVENT 250MG TABS,6'S,0
AZ21,AZIVENT 500 TABS,3'S,0
B340,BACIGYL N SYRUP,60ML,0
B447,BACIGYL N SYRUP,30ML,0
BUTR,BUTRUM 1MG AMP,1*5'S,0
FSBFSF,BUTRUM 2MG AMP,1*1ML,0
C1166,CAFE KIT,10'S,0
CX11,CAREX RF POWDER,200GM,0
C393,CEFADROX 125 DRY SYRUP,30ML,6
CR1,CEFADROX 125 REDIUSE,30ML,0
C1078,CEFADROX 250 DRY SYRUP,30ML,7
CR2,CEFADROX 250 REDIUSE,30ML,0
C392,CEFADROX 500MG TABS,10'S,0
C968,CEFADROX KID 125MG TABS,10'S,0
C394,CEFADROX KID 250MG TABS,10'S,0
CHEK3,CHEKCID 10MG TABS,10'S,0
EJKFKG,CHEXID D TAB,1*10,0
COLISM,COLISMA DROPS,5ML,4
COMAT,COMBITHER AT VIAL,1,0
CMK3,COMBITHER FORTE TABS,6'S,0
COM30,COMBITHER SYRUP,30ML,2
OMB,COMBITHER TAB,1X8S,0
0CR11,CRITIPRO DM POWDER,180GM,0
C1T3,CRITIPRO POWDER,200GM,0
DAR,DAROLAC CAPS,10S,20
DARS,DAROLAC SACHETS,1GM,11
DARS30,DAROLAC SYRUP,30ML,0
DR101,DAROLAC Z SACHAT,1GM,0
DAI,DAROLAC-IBS CAP,10S,0
DEC3,DEZACOR 30MG TABS,6'S,0
DEZ6,DEZACOR 6MG TABS,10S,0
DZ22,DEZACOR SYRUP,30ML,0
DOXO,DOXOMAX OD,10'S,50
DOX32,DOXOMAX XP TABS,10'S,0
DU7,DUOPIL 1/500 TAB,1X10'S,10
DUO2,DUOPIL 2/500 MG TAB,10'S,70
153,DUOTAX1.5,VIAL,0
DURT1,DURATAZ 1.125 VIAL,5ML,0
DR225,DURATAZ 2.25 INJ,5ML,0
DURZ,DURATAZ 4.5G I V,1X4.5GM,46
F158,FADINE 40MG TABS,14'S,0
F263,FLEXON MR TABS,10'S,330
F135,FLEXON SYRUP,100ML,13
F157,FLEXON SYRUP,60ML,3
F135,FLEXON SYRUP,100ML,29
F157,FLEXON SYRUP,60ML,27
3F156,FLEXON TABS,15'S,1585
TBCT,FLUMONT LC TAB,15'S,0
F448,FORCEF 125MG TABS,4'S,0
F445,FORCEF 250MG TABS,4`S,0
FORC,FORCEF 500MG TAB,10'S,0
F446,FORCEF CV 500MG TABS,6`S,0
FO250,FORCEF CV250MG TABS,6'S,0
FOSF,FOSFOCIN,1'S,2
GB14,GABAMAX 75 CAPS,10'S,70
GABA2,GABAMAX GOLD CAPS,10'S,30
JWHFFH,GABAMAX NT TAB,1*10,140
ABAM1,GABAMAX SR75 TABS,10'S,0
GMNT,GABAMAX-MNT TAB,10'S,50
GABAN,GABANEURON 100MG TABS,1*15'S,30
GABN,GABANEURON 300MG TAB,15,135
GABAGO,GABANEURON GOLD 100,10'S,0
GBADS,GABANEURON GOLD 300,10'S,30
JFDGSG,GABANEURON NT TAB,1*15,120
GJDGGF,GABANEURON NT 100MG TAB,1*15,45
GABA/,GABANEURON NT 200 MG TABS 15'S,,0
GABA40,GABANEURON NT 400,10'S,60
GB19,GABANEURON SR TABS,10'S,0
GLY80,GLYCIGON 80MG TABS,10'S,0
GMS,GLYCIGON M SR TABS,10'S,0
G307,GLYCIGON M TABS,10'S,270
GRANM1,GRANDEM MD TABS,10'S,0
GRAND,GRANDEM SYP,10ML,0
GRAN,GRANDEM-1 MG TABS,1*10,0
HXT,HAEMOPROL XT,10'S,80
HP19,HAPPI XT TABS,10'S,0
HAT3,HATRIC 3 SYRUP,60ML,0
HA3,HATRIC 3MG TABS,10'S,0
315,HATRIC SYP,30ML,0
H109,HOPECARD 2.5MG TABS,10`S,0
H2028,HOPECARD 5MG CAPS,10'S,0
IMMMJJ,IMMUGARD C TAB,1*10,0
LENLB,LENTECLIN-LB CAPS,10'S,0
LR14,LORNICAM PLUS TABS,10'S,0
LULI10,LULIDERM CREAM,10GM,8
LULILO,LULIDERM LOTION,30ML,5
MAXO1,MAXICEF-O 100MG SYP,1'S,3
MAXO2,MAXICEF-O 200 TAB,10'S,230
MAXO5,MAXICEF-O 50MG SYP,1'S,5
M659,MEFLOC 250MG TABS,4'S,0
MEAC,MEGA CV 375 CAP,6'S,36
MGC,MEGA CV 625 TABS,10'S,260
MEG41,MEGA CV DROPS,10ML,7
MG19,MEGA CV DRY SYRUP,30ML,8
MCV,MEGA CV DRY SYRUP,60ML,4
MGC4,MEGA CV DUO 1G TABS,6'S,0
MEG3,MEGA CV FORTE SYRUP,60ML,2
MEGA,MEGA CV-1.2 GM,1,6
JJASGF,MEGA FLEXON TAB,1*10,0
PIL,MEGACECLO P TAB,10-S,300
MAGMR,MEGACECLO MR TAB,10'S,170
IPL,MEGACECLO SP TAB,10-S,714
MEG,MEGACHOLIN AMP,2ML,22
ME11,MEGACHOLIN CAPS,10'S,50
UIHU,MEGACHOLIN PLUS TAB,1*10,104
MEGMFO,MEGAGLIPTIN MF FORTE,10,0
MEGAMF,MEGAGLIPTIN MF TABS,10'S,60
MEG19,MEGAGLIPTIN TABS,10'S,0
MEH1,MEGAHEAL GEL,50GM,3
MEG11,MEGAHEAL GEL,15GM,10
MEG45,MEGAHEAL GEL,200GM,0
MNJHVJ,MEGAHEAL SPRAY,1*60ML,1
JKDFBG,MEGANEURON NT 50 TAB,1*10,0
MEGO,MEGANEURON OD PLUS CAP,1X10'S,10
M240,MEGAPEN 1GM AMP,1*1,55
M441,MEGAPEN 250MG CAPS,10`S,0
M236,MEGAPEN 500GM CAPS,10'S,380
M239,MEGAPEN 500MG AMP,VIAL,17
M237,MEGAPEN KID TABS,10'S,1250
MEGZ1,MEGAZOLID 100MG SYRUP,30ML,0
MG644],MEGAZOLID 600MG TABS,10'S,0
MEGA1,MEGAZOLID IV,200MG,0
MEZP21,MEGAZOLID PLUS TABES,10'S,0
MEGAL1,MEGAZOLID(LIZOLID)300ML,600MG,0
QHIDRG,MELOSET 3MG,10*S,80
MER1GM,MERO 1GM AMP,5ML,25
MERO.,MERO 250MG INJ,1'S,0
JFHJKG,MERO 500MG INJ,1*1,0
NJHSDJ,MERO O 200MG TAB,10'S,30
GFDFKH,MERO O 300MG TAB,1*6,0
HBKHBK,MERO SB 1.5GM INJ,1*1,0
M233,MIKACIN 100MG AMP,1*2ML,48
M234,MIKACIN 250MG AMP,1*2ML,73
M235,MIKACIN 500MG AMP,2ML,90
MIKA75,MIKACIN 750 MG INJ,1'S,6
MN01,MINOSTA CAPS,10'S,0
MIN11,MINOSTA D3 TABS,10'S,0
M819,MONOCEF 125MG AMP,5ML,0
M243,MONOCEF 1GM AMP,1*1,917
M244,MONOCEF 250MG AMP,5ML,9
MON2GM,MONOCEF 2GM AMP,2GM,0
M215,MONOCEF 500MG AMP,5ML,36
M844,MONOCEF O 100 SYRUP,30ML,3
M832,MONOCEF O 100MG TABS,10'S,80
M833,MONOCEF O 200MG TABS,10'S,332
MONOK5,MONOCEF O 50 KID TABS,10'S,0
M846,MONOCEF O 50 SYRUP,30ML,6
DFFHGK,MONOCEF O CV 100 SYP,1*30ML,0
MLFHLH,MONOCEF O CV 100MG TAB,1*10,0
MN43,MONOCEF O CV 200 TABS,10'S,0
MOC1,MONOCEF O CV SYRUP,30ML,0
MONOBS,MONOCEF O DROPS,10ML,2
DMFNHG,MONOCEF O DT 100MG TAB,1*10,0
MN1,MONOCEF SB 1G,1,10
MON32,MONTAZ 125MG AMP,125MG,0
MON1,MONTAZ 1GM AMP,1X1GM,10
MONI,MONTAZ 250GM AMP,1*250,32
CEI,MONTAZ 500 AMP,1*500 GM,0
MONT5,MONTINA 4MG TABS,10'S,0
MONFX,MONTINA FX TAB,10'S,150
MONL9,MONTINA L SYRUP,30ML,5
HFFABV,MUCIFLO TAB,1*10,0
NASOHA,NASOHOLD NASAL SPRAY,1'S,2
FLGNNG,NEBI AM TAB,1*10,0
NEXOM,NEXOM 40 TAB,15'S,245
NEXRF,NEXOM RD CAP,10'S,170
OS120,O-STAT 120MG TABS,10'S,0
OS60,O-STAT 60MG TABS,10'S,0
OMV11,OMCEF 200 TABS,10'S,0
OMNI01,OMNICEF 1GM INJ,1GM,0
OM101,OMNICEF O 200TABS,10'S,0
ORNT,ORNICEF TABS,10'S,0
O290,ORNIDA TABS,10'S,50
ORF1,ORNOF RF SYRUP,30ML,0
ORN7,ORNOF TABS,10'S,84
OS1T1,OSTEBON PLUS TABS,20'S,0
OB,OSTEOBON PLUS TABS,1X20'S,0
P1421,PANTOP 20MG TABS,10'S,60
P1217,PANTOP 40MG TABS,15`S,325
PANTOP,PANTOP 80 TAB,10'S,20
PANTOD,PANTOP D CAPS,15'S,2865
PATD,PANTOP DSR CAP,15'S,445
PTHP,PANTOP HP TABS,7'S,7
PPT,PANTOP I.V 40MG,40MG,74
ANTOP,PANTOP IT CAPS,10X10'S,0
PAT11,PANTOP LS CAPS,10'S,100
PANP11,PANTOP MPS SYRUP,200ML,5
PED11,PEDPRO DAILY POWDER,200GM,0
PD23,PEDPRO POWDER,400GM,0
P1D1,PEDPRO POWEDR,200GM,0
POLIJ,POVIDON OINT,20GM,3
POW1,POWERFORCE TABS,2'S,0
IUFGKG,PROFINE SR 200MG TAB,1*10,0
PROGG,PROGG SACHET,0.5GM,11
PR,PROSTAGARD 4MG CAPS,10;S,0
PROD4,PROSTAGARD-D4 TABS,10'S,40
PROTG,PROTEIN POWDER,200GM,0
PROT3,PROTONE MOM POWDER,200GM,0
PUR1,PURE MCT POWDER,40GM,0
QU5,QURE 500MG TABS,10'S,0
RABIT,RABITOP 20MG TABS,10'S,0
BIT,RABITOP DSR CAPS,10'S,200
RACE1,RACECLO CAPS,10'S,30
S606,SEMI GLYCIGON TABS,10'S,0
SITAGL,SITAGLO DM TABS,10'S,30
SMULA,SMULAC SYP,200ML,2
SML1,SMULAX SYRUP,100ML,0
SMUY,SMULYTE SYP,200ML,1
SMUTH,SMUTH CREAM 30G,30G,3
SMUTL9,SMUTH L SYRUP,150ML,1
SM,SMUTH SYRUP,110ML,9
SMU,SMUTH TABLETS,10,0
SOFT9,SOFTERON CAPS,15'S,0
CNVSNV,SOFTERON GOLD TAB,1*10,60
S432,SOFTERON Z CAPS,15'S,0
S780,SPARQUIN 200MG TABS,10'S,0
JDFJHL,STRESNIIL PLUS 5.25,1*10,10
SDFJHH,STRESNIL 0.25MG TAB,1*10,30
TE21,TELVAS 20MG TABS,15'S,85
TEL39,TELVAS 3D 80 TAB,10'S,30
ELVA1,TELVAS 3D TABS,10'S,200
LTEL,TELVAS 40 TAB,15;S,25
TLL1,TELVAS 80MG TABS,1*15,0
TL13,TELVAS AM TABS,1*15,420
TELVAS,TELVAS BETA25MG TABS,10'S,280
TELV2,TELVAS BETA50MG TABS,10'S,70
TELV.,TELVAS CT 40MG TABS,10'S,120
TELCT,TELVAS CT 80,10'S,0
TLV,TELVAS H 40/12.5,10'S,570
DHGHGL,TELVAS H 80/12.5MG TAB,1*10,170
TELH1,TELVAS H80/6.25MG TABS,10'S,0
FSGGHH,TELVAS LN 40MG TAB,1*10,0
TH14,THIOCECLO 4MG TABS,10'S,0
T,10 THIOCECLO 8MG TABS,10'S,0
THI8,THIOCECLO SR8 TABS,5'S,0
T207,TOBACIN EYE DROPS,5ML,2
TRIO,TRIOPIL 1 TAB,1X10'S,0
TRIOP2,TRIOPIL 2MG TABS,10'S,0
UIHLHG,ULTRAMOL 650MG TAB,1*10,0
ULT05,ULTRAMOL TAB,1X10'S,0
ULTRAZ,ULTRAZOLID 200 TAB,7'S,14
HSDJ,URIHOLD-25,10'S,20
UT,UTJOY SYRUP,100ML,4
VHJHJK,V TOTAL SYP 200ML,1*200ML,6
FIKJHG,V TOTAL TAB,1*10,60
VAS11,VASONEXT CAPS,10'S,0
VDGD50,VILDAGARD 50,1*15,0
JHVILD,VILDAGARD M 50/500 TAB,15'S,30
VILDAG,VILDAGARD M50/1000MG TAB,1*15,0
V072,VISCO SYRUP,200ML,1
SDJFJH,XYMOHEAL D TAB,1*10,0
S4002,ZEROTUSS SYRUP,60ML,0
ZER11,ZEROTUSS SYRUP,100ML,0
ZERO1,ZEROTUSS XP DROPS,15ML,0
ZER33,ZEROTUSS XP SYRUP,100ML,0
ZYM11,ZYMOFLAM D TABS,10'S,0
ZYMM1,ZYMOFLAM TABS,10'S,0
ETOW9,ETOWISE P TABS,10'S,0
ACCJNJ,ACCESS P TAB,1*10,0
BIOT2,BIOTEL H TABS,10S'S,0
CALQ1,CAL Q CARE TABS,10'S,0
CJHDJK,COLE QUE TAB,1*10,0
CKLCVN,GLADLY M1 TAB,1*10,50
FHBNGN,GLADLY M2 TAB,1*10,50
GDL1,GLADLY MP2 TABS,10'S,20
GLYF1,GLYFER XT TABS,10'S,0
IRC11,IRICH XT CAPS,10'S,0
JANU30,JANUCORT 30MG TABS,10'S,0
JANU6,JANUCORT 6MG TABS,10'S,0
LEA11,LEAST TABS,10'S,0
LYM1,LYWIN FORTE CAPS,10'S,0
LYW1,LYWIN PLUS CAPS,10'S,0
MECK1,MECK PG CAPS,10'S,0
MONT12,MONTIN LC TABS,10'S,0
MYC11,MYVITAL CAPS,10'S,0
PANN1,PANEL 40MG TABS,10'S ],0
QDI11,QUDOXIM 200MG TABS,10'S,0
STA20,STARRY 20MG TABS,10'S,0
THI04,THIOAX 4MG TABS,10'S,0
TRYP11,TRYPAM PLUS TABS,10'S,0
CAKCT,CALKEY CT CAPS,10'S,0
CALK3,CALKEY D3 TABS,10'S,0
DEZ30,DEZCA 30MG TABS,10'S,0
DEZC6,DEZCA 6MG TABS,10'S,0
FOLFZ,FOLCIFER Z CAPS,10'S,0
NERS9,NERSOFT GNT CAPS,10'S,0
PANT40,PANTASY 40MG TABS,10'S,0
PANT9,PANTASY DSR CAPS,10'S,0
SPIN,D SPINRAB DSR CAP'S,10'S,0
HOIH,TENDOCIN TAB,1*10,0
VITAD,VITADOSE CAPS,10'S,0
MASP11,MAS PG CAPS,10'S,0
MYON9,MYONERVE PLUS CAPS,15'S,0
K1Y1,KEYGRAF 1MG TABS,10'S,0
BFGUFA,PROSTAGARD 8MG TAB,1*10,50
ABP200,AB PENEM TABS,6'S,0
AJCGKJ,ACNICE SOAP,1*75GM,0
COJGJF,CONTOUR PLUS 50'S,50'S,0
CONTOU,CONTOUR PLUS KIT,1,0
MICROL,MICROLET COLOURED LANCETS 1*100'S,,0
UYHWFI,PAN MPS O SYP,1,0
ALLK,ACITROL SYRUP,100ML,0
AC33,ACPL TABS,10'S,0
ALGTAB,ALGITAB,10'S,0
AL,SP ALGITAB SP,10'S,0
BB12,BIZYTAB DROPS,15ML,2
CAR211,CAREVIT SYRUP,200ML,0
CHOC1,CHOCO PROTINEX FORTE,200GM,0
CHP9,CHOCO PROTINS POWDER,100GM,0
DCF,DELCAR FORTE TABS,10'S,140
DELSYP,DELCAR SYP,100ML,0
DEL9,DELCAR TABS,20'S,0
EASN,EASYLIDE TABS,1X10'S,0
FINL1,FILANIL FORTE TABS,10'S,0
FITFAT,FITFAT CAPS,10'S,0
FOC,FOLICAP 30'S CAPS,30S,0
FOZY,FOZY 400MG TABS,1'S,0
MOU99,MOULCER TABS,10'S,0
MT21,MTHL 500MG TABS,10'S,0
MULI,MULTIDEC CAPS,10'S,0
MULTD,MULTIDEC DROPS,15ML,0
MEJ,MULTIDEC SYP 100ML,100ML,0
MU2,MULTIDEC SYP 200ML,200ML,0
NUVI1,NUVIT CD POWDER,200GM,0
NUV11,NUVIT KID POWDER,200GM,0
NUV1,NUVIT POWDER,200GM,0
PA6,PACEMO -650MG TAB,10S,0
PRM2,PROMTEC TABS,10'S,0
RB1M,RB1 M TABS,10'S,0
RB1,RB1 TABS,10'S,0
RE332,REALIFAST 500MG TABS,10'S,0
RAL1,REALIFAST 650 TBAS,10'S,0
REP1,REALIFAST PLUS TABS,10'S,0
SUPP1,SUPPER SYRUP,100ML,0
VITVSY,VITAVIN SYRUP,1'S,0
XAL1,XAFLO 400MG TABS,10'S,0
XZ11,XAFLO OZ TABS,10'S,0
XE121,XEBEX TABS,10'S,20
PROG1,PROGRAF 1MG TABS,10'S,0
LHKEFG,AQ 10 CAP,1*10,0
COLIJ,COLIJOY DROPS,5ML,3
CZINCD,CZINC-D3,15'S,135
DISNE,DISNEE DROPS,15ML,0
DOLOTR,DOLOTRYP TABLETS,10'S,490
GSDGKH,I-BEST CM SYP 100ML,1*100ML,0
IB21,I-BEST SYRUP,100ML,0
IBS21,I-BEST TABS,10',0
I,BEST IBEST-CM SYP,300 ML,3
KJSHF,IBEST-CM TAB,10'S,30
DKHFFF,MFOL B6 TAB,1*10,0
ON12,ONE 12 INJ,2ML,0
ONE12J,ONE 12 JUNIOR SYRUP,100ML,0
1ON,ONE 12 SYP,200ML,6
ONE..,ONE-12 DROPS,15ML,0
ONE2,ONE-12 TABS,15'S,195
BSHFGW,QTERN 5/10MG TAB,1*14,0
STR32,STRONGCAL TABS,15'S,0
VENDR,VENTYL DROPS,15ML,3
VENT9,VENTYL SYRUP,100ML,0
AJJKJK,ARIMIDEX 1MG TAB,1*14,0
B052,BETALOC 100MG TABS,10'S,0
B555,BETALOC 25MG TABS,30'S,0
B053,BETALOC 50(METOPROLOL),30'S,120
B1735,BETALOC H TABS,10'S,0
B056,BRICANYL 2.5MG TABS,20'S,0
B063,BRICANYL SYRUP,100ML,0
B614,BRICAREX A SYRUP,100ML,0
B064,BRICAREX EXP SYRUP,100ML,0
B065,BRICAREX EXP SYRUP,200ML,0
BRIL1,BRILINTA 60MG TABS,14'S,0
ASDFHG,BRILINTA 90 TAB BOTTLE,1*180,0
BRILIH,BRILINTA 90MG TAB,1*14,0
BRGHHR,BRLINTA 90MG TAB,1*14,0
C103,CERVIPRIME GEL 0.5,3GM,0
CR43,CRESTOR 10MG TABS,30,0
CRE11,CRESTOR 20MG TABS,10'S,0
C1R1,CRESTOR 5MG TABS,30S,0
FOXG3,FORXIGA 10MG TABS,14'S,0
FPORJS,FORXIGA 5MG TAB,1*14,0
GL26,GLADIS TABS,30'S,0
I008,IMDUR 30MG TABS,30'S,0
I009,IMDUR 60MG TABS,30'S,0
KOMHHF,KOMBIGKLYZ XR 5/500MG TAB 1*7,,0
KOM12,KOMBIGLYZE 5MG/1000 TABS,7'S,0
KOM11,KOMBIGLYZE XR5/500 TABS,7'S,0
LJHKHG,MERONEM 1GM INJ,1*1GM,0
LSJFHK,MERONEM 500INJ,1*1,0
L038,MITS LINCTUS CODEINAE SYP 100ML,,0
M445,MITS LINCTUS-D,100ML,0
M557,MITS LINCTUS-DX,60ML,0
NAK,NEKSIUM 20MG TABS,10'S,0
789,NEKSIUM 40MG,10'S,0
N080,NOLVADEX 10MG TABS,10'S,0
OL2.5,ONGLYZA 2.5MG TABS,14'S,0
OAX1,ONGLYZA 5MG TABS,14'S,0
O217,OXYVIT 19 CAPS,10`S,0
R032,RAMACE 5MG CAPS,15'S,0
SELIOP,SELOKEN XL 100MG TAB,1*15,0
SELXL2,SELOKEN XL 25MG TABS,15'S,0
SE15,SELOKEN XL 50MG TABS,30'S,0
SEL4,SELOMAX 25/2.5MG TABS,7'S,0
SL63,SELOMAX 50/5MG TABS,7'S,0
OL521,SELORAM 25/2.5MG TABS,7'S,0
SEL11,SELORAM 50/5 TABS,7'S,0
SYR,SYMBICORT TURBUHALER,1'S,0
XHFGHN,XIGDUO IR 5/1000MG TAB,1*14,0
XOIGNN,XIGDUOP XR 10/1000MG TAB,1*7,0
DSLJHG,XYLOCAINE 2% GEL,1*30GM,0
X003,XYLOCAINE OINT 5%,20 GM,0
X002,XYLOCAINE VIAL 2%,30ML,28
X008,XYLOCAINE VISCUOS SYRUP,100ML,0
E516,EATS SYRUP,200ML,0
URIT,URITOP TABS,10X10'S,0
A553,ASWINI HAIR OIL,100ML,0
ACTB9,ACTIBEX TABS,10'S,0
GJGJGG,OPTIKA TINS CREPE BAND,1*1,31
DFEE1,DFREE SHAMPOO,100ML,0
HFHLHH,CLORAL 10MG LOZENGES,1*10,0
EPONEF,EPONEF 6000IU INJ,1,0
LYC05,LYCOGEM FORTE CAPS,10'S,0
BHFHBF,VIRANZ 600MG TAB,1*1,0
ANSSAG,ANABOOM AD SHAMPOO,100ML,0
AX112,AUXITROL 0.25MG CAPS,10;S,0
NFM1,NEFROMEGA CAPS,10'S,0
REN,O RENOQUE CAPS,10'S,0
REN6,RENOSAVE FORTE TABS,10'S,0
RN21\,RENOSAVE TABS,15;S,0
ACTL,ACTONEL 35 TAB,4S,0
ALL120,ALLEGRA 120MG TABS,10'S,110
ALL30,ALLEGRA 30MG TABS,10`S,0
ALLE1,ALLEGRA M TABS,10'S,26
ALKFJJ,ALLEGRA NASAL SPRAY,1*1,1
ALLEFG,ALLEGRA SYP,100ML,2
ALA,ALLEGRA SYRUP,60ML,0
ALL,S ALLSTAR AMP,1,0
AMARY2,AMARYL 2MG TABS,1*30,30
A4739,AMARYL 3MG TABS,30'S,0
AMM,AMARYL M 1MG TAB,20S,40
AMM2,AMARYL M 2MG TAB,1*20,0
AM13,AMARYL M FORTE 1 TABS,1*15,0
AMAL1,AMARYL M FORTE 2 TABS,1*15'S,0
AMR1,AMARYL MP1 TABS,10'S,0
AMP1,AMARYL MP2 TABS,10'S,0
AMAV1,AMARYL MV1 TABS,15'S,105
AMMV2,AMARYL MV2 TABS,15'S,30
AMAP1,AMARYL P1 TABS,10'S,0
AP1,AMARYL P2 TABS,10'S,0
APID1,APIDRA 10ML VIAL,100ML/10,0
APID01,APIDRA CATRIDGE,3ML,0
APD11,APIDRA SOLOSTAR,100/3ML,0
A4798,ARAVA 20MG TABS,30'S,0
AVIL25,AVIL 25MG TABS,15'S,6970
AVIL50,AVIL 50MG TABS,15'S,1965
A365,AVIL AMP,2ML,250
A471,AVIL TABS,10'S,0
A462,AVIL VIAL,10ML,137
BARALG,BARALGAN NU TAB,1*10,0
BUSCO,BUSCOGAST TABS,10'S,0
CARD10,CARDACE 10MG TABS,1*15'S,30
CAR2.5,CARDACE 2.5MG TABS,15'S,75
CARDA5,CARDACE 5MG TABS,1*15'S,30
CAP5,CARDACE AM2.5/5MG TABS,1*15'S,0
CAM1,CARDACE AM5/5 TABS,10'S,0
CRDH,CARDACE H 10 TAB,1*15,0
CARH25,CARDACE H 2.5MG TABS,15',90
CARDH5,CARDACE H 5 TAB,15'S,60
CAR10,CARDACE METO 5MG TABS,10'S,50
CARP1,CARDACE PROTECT 2.5 TABS,10'S,0
CAR55,CARDACE PROTECT 5 TABS,10'S,0
C895,CETAPIN P15 TABS,10'S,0
CETA.,CETAPIN V0.2MG TABS,15'S,0
CET03,CETAPIN V0.3MG TABS,1*15'S,0
CETA,CETAPIN XR 1000MG TAB,15'S,0
CH99,CHAMPIX 1MG TABS,1,0
C961,CLEXANE 60MG AMP,0.6ML,0
CM01,COMBIFLAM GEL,15GM,1
COM31,COMBIFLAM PLUS,4'S,0
CIOHOJ,COMBIFLAM SPRAY 35GM,1*1,0
C131,COMBIFLAM SYRUP,100ML,10
C132,COMBIFLAM TABS,20'S,600
JKHFNF,CORDARONE INJ 3ML,1*3ML,0
DAO,DAONIL M TABS,15'S,0
D100,DAONIL TABS,30'S,270
ENL3,ENLARGE FORTE SACHET,10GM,0
ET42,ENTEROGERMINA CAPS,4'S,0
FESTAN,FESTAL N TABS,10'S,0
ASFJKG,FLUQUADRI INJ,1*1,0
FIRSI5,FRISIUM 5MG TABS,15'S,105
GLM9,GLIMSITE 2MG TABS,10'S,0
T4029,GLIMSITE M1 TABS,10'S,0
1012,GLIMSITE MP1 TABS,10'S,0
GMP2,GLIMSITE MP2 TABS,10'S,0
H193,HAEMACCEL IV,500ML,3
HOSTC5,HOSTACYCLINE 500MG CAPS,15'S,0
IS25,INSUMAN 25/75 COMBO,3ML,0
I161,INSUMAN 25/75 VIAL,10ML,0
IS50,INSUMAN 50/50 COMBO,3ML,0
I171,INSUMAN BASAL VIAL,1'S,0
I170,INSUMAN RAPID VIAL,1'S,0
LAN,T0 LANTUS 10ML VAIL,1,0
LAN,LANTUS 3ML CARTRIDGE,3ML,3
LN12,LANTUS SOLOSTAR,,2
LANT,LANTUS VIAL,10ML,0
LASI50,LASILACTONE 50MG TABS,10'S,120
LAX04,LASIX AMPS,4ML,145
L245,LASIX TABS,15'S,980
BKGKJB,MENACTRA 0.5ML VACCINE,1*1,0
MES32,MESITE XR1000 TABS,10'S,0
GRGWE,MONTEK FX TAB,1*15,0
MULT1,MULTI 8 TABS,10'S,0
N332,NOVALGIN TABS,10`S,0
PN101,PENTAXIM 0.5ML VAIL,2ML,0
P23,PNEUMO 23 VACCINE,1'S,0
PROC.3,PROCTOSEDYL BD OINT,20GM,3
P082,PROCTOSEDYL OINT,10GM,0
R305,RABIPUR VIAL,1`S,0
REJ2,REJUSITE TABS,10'S,0
DJLHFJ,SEMI AMARYL M TAB,1*10,0
S439,SEMI DAONIL TABS,10'S,0
SIT11,SITESTAT 10MG TABS,10'S,0
S080,SOFRACORT EYE DROPS,5ML,0
S081,SOFRADEX CREAM,20GM,0
S082,SOFRADEX F OINT,15GM,0
SOFR,SOFRAMYCIN OINT,30GM,23
STA02,STARVOG 0.2MG TABS,1*10,0
STGM2,STARVOG GM2 TABS,10'S,0
STN,STILNOCT 6.25MG TABS,10'S,0
T418,TARGOCID 200 VIAL,1*1,0
ASHVSD,TARGOCID 400 INJ,1*1,0
TAVI,TARIVID 200 TABS,5'S,0
TARIV,TARIVID 400MG TAB,5'S,0
TLH21,TELSITE 40MG TABS,15'S,0
TEAM1,TELSITE AM TABS,10'S,0
TELH9,TELSITE AMH TABS,10'S,0
TEL40,TELSITE H TABS,10'S,0
TRENT4,TRENTAL 400MG TABS,15'S,0
VL,4 VINLEP 150MG TABS,10'S,0
VN14,VINLEP 300MG TABS,10'S,0
VOG11,VOGSITE MD0.3 TABS,10'S,0
GABATR,GABA TRIO,10'S,0
PAN,L PANTEVA-L,10,0
FERADO,VEVACLAV DDS SY,30ML,0
VY,VI-SYNERAL DROPS,15ML,0
AV44,AVIGLEN FORTE TABS,10'S,0
VIB31,VIBRATE TABS,10'S,0
VC22,VICOX TABS,10'S,0
PYCNOP,PYCNOPENE CAPS,10'S,0
AML12,AMOL 650MG TABS,10'S,0
ANF,AXION FORTE TABS,10'S,0
AX01,AXOMYLIN INJ,1ML,0
ANER,AXONEURON ER TABS,10'S,0
EPP[3,EPICLA CAPS,10'S,0
GUL11,GLUT4 CAPS,10'S,140
GWS,GROSUR POWDER,200G,0
GR19,GROW SURE D POWDER,200GM,0
GR21,GROW SURE VANNILA POWDER,200GM,0
HBR1,HBRIZE CAPS,10'S,0
HNSDHG,ABHAYARISHTA SYP,1*450ML,0
VMSDNH,AGASTHYA RASAYANAM 500GMS 1*500GM,,0
FWEMG,AJAMAAMSA RASAYANAM 500GM 1*500GM,,0
GHBH,AMAVATARI RAS TAB,1*40,0
JFJKRE,AMRITARISHTA,1*450ML,0
FJK2WE,AMRUTH JEEVAN RASAYAN,1*1,0
HCHSDG,ANU THAILAM 10ML,1*10ML,0
HUISY,ARTHROJITH TAB AVP,1*10,0
JFKFFJ,ARTILON SOFT GEL CAP,1*10,0
SLJFHH,ASHTAVARGAM TAB,1*60,0
FMHNWE,ASHWAGANDHARISHTA SYP,1*450ML,0
WEIUWQ,ASWAJITH CAP AVP,1*10,0
KFEAF,AVIPATHI CHOORNAM 50GM,1*50GM,0
NSGTR,AVIPATTIKAR CHURNA 60GMS,1*60GMS,0
A11218,AYUR SLIM TABST,60'S,0
DFKNJK,BAIDYANATH CHYAWN SF,1*1,0
BFHSDG,BRAHMI THAILAM 200ML,1*200ML,0
FKWEFG,CALSKEL NUTRA TAB,1*30,0
MDSHF,CARDO STAB TAB,1*10,0
HTYJTU,CEPHAGRAINE TAB,1*40,0
NJKFFD,CHANDRAPRABHA GULIKA TAB,1*10,0
HJFWHT,CYSTOLIB NUTRA,1*30,0
FDFFFF,DABUR GILLOY CHURNA 100GM 1*1,,0
JFHRT,DASAMOOLAKADUTHRAYAM,1*10,0
GMERJ,DASHMOOLA JIRAKAM,1*450ML,0
KLGSG,DHANADANAYANAADI KA TAB,1*10,0
TKJIUJ,DHANWANTHARAM AAVARTHI,1*10,0
KJHBGH,DIARID TAB,1*10,0
GJHREU,ELAADI SOAP,1*75GM,0
HFSWQR,ERAND TAIL,1*50ML,0
GHDUG,GANDHA THAILAM SOFTGEL,1*10,0
KRERY,GOKSHURADIGUGGUL TAB,1*80,0
GOSWAM,GOSWAMI PLASTER,1*1,0
NIUHUI,GRAB CAP,1*10,0
JHBGEG,GUGGULUTHIKTHAK,1*10,0
UEWYQE,GULGULTHIKTHAKAM KA TAB,1*10,0
MNADFJ,GULGULUTHIKTHAKAM KA TAB,1*10,0
GLRKEJ,HAEMATONE SYP,1*200ML,0
NHWTR,HALIN DROPS SOFT GEL CAP,1*10,0
HFJGYU,HARIDRAKHANDAM,1*100GM,0
J6QFWQ,HONITUS ADULSA C/SYP,1*100ML,0
FFGYQ,HONITUS SYRUP,1*200ML,0
VNSDJH,INDUKAANDA GHRUTHAM 200ML 1*200ML,,0
GMJHMV,INDUKAANDAM KA TAB,1*10,0
NIHDIH,INSTARELAX ROLL ON,1*50ML,0
NGCVBI,JAATHYAADI GHRUTHAM,1*50GM,0
JAP11,JAPANI OIL,15ML,0
HGJHH,KAANCHANAARA GULGULU,1*10,0
",FKJEW",KAISORAGULGULU VADIKA TAB 1*50,,0
DBASD,KAISORAGULGULU VADIKA TAB 1*50,,0
FJWEI,KALINDHI OIL,1*100ML,0
JKTHER,KANKAYAN BATI (ARSH) TAB,1*40,0
KES1GM,KESARI SAFFORN,1GM,0
KES05,KESARI SAFFRON,0.5GM,0
KES025,KESARI SAFFRON,0.25GM,0
KLFJEW,KHADIRARISHTA SYP,1*450ML;,0
JGHRTJ,KINEAZ OIL,1*50ML,0
DBGAW,KOOSAMAANDA RASAYANAM,1*300GM,0
SGBSG,KOOSMAANDA RASAYANAM,1*300,0
JFGJHI,KSHEERABALA AAVARTHI 101,1*10,0
KSHDGG,KSHEERABALA SOFTGEL,1*10,0
JSCFHA,KUMKUMAADI LEPAM,1*10GM,0
FKHKFH,KUMKUMADI THAILAM 25ML,1*1,0
NCRHE,LAL TAIL ALL,1*1,0
HWHDJ,M BODY SOAP,1*75GM,0
FJIEWF,MAANASAMITHRA VADAKAM TAB 1*10,,0
GKLKHR,MADHUMEHA KUSU TAB,1*30,0
FGGU,MAHA RASNADI KWATH,1*450ML,0
HJHJHH,MAHA TRIPHALADI,1*10,0
KJKE,MAHAANAARAAYANA THAILAM,1*100ML,0
FGHGHF,MAHAARAASNAADI KA TAB,1*10,0
KSDFGS,MAHAATHIKTHAKA LEPAM,1*10GM,0
JLDHFF,MAHATRIPHALADI GHRITA CAP 1*10,,0
WEILFU,MULETHI,1*100GM,0
JSHYUS,MUSHTARISHTAM 450ML,1*450ML,0
WFWEF,MUSTAKARISHTA,1*450ML,0
FJHGUT,NAARASIMHA RASAYANAM,1*400GMS,0
FKWEI,NAGARJUNA CHYAVANAPRASAM,1*500GM,0
FSDJHF,NARASIMHAGRITHA,1*10,0
JHMFSD,NISAAKATHAKAADI KA TAB,1*10,0
NBVE,NUTRAL TAB,1*10,0
NUTS,NUTRI SLIM,500GM,0
NUT31,NUTRI SLIM TABS,60'S,0
HTGRT,PADOLAKADUROHINYAADI,1*200ML,0
KJHOHF,PANKAJA KASTURI BRAHMI,1*200ML,0
FKJHLF,PANKAJA KASTURI ORTHO,1*100ML,0
HFFHLH,PANKAJA KASTURI ORTHOHERB 1*10,,0
RAJRD,PIGMENTO OINT,1*50GM,0
JFHEWU,PILONIL TAB,1*10,0
NGYSFS,PUDINHARA ANTACID SYP,1*200ML,0
SDJKFE,RAASNASAPTHAKAM KA TAB,1*10,0
ASGHDF,RAJAHPRAVARTINI VATI TAB,1*60,0
IUWTW,RAKTHA CHANDAN SOAP,1*75GM,0
ITUTTW,RASNADWIGUNAPAKAM KA TAB,1*10,0
GHFUG,RASOTHAMAADI LEPAM,1*10,0
RESP9,RESPONSE OIL,100ML,0
REPS,RESPONSE SYP,200ML,0
FYYUY,RHEUMARID TAB,1*10,0
SDMGH,SAHACHARAADI KA TAB,1*10,0
GLKWRJ,SAHACHARAADI THAILAM,1*200ML,0
EHGQWT,SARASWATHARISHTAM WITH,1*25ML,0
LGYKRU,SARIVADHYASAVA SYP,1*450ML,0
LKJUBH,SCIATILON SOFTGEL CAP,1*10,0
GJSDFY,SPONDYLON CAP,1*10,0
GJERHG,THAALEESAPATHRAADI TAB,1*10,0
FGWSR,THRIPHALA GULGULU TAB,1*10,0
HDGDHF,TRIKATU CHURNA,1*100GM,0
LTRIPH,TRIPHALA GUGGULU,1*40S,0
JHTRTR,TULINA SHAMPOO,1*250ML,0
GHSYUG,TUSKER BALM,1*10GM,0
RHUTET,URTIPLEX 20 CAP,1*20,0
FGMDHW,VARANAADI KA TAB,1*10,0
NJHF,VASASAVA,1*450ML,0
VIA11,VIA GOLD SACHET,7.5GM,0
DGFWET,VILWAADI LEHYAM 100GM,1*100GM,0
FJWJD,VISCOVAS TAB,1*10,0
HKYTWG,YASHTI MADHU TAB,1*60,0
JFG,YOGRAJ GUGGULU MAHA TAB,*40,0
785,EUTHYROX 75MG,1*1,0
JHUETY,GUBB NAIL CUTTER,1*1,0
P,400 PULMOCARE 400GM,400 GM,1
P386,PULMOCARE POWDER,200GM,0
SAFON,SAFFRON,1GM,0
ACFLD,ACTIFIT ADULT LAR DIA,5'S,0
ACTLD,ACTIFIT ADULT LAR DIA,10'S,0
ACTM,ACTIFIT ADULT MED DIA,5'S,0
KESHK,KESHKING CAPS,10'S,0
KES11,KESHKING OIL,120ML,0
"KESH.,",KESHKING OIL,300ML,0
KES3,KESHKING SHAMPOO,120ML,0
BAIDHP,BAIDYANATH HONEY,500GM,0
BASA1,BASANTH KUSUMAKAR RAS,30'S,0
C1262,CHYAWANPRASH (BAIDYA),250GM,0
C1263,CHYAWANPRASH (BAIDYA),500GM,0
ISA100,ISABGOL 100GM(BAIDYANATH) 100G,,0
MADIP,MADIPHAL RASAYANA,1'S,0
MPR200,MADIPHAL RASAYANAM,200ML,0
M606,MADIPHAL RASAYANAM,100ML,0
PMD,PUNARNAVADI MANDUR BAIDY,1*40,0
VIAT,VITA EX GOLD,10'S,0
V086,VITA-EX GOLD CAPS,20`S,0
VITAEX,VITA-EX GOLD PLUS CAPS,10'S,0
B1678,BABOOL PASTE,200GM,0
O089,ODOMAS MATS,30'S,0
O429,ODOMOS CREAM,100GM,0
O091,' ODOMOS CREAM ALL,,0
O092,ODOMOS MOSQ,,0
TMNIC,T-MINIC TAB,10'S,0
D029,DUAL ANTIGEN INJ,1ML,0
IDE,IDEAL CREPE BANDAGE 15CM,1X15'CM,0
AQU21,AQUASURGE EYE DROPS,10ML,0
AQU2,AQUASURGE MAX EYEDROPS,10ML,0
BRV1,BROMVUE EYE DROPS,10ML,0
MOXG1,MOXISURGE EYE DROPS,10ML,0
MOX36,MOXISURGE KT EYE DROPS,10ML,0
R691,RENU MULTI PLUS SOLUTION,120ML,0
R741,RENU MULTI PLUS SOLUTION,360ML,0
A619,HUM ALBUMIN 20% (BAXTER),50ML,0
KFWERT,ALLOUT SPRAY 15ML,1*15ML,0
NJHGET,ALLOUT SPRAY 30ML,1*30ML,0
BAY3,BAYACE CAPS,10'S,0
LFSDHF,CONTOUR PLUS ELITE METER,1*1,0
CONT21,CONTOUR TS STRIPS,50'S,0
INCD1,INCID MD TABS,10'S,0
INC3,INCID ULTRA TABS,10'S,0
JLHJHH,IXAROLA 10MG TAB,1*7,0
ROVI5,ROVIO 5MG TABS,10'S,0
XARE1,XARELTO 10MG TABS,7'S,0
XARE11,XARELTO 15MG TABS,14'S,0
XATR,XARELTO 20MG TABS,28'S,0
XIR1,XIRTAM AM TABS,10'S,0
YAZ11,YAZ TABS,28'S,0
B051,BAYERS TONIC SYRUP,250ML,2
B180,BECOZYME C FORTE TABS,1X15S,460
C098,CANESTEN CREAM,15GM,0
C096,CANESTEN S CREAM,10GM,0
C099,CANESTEN V CREAM,30GM,0
C102,CANESTEN V-6 TABS,6'S,0
G197,GLUCOBAY 50(ACARBOSE)TABS 10'S,,0
G44,GLUCOBAY M 25 TABS,10'S,0
G43,GLUCOBAY M 50 TABS,10'S,0
G331,GLUCOBAY25(ACARBOSE) TABS 10'S,,0
I007,INCID L TAB,10'S,0
IXSNNF,IXAROLA 15MG TAB,1*28,0
UOBDBN,IXAROLA 2.5MG TAB,1*14,0
IXCSNG,IXAROLA 20MG TAB,1*28,0
K97,KETO POWDER,50GM,2
M1460,MYCOSPOR CREAM,7.5G,0
N253,NEOHEPATEX AMP,2ML,0
NEXA,NEXAVAR 200MG TABS,60'S,0
GHJ,SPYE TABS,"10,S",0
XAFJLJ,XARELTO 2.5MG TAB,1*14,0
XIT1,XIRTAM 20 TABS,10'S,0
OM14,XIRTAM 40 TABS,10'S,0
XRT14,XIRTAM H TABS,10'S,0
KJSDGK,BD 1ML SYRINGE,1*1,0
VGSDVJ,BD 20ML SYRINGES,1*1,0
DKHFHK,BD 3ML SYRINGE,1*1,0
HFGFA,BD 50ML SYRINGES,1*1,0
GKGKGK,BD CANULA 20G,20G,0
BGRTER,BD CANULA 26,1*1,0
B401,BD INSULIN PEN NEEDLE 32G 1`S,,45
HFEGJH,BD NEEDLE 18,1*1,0
BFJBSD,BD NEEDLE 24,24G,0
IVCNSC,IV CANULA,26G,0
DGFGJG,BD CANULA 22,1*1,0
FJDHHG,BD CANULA 24,1*1,0
BD31,BD GLIDE INS SYRINGES 31G 1X1ML,,100
BD1,BD INSULIN 100IU SYRINGES 1'S,,0
SHFLHH,BD Q SYTE 15CM SMALL,1*1,0
BDBFBD,BD CANULA 14G,14G,0
BDDDKF,BD CANULA 16G,16G,0
BDFDFD,BD CANULA 18G,18G,0
BDHJJH,BERAB 0.5ML,1*1,0
BES.,BESTOZYME DROPS,15ML,13
B296,BESTOZYME SYRUP,200ML,2
NBFBFG,BESTOZYME TAB,1*15,0
B299,BETHADOXIN 12 AMP,2ML,145
B298,BETHADOXIN 12 SYRUP,220ML,0
DFKLJK,BETHADOXIN SG TAB,1*10,0
C458,COSCOPIN BR EXP SYRUP,100ML,0
C455,COSCOPIN LINCTUS SYRUP,100ML,0
C456,COSCOPIN PEAD SYRUP,50ML,0
C457,COSCOPIN PLUS SYRUP,100ML,0
C1525,COSCORIL SYRUP,100ML,0
N254,NEOHEPATEX VIAL,10ML,0
WEFHLH,PH4 O SYP 200ML,1*200ML,0
P338,PH4 SYRUP,170ML,0
JFAHFA,TENDOPURE-XT,1*10,0
BGWY,W BD NEEDLE 22,1*1,0
B1698,BD SYRINGE 5ML,1'S,0
S585,SPINAL NEEDLE 23(BD),1'S,0
ZOTIN,ZOTINEA 200MG CAP,1*8,0
YGYTY,BELLISSA SOAP,1*75GM,0
NCTPOW,NAVARATNA COOL TALK,100 GM,0
C852,CATOBELL EYE DROPS,10ML,0
NAZAL1,NAZALIN S NASAL DROPS,10ML,0
O449,OTOFLOUR TABS,10`S,0
PERFP1,PERFOCYN PLUS EAR DROPS,5ML,0
TROEDR,TROPICO EYE DROPS,1'S,0
A453,ATROPINE AMP(NEON),1ML,0
IGL,I-GLOWVIT TABS,10'S,0
ENZ13,ENZOFLAM MICROGEL,30GM,0
GM11,GEMCAL KIT TABS,6'S,0
NERV.,NERVMAX SR 75MG TABS,10'S,0
GEST1,GESTAFOL CAPS,10'S,0
GEST2,GESTAFOL D CAPS,10'S,0
GEP1,GESTAFOL PLUS CAPS,10'S,0
DIGJFK,MANUAL WEIGHING SCALE,1,0
C2041,CARDIACTIV SYRUP,200ML,0
HIGE1,HIGESIC P TABS,10'S,0
MAHB1,MAHABHRINGRAJ TAIL,200ML,0
DGBKKH,ALBUTEIN 20% 100ML,1*1,0
DKJHLH,ANTI D IMMUNE PFS INJ,1*1,0
BETD,BETD 0.5ML INJ,0.5ML,0
BEV05,BEVAC 0.5ML INJ,0.5ML,0
BEV01,BEVAC INJ,1ML,0
B686,BHARGLOB 16.5% VIAL,2ML,0
B449,BHARGLOB 16.5% VIAL,1ML,0
BIOHI,BIO-HIB 0.5ML VACCINE,0.5ML,0
BFSHFS,BIOPOLIO B1/3 VACCINE,1*2ML,0
CYP,CYPOLIN SYRUP,200ML,0
DEC81,DECMAX 8MG TABS,4'S,0
DEC21,DECMAX TABS,4'S,0
DIVA12,DIVA HMG 150 ING,1,0
GEN11,GENIVAC B INJ,1ML,0
HEPB1,HEPABSV VACCINE,0.5ML,0
H298,HISTOGLOB INJ(BHARAT),1ML,0
HU10,HUCOG 10000IU INJ,10000IU,0
H389,HUCOG 2000MG VIAL,1'S,0
HP10,HUCOG 5000HP VAIL,5ML,0
HUC,HUCOG HP 10000 VIAL,1'S,0
H2005,HUMOG 150MG AMP,1'S,0
H031,HUMOG 75MG AMP,1'S,0
KYBJ9,KYB JLY STRL 82G,1,0
LONO20,LONOPIN 20MG PFS INJ,20/0.2ML,0
LON11,LONOPIN 40MG PFS INJ,1ML,0
LON60,LONOPIN 60MG PFS INJ,0.5ML,0
LONMD,LONOPIN MD 300MG VIAL,300/3ML,0
LUP37,LUPRODEX 3.75MG DEPOT INJ 3.75MG],,0
MER6,MEROSTA TABS,10'S,0
MIP200,MIPROGEN 200 CAPS,10'S,0
MIPR1,MIPROGEN SR 200MG TABS,10'S,0
MIP300,MIPROGEN SR300MG TABS,10'S,0
OSTE9,OESTROGEL,80GM,0
PRIM9,PRIMIGYN GEL,5GM,0
JKLFGG,R HUCOG 6500 IU,1*1,0
RVA11,R-VAC VIAL,5ML,0
RE15,REGEN D150MG CREAM,15GM,0
REG150,REGEN D150MG OINT,7.5GM,0
RG,REGEN D60 CREAM,7.5GM,0
REGD60,REGEN D60MG OINT,15GM,0
R326,RHOCLONE 300MG INJ.,1`S,0
R398,RHOCLONE(ANTI-D) INJ,1'S,0
ROE11,ROELET 50MG TABS,10'S,0
ROVI1,ROVIO 10MG TABS,10'S,0
SLVG1,SLVRGEN OINT,15GM,0
SLVRG2,SLVRGEN OINT,30GM,0
TYP21,TYPBAR TCV-PFS INJ,0.5ML,0
TYP,1 TYPBAR VACCINE,0.5ML,0
VARI2,VARIPED VACCINE,0.5ML,0
ZIALDJ,ZILARGYN Z5 SACHETS,1*10,0
FRG,AMINO-D CAPS,"10,S",0
FERIC9,FERICET TABS,30'S,0
GABC1,GABACET TABS,10'S,0
MEAC1,MEAXON PLUS INJ,1ML,3
MEFL9,MEFOL 9 TABS,10'S,0
METT1,META Q TABS,10'S,0
HLHGHN,TACROGRAF 1MG TAB,1*10,0
B433,BIDURET L TABS,10`S,0
B152,BIDURET TABS,10`S,0
M122,MODUS 10MG TABS,10`S,0
N101,NEOTREXATE TABS,10`S,0
T1B4,TABI TABS,10'S,0
DNS10,DENSIBONE CAPS,10'S,0
FZML1,F ZOLE TABS,1'S,0
FE310,FERRITIN SYRUP,150ML,0
FER6,FERRITIN TABS,10'S,0
FERR.,FERRITIN XT TABS,10'S,0
HEL11,HEALCERIN GM CAPS,10'S,0
IMM01,IMMUPEP FORTE TABS,10'S,0
LZ112,L-ZINE TABS,10'S,0
MIS11,MISODOL TABS,10'S,0
PEN1,PENDOM TABS,10'S,0
WQFGI,FLUSID OINT,10GM,0
BISOST,BISOSTAR F TAB,10'S,0
DFYSGS,CEEPLUS KID CHEW TAB,1*10,0
CEREKJ,CEEPLUS TAB,1*30,0
HEPLAJ,HEALER PLUS GEL,15ML,2
DKLHFH,JIOCEF 500MG TAB,1*10,0
MECIHC,MECO GOLD TAB,1*10,0
MECH9,MECOHEALTH CAPS,10'S,0
MEC09,MECOHEALTH INJ,2ML,0
TENJ20,TENJOY 20MG TABS,10'S,0
TEJ100,TENJOY M1000MG TABS,10'S,0
TEJM50,TENJOY M500MG TABS,10'S,0
FJKHKH,BIOJOINT PEP TAB,1*10,0
BIOV1,BIOVIT D POWDER,200MG,0
BIOJ1,BIOVIT JUNIOR POWDER,200GM,0
BIMM,BIOVIT MOM POWDER,200GM,0
BP,BIOVIT POWDER,200GM,0
BIV,BIOVIT SYRUP,1'S,0
BCAPS,BIOVIT XT CAP,10,10
JEYGGG,CALDAY-206 TAB,1*10,0
OXYV1,OXYVIT 19 SYRUP,200ML,0
AMCAT,AMCOM AT TABS,10'S,0
BILI1,BILIN SYRUP,100ML,0
BIOCV9,BIO CV75MG TABS,10'S,0
BIO0V1,BIO MV1 TABS,10'S,0
"BIO.,",BIO MV2,10'S,0
BIO06,BIOCORT 6MG TABS,10'S,0
B1822,BIOSTAR F TABS,10'S,0
BIOS.,BIOSTAR GOLD CAPS,10'S,0
BIOSTA,BIOSTAR TABS,10'S,0
BI11,BIOTEL TABS,10'S,0
BIO121,BIOVIT L CAPS,10'S,30
CAL16,CALCICOM CC TABS,10'S,0
HIP33,HI-PAN DSR CAPS,10'S,0
HIR11,HIRAB 20MG TABS,10'S,0
HIE1,HIRAB D CAPS,10'S,0
HIRAB,HIRAB DSR CAPS,10'S,0
LEL,LEECAST LC TAB,"10,S",0
MYMI1,MYMIN 1500MG INJ,2ML,0
MYM1,MYMIN M CAPS,10'S,0
VZOL1,VZOLE POWDER,100GM,0
ACD,ACIDROX 200ML,200ML,0
AM10,AMLOSTAT AT TABS,10'S,0
A357,AMPILOX 500MG CAPS,10'S,0
ATTO10,ATTOR 10 MG TABS,10'S,0
BCO01,B-COBAL AMPS,2ML,0
BIOCIP,BIOCIP-500MG TAB,10;S,0
BS10,BIOSARTIN H TABS,10'S,0
BB42,BIOSULIN 30/70 VAIL,10ML,0
B45,BIOSULIN N40IU VIAL,10ML,0
B44,BIOSULIN R 40UI VIAL,10ML,0
BIO15,BIOVORIN 15 TAB,10,0
BIOV3,BIOVORIN 15MG INJ,1ML,0
BUS11,BUS Q TABS,10'S,0
CALPS,CALPSOR C LOTION,1,0
FVSDF,CALPSOR CREAM,1*30GM,0
CLAS,CLASPRIN CAP,10S,0
C513,CYCLOXAN 1GM INJ,1GM,0
DIG14,DIAGLIM 1MG TABS,10'S,0
DIA11,DIAGLIM 2MG TABS,10'S,0
T4025,DIAGLIM M1 TABS,10'S,0
DIGA2,DIAGLIM M2 TABS,10'S,0
DI,DIAGLIM MP1 TABS,10'S,0
DIS10,DIAGLIM MP2 TABS,10'S,0
DKFGBK,G FIT FORTE 1MG TAB,1*15,0
DKSJGK,G FIT FORTE 2MG TAB,1*15,0
KLRGKG,G FIT M1 TAB,1*10,0
JGBFKG,G FIT MV2 TAB,1*10,0
GLIC,GLICLAMET TABS,10'S,0
GLIMP,GLIMP 1MG TBS,10'S,0
JKLBFB,GLIMP M1 SR TAB,1*10,0
GLMP1,GLIMP M1 TABS,10'S,0
GLM22,GLIMP M2 TABS,10'S,0
GLI32,GLIMP MP1 TABS,10'S,0
GLIMP.,GLIMP MP2 TABS,10'S,0
INSU,INSUGEN 30/70 ING,40IU/ML,1
INSUG,INSUGEN 50/50 VAIL,40IU/ML,0
MEI,METADOZE IPR TABS,10'S,30
HI,PREGASIL D CAPS,10'S,0
RA1B9,RABICER TABS,10'S,0
VFFFAF,RIOBONE MAX TAB,1*10,0
RRS21,RROUSE XT CAPS,10'S,0
STRO1,STROCHEM 500MG TABS,10'S,0
SUCR11,SUCRACHEM SYRUP,200ML,0
TAMO10,TAMODEX 10MG TABS,10'S,0
TAM.,TAMODEX(TAMOXIFEN)10 TABS 10'S,,0
XP42,XPRIL 2.5 TABS,10'S,0
ZIT250,ZITHROCIN 250MG TABS,6'S,0
OVA,OVA Q CAPS,10'S,0
STX,STATIX-10 TAB,10S,40
1A25,ACTIBLOCK IPR25 TABS,10'S,0
JHJ,ADVACAN 0.25MG TABS,"10,S",0
HKFGFS,ARETHA 50MG TAB,1*10,0
AVIT1,AVITRAM TABS,10'S,0
BS44,BASALOG 100IU/3ML,3ML,1
BAS1,BASALOG 100IU/5ML,5ML,1
BASAL,BASALOG 3ML REEFIL,1,0
BASA6,BASALOG ONE PEN,100IU/3,0
BEST1,BESTOR 10MG TABS,10'S,0
BES1,BESTOR FN TABS,10'S,0
B1805,BIO M1 TABS,10'S,30
BIM2,BIO M2 TABS,10'S,0
BIO32,BIOCOLLAZ INJ,5ML,0
BI,1 BIOSEV 400 TABS,10'S,0
BIC11,BIOSEV C400 TABS,10'S,0
BL11,BLISTO 4 TABS,10'S,0
BL12,BLISTO 4MF TABS,10'S,0
BLIT1,BLISTO TRIO 1 TABS,10'S,0
BLITR1,BLISTO TRIO2 TABS,10'S,0
BL1,BLISTO-1(GLIMIPRIDE)TABS,1X10S,0
BLI2,BLISTO-2 TAB,1X10S,0
CALC1,CALPSOR C CREAM,15GM,0
CAL11,CALPSOR LOTION,20ML,0
CY12,CYCLOPHIL ME 25 CAPSA,5'S,0
CY32,CYCLOPHIL ME 50 CAPS,5'S,0
EFJFNN,ENZOMAC CM GRANULES 10ML,,0
IP411,ERYPRO 4000IU INJ,1ML,0
ER41,ERYPRO SAFE 10000IU INJ,1ML,0
EP11,ERYPRO SAFE 4000IU INJ,1ML,0
ER13,ERYPRO SAFE 6000 IINJ,0.6ML,0
ER5000,ERYPROSAFE 5000 ING,1,0
GBL,GABIL TABS,10'S,0
GMP,GMAB PLUS CAP,10'S,0
HOM11,HOMOCET INJ,2ML,0
HOMO.,HOMOCET PG TABS,10'S,0
HOMC,HOMOCET TABS,10'S,0
INS14,INSUGEN 30/70 100IU,10ML,2
INSUN,INSUGEN 30/70 PENFILL,3ML,0
GFGDGG,INSUGEN 30/70 REFIL KIT,1*5,0
INS50,INSUGEN 50/50 100IU INJ,100IU,0
INS50I,INSUGEN 50/50 PENFILL,3ML,0
INSN,INSUGEN N,10ML,3
INSG1,INSUGEN N 100IU VAIL,100IU,0
INS11,INSUGEN N PENFILL,3ML,0
INSG2,INSUGEN R 100IU VAIL,100IU,0
INSR1,INSUGEN R PENFILL,3ML,0
INSUR,INSUGEN R VIAL,10ML,1
INSU,P INSUPEN PRO,1,0
LIB22,LIBERTA 0.25MG TABS,10'S,0
LIB11,LIBERTA 0.50MG TABS,10'S,0
MT1,2 METADOZE IPR500 TABS,10'S,0
MET65,METADOZE V0.2 TABS,10'S,0
NATUI,NARITA HP POWDER,,0
NR24,NARITA PLUS POWDER,200GM,0
OLI2,OLISAT 120 MG CAP,10S,0
OL21,OLISAT 60 TABS,10'S,0
PIO11,PICON OINT,10GM,0
PIOD,PIODART 15 TAB,1X10S,0
PSY10,PSORID 100MG TABS,5'S,0
PS50,PSORID 50MG CAPS,5'S,0
RN500,RENODAPT 500MG CAPS,10'S,0
RN32,RENODAPT 750MG TABS,10'S,0
RND1,RENODEPT S360 TABS,10'S,0
SRE,STATIX 20 TABS,15'S,150
S1T2,STATIX 40MG TABS,10'S,0
STF,STATIX-F TAB,1X10S,0
TC05,TACROGRAF 0.5MG TABS,10'S,0
TBI1,TBIS 0.01% OINT,10GM,0
TB20,TBIS 0.01% OINT,30GM,0
TBA5,TBIS 0.03% OINT,10GM,0
TB11],TBIS 0.03% OINT,30GM,0
TB11,TBIS LOTION,20ML,0
TE120,TELMISART 20MG TABS,10'S,0
TEL20,TELMISAT 20MG TABS,10'S,0
TELI,TELMISAT 40 TABS,10'S,0
454,TELMISAT H TABS,10'S,0
TLOP,TRIGPM 1 TABS,10'S,0
TRI,G TRIGPM 2 MG TABS,10'S,0
XCP2,XCEPTIONAL CREAM,50GM,0
ZARG,ZARGO 25MG TAB,10'S,0
ZAH,ZARGO-H TAB,1X10S,0
LEVET,LEVET D TAB,10'S,0
MYZY,MYZYME SYRUP,200ML,0
FERP1,FEREVER PLUS TABS,10'S,0
NIMOS,NIMOS MD,1*10,0
JCDHF,RABEVON-20MG TAB,1*10,0
ZUM,ZUKER MF TABS,10'S,0
ARK100,ARKAPRES 100MG TABS,10'S,0
ARK150,ARKAPRES 150MG TABS,10'S,0
SDLNFH,BENISTO 8MG TAB,1*10,0
DJKJKJ,BKDOL T TAB,1*10,0
BKD9,BKDOL TABS,10'S,0
JKFJNG,ENRET MV TAB,1*10,0
ESV01,ESVIFIL TABS,10'S,0
FEBU40,FEBUDIM 40MG TABS,10'S,0
KETG9,KETOGRACE TABS,10'S,0
KIND9,KINDSAVE TABS,10'S,0
KINDR1,KINDTROL CAPS,10'S,0
RBF100,RBFIX FE CAPS,10'S,0
RBF99,RBFIX INJ,5ML,0
REP4K,REPOMIA 4000IU INJ,1'S,0
SEVA1,SEVALAC 400MG TABS,10'S,0
SO500,SODAKINDLE 500MG TABS,10'S,0
SODK50,SODAKINDLE DS1000MG TABS,10'S,0
SOFM9,SOFTMEGA FORTE CAPS,10'S,0
BTT,T TOXIDE,"1,S",0
ACNFM9,ACNESTAL FM FACE WASH,60GM,0
ACN,ACNESTAL SOAP,75GM,11
BIOSK,BIOSKIN SOAP,75GM,0
BIO13,BIOWRIGHT OIL,100ML,0
CSOAP,CASIL SOAP,75GM,0
KC14,KC-LITE OINT,15GM,0
NRC1,N-RICH BABY SOAP,75GM,0
HFFF,PM LINE BED,1*1,0
FSFGWG,PM LINE BL,1*1,0
PRK,PROTEK SOAP,1X75GM,0
ADG15G,ADGABA GEL,15GM,1
ADG22,ADGABA TABS,10'S,0
AMILF1,AMILIFT DX TABS,10'S,0
AMLT,AMILIFT-10 TABS,10S,0
AMILI,AMILIFT-25 SR TAB,10,0
AXIN1\,AXION9 SACHET,1.5GM,0
CET31,CATERPIL CAPS,10'S,0
CAT11,CATERPIL GEL,30GM,0
CTC0,CT CVA TABS,10;S,0
128,GBION TABS,10'S,0
GLUT4,GLUT4 ED SACHETS,2GM,0
GLU4M,GLUT4 M SACHETS,2GM,0
1MEN,MEAXON AMP,1ML,0
MEA21,MEAXON GOLD AMPS,1ML,0
MEAH9,MEAXON H TABS,10'S,0
MEAOD,MEAXON OD TABS,10'S,0
MEAP,MEAXON PLUS TAB,10X10S,40
SDBGGG,MITO Q7 CAP,1*10,30
RN69,R NINE SACHAT,5GM,0
RABP20,RABPRIDE 20MG TABS,10'S,0
RABP2,RABPRIDE L TABS,10'S,0
ZEPT,ZENBACT PLUS TAB,1*10,0
KETO.,KETO ALPHA SACHET,2.7GM,0
KET11,KETO ALPHA TABS,10'S,0
ACEP/,ACEPHAR PR TABS,10'S,0
ACP21,ACEPHAR RSR TABS,10'S,0
ACE4,ACEPHAR T4 TABS,10'S,0
ACP8,ACEPHAR T8 TABS,10'S,0
BYP4,BYPRIDE 4MG TABS,10'S,0
CIFAX,CIFAXT 500MG TABS,10'S,0
DEEPG1,DEEP GEL CAPS,4'S,0
DIXER,DIXER GEL,30GM,0
WHRWEG,GOLDWELL UB TAB,1*10,0
CALD11,CALRADO CAPS,10'S,0
ATI20,ATIOS 20MG TABS,10'S,0
ATIO10,ATIOS CV10MG CAPS,10'S,0
ATIO20,ATIOS CV20MG CAPS,10'S,0
ASUGFK,ATIOS TH TAB,1*10,0
BENP9,BENTONITE PLUS TABS,10'S,0
JKSKDJ,BROSIDE D TAB,1*10,0
GAB/N,GABAJOSE NT TAB,10'S,0
KERL9,KERABLAK TABS,10'S,0
MCOBI,M-COB BI CAPS,10'S,0
MM3,MMS 3 POWDER,400GM,0
NAEATY,NATO CARE CHOC POWDER,200GM,0
PPRB20,PP-RAB 20MG TABS,10'S,0
PPRDSR,PP-RAB DSR CAPS,10'S,0
PREG,M PREGASIL M CAPS,10'S,0
A,LJHA A CLO P TAB,1*10,0
SDJNFG,AVDOL P TAB,1*10,0
CALC.,CALCIPURE CT CAPS,10'S,0
CALP,CALCIPURE K2 CAPS,10'S,0
CAXT1,CALCIPURE XT CAPS,10'S,0
CE129,CEFUMAX 500MG TABS,6'S,0
DFHKGK,COBSA NT TAB,1*10,0
JKAKJG,FIZZ XT CAP,1*10,0
FLJJGN,LIVOPOD CV TAB,1*6,0
MCO11,M-COB 75MG CAPAS,10'S,0
M-C11,M-COB AD CAPS,10'S,0
"RF,JGN",RUGBY DSR CAP,1*10,0
GLT1,GLOTRAM TABS,10'S,0
GP,GPRIDE CAP,10;S,0
HGFKGK,ICHEL 20MG TAB,1*10,0
HGKGVG,BIOJOINT PLUS TAB,1*10,0
ALN,ALPHABEN CAP,10S,0
AZ44,AZIWELL 500MG TABS,3'S,0
RB41,B-RAB 20MG TABS,10'S,0
BVG02,B-VOG 0.3MG TABS,10'S,0
VBIOFG,BIO VILZIN SR TAB,1*10,50
BG19,BIOGLIM M1 TABS,10'S,0
BL41,BIOGLIM M2 TABS,10'S,0
BIOGLI,BIOGLIM M4 FORTE TABS,10'S,0
BIO.,BIOGLIM M4 TABS,10'S,0
BIOMV2,BIOGLIM MV2 TABS,10'S,0
BP19,BIOPREGAB 75 CAPS,10'S,70
BIOPRE,BIOPREGAB M 75MG CAPS,1*10,100
BPN1,BIOPREGAB NT TABS,10'S,0
BB44,BIOSTATIN TABS,10'S,0
BL10,BLISTO 1MF TABS,10'S,0
BI2M,BLISTO 2MF TAB,10'S,0
DMG2,DIA MPG1 TABS,10'S,0
DMG14,DIA MPG2 TABS,10'S,0
FIB,FIBROLIP TABS,10'S,20
FR41,FRCARE CAPS,10'S,0
HAI,HAAI 20MG TAB,10S,20
HAD,HAAI DSR TABS,10S,100
MCX0,MECORICH CAPS,10'S,0
MECP,MECORICH PLUS TAB,10S,0
DSJFKK,NINERICH PLUS TAB,1*15,0
POWE1,POWERNAC GEL,30GM,0
RELJHR,REMMAG PLUS TAB,1*10,0
KFGKGF,REMMAG TAB,1*10,0
VIT2,VITALANE CAPS,10'S,200
WL43,WELTRACET TABS,10'S,0
BEG2,BEGABALIN CAPS,10'S,0
EGHFLJ,BEGABLIN NT TAB,1*10,0
CGD11,C GOLD 3 CAPS,10'S,0
CCB21,CCBLOK M25 TABS,10'S,0
CCB3,CCBLOK M50 TABS,10'S,0
FHHLHH,CISKA K27 CAP,1*10,0
D3GOL1,D3 GOLD 60K TABS,4'S,0
D3G21,D3 GOLD OD CAPS,10'S,0
D3GO1,D3 GOLD PLUS TABS,10'S,0
FEBG1,FEBGOLD 40MG TABS,10'S,0
FEB80,FEBGOLD 80MG TABS,10'S,0
FER31,FEREVER CAPS,10'S,50
GKZ09,GINKOZEN TABS,10'S,0
INF91,INFLACLEAR TABS,10'S,0
JKLDJH,LEVET M TAB,1*10,60
LYCO3,LYCOMOST CAPS,10'S,0
LYCO,S LYCOMOST SYRUP,200ML,0
MECO2,MECOMOST TABS,10'S,0
MECV1,MECOVIM CAPS,10'S,0
DJLJHH,MYTORICH TAB,1*10,0
KASBDK,NINECEF CV TAB,1*10,0
BDKGKH,NINECORT 30MG TAB,1*10,0
NITRO2,NITROGOLD 2.6MG TABS,30'S,0
DFHKKK,NURO SAME TAB,1*10,0
NUFHFD,NURONINE CAP,1*10,100
JGBFIG,NUROVERT 16MG TAB,1*10,0
ASKGDK,NUROVERT PLUS TAB,1*10,0
WTERTR,ORTHONINE TAB,1*10,0
FFFFFF,PANTONINE DSR CAP,1*10,0
PARA9,PARANINE TABS,10'S,0
RAB22,RABEVON DSR CAPS,10'S,0
TL1M1,TELMIGON 40MG TABS,10'S,0
TEND,TENDONINE TAB,10;S,80
1120,THIGOLD A TABS,10'S,0
THI.,THIGOLD PLUS TABS,10'S,0
SANIHT,SANITIZER BY THE BAY,100ML,0
BDFFIS,BIOPETA TAB,1*10,0
T367,TODAY VAGINAL,5`S,0
M030,MEFTAL SPAS DS TABS,10'S,0
TAC33,TACOPOD 200MG TABS,10'S,0
ULT9,ULTRASPAN P TABS,10'S,0
AN5,ANGICAM 5MG TABS,10'S,0
AMBE,ANGICAM BETA TAB,15'S,0
C071,CIPROFLOXACIN 250MG TABS,10`S,0
DLHFFF,DAPANORM 10MG TAB,1*10,0
DAQI,DICLOTAL AQUA INJ,1 ML,385
DIFG,DICLOTAL FORTE GEL,1S,0
D034,DICLOTAL FORTE TABS,10'S,0
D033,DICLOTAL INJ,3ML,730
DOSC,DOLOSTAT PLUS CAP,"10,S",0
HI50,HIBESOR 50MG TABS RAVI,10'S,0
KGEM,K-GEM,15'S,75
KGLI,K-GLIM 1MG TABS,10'S,0
KGM2,K-GLIM M1 TABS,10'S,0
KGM1,K-GLIM M2 TABS,10'S,0
KJDFHJ,LF 100 200GM POWDER,1*200G,0
LI10,LIPONORM 10MG TABS,10'S,0
LI20,LIPONORM 20MG TABS,10'S,0
UHFDKL,LIPONORM F TAB,1*15,0
L50,LOSTAT 50MG TABS,10'S,0
LOSTA,LOSTAT H TABS,15'S,75
MEFT1,MEFTAGESIC DS SYRUP,60ML,5
MEFD1,MEFTAGESIC P SYRUP,60ML,5
M026,MEFTAL 250MG TABS,1*10,0
M027,MEFTAL 500MG TABS,10'S,30
M028,MEFTAL FORTE TABS,10'S,74
MEFMR,MEFTAL MR TABS,10'S,0
M714,MEFTAL P SYP,1*60ML,17
M029,MEFTAL P TABS,10'S,0
MEFSD1,MEFTAL SPAS DROPS,10ML,0
MEFSD,MEFTAL SPAS SYRUP,30ML,0
M031,MEFTAL SPAS TABS,10'S,0
MEG21,MEGO XL AMPS,2ML,0
OD14,ODIPRIL H CAPS,10'S,0
RST,P-RD CAP,15'S,270
RRD,R-RD CAP,15'S,0
SRD,S-RD CAPS,15'S,0
TEKHBB,TELIOS 40MG TAB,10'S,0
T019,TUSQ D LOZENGES,6'S,90
TSS,TUSQ D SUGAR FREE,1X6S,0
T426,TUSQ DROPS,15ML,0
T020,TUSQ DX SYRUP,100ML,42
T021,TUSQ DX TABS,10'S,40
TUP,TUSQ P ORAL DROPS,1X15ML,0
T022,TUSQ X SYRUP,100ML,37
XSAT1,XSTAN 40MG TABS,"10,S",0
XSTH1,XSTAN AM TABS,10'S,0
JGHHE,BOROPLUS POWDERS ALL,1*1,0
SDFHGL,CITROKING TAB,1*15,0
GKFDHF,GLYXAMBI 10/5 MG TAB,10'S,0
ELFKJN,GLYXAMBI 25/5MG TAB,1*10,0
JARD10,JARDIANCE 10MG TABS,10'S,0
JARD1,JARDIANCE 25MG TABS,10'S,0
JKAHFH,JARDIANCE MET 12.5/1000MG 1*10,,70
JKHHHF,JARDIANCE MET 12.5/500MG,1*10,0
1PR,PRADAXA 110 CAP,10,0
LKJLFN,TRAJENTA DUO 2.5/1000MG,1*10,0
LSDNNN,TRAJENTA DUO 2.5/500MG,1*10,30
XOVOL,XOVOLTIB 30MG TABS,7'S,0
XVO9,XOVOLTIB 40MG TABS,7'S,0
F465,FLUCAN 150MG TABS,1'S,0
A195,ACTRAPID HM PENFILL,3ML,0
BETPLU,BETONIN PLUS SYP,170ML,0
B163,BETONIN SYRUP BIG,400ML,0
BOOSDH,BOOST 200GM,200GM,0
BREM,BRUFEN MR CAP,1X10S,0
B244,BURNOL PLUS CREAM BIG,20GM,0
B243,BURNOL PLUS CREAM SMALL,10GM,0
CRIMA,CREMAFFIN PINK 225ML,225ML,0
C1131,CREMAFFIN PLUS SYRUP,1*225ML,0
C208,CREMAFFIN WHITE MINT,1*225ML,2
C881,CREMALAX TABS,6'S,30
D130,DIGENE MINT SYP,200ML,7
D132,DIGENE SYRUP MIX FRU,170ML,0
D131,DIGENE SYRUP ORANGE,170ML,2
D135,DIGENE TAB ORANGE,9`S,555
E196,EPILEX 200MG TABS,10'S,0
E490,EPILEX CHORNO 300MG TABS,15'S,75
E515,EPILEX CHRONO 200MG TABS,15S,0
E491,EPILEX CHRONO 500MG TABS,15S,105
E096,EPTOIN 50MG TABS,150'S,0
E097,EPTOIN SYRUP,200ML,2
I214,INSULATARD FLEXIPEN,1'S,0
K034,KINETONE SYRUP,200ML,0
M943,MELALITE 15 CREAM SMALL,30GM,0
M126,MIXTARD 40 I.U.,1OML,0
M128,MIXTARD 50 HM PENFILL,3ML,0
N556,NOVONORM 0.5MG TABS,1*30,0
N557,NOVONORM 1MG TABS,15'S,0
O210,OBIMET 500MG TABS,15'S,0
PR78,PROTHIADEN 50MG TABS,15S,105
P449,PROTUSSA SYP,60ML,0
R9,RG-9 GRANULES,3GM,0
S297,SACCHARIN TABS,500`S,0
S299,STREPSILS 1RUPEE,1`S,0
S300,STREPSILS ORANGE,1`S,0
S402,SWEETEX DROPS,25ML,0
S403,SWEETEX TABS,250'S,0
TAC20,TACOCEF CV 200MG TABS,6'S,0
U63,ULCIKIT TABS,1'S,0
DFKHKL,BPL NEBULIZER,1*1,0
PENTOV,PENTOVON D TAB,10'S,0
NFHWYF,UV DOUX SUNSCREEN GEL,1*50GM,0
LFWEGG,UV SHADE 50GM,1*50GM,0
GFGW,ACMIST MOISTURISING,50GM,0
HKJU,AZOBRIL CREAM,1*20GM,0
DSDGG,BRINTOP-F 10% SOLU,100ML,0
JHUYF,NATO CARE-VF,1*200GM,0
GGHR,ROSABRIL GEL 20MG,100ML,0
WEYRWT,XERIGO CREAM,1*1,0
ANAB9,ANABOOM ANTI HAIR SERUM,60ML,0
BRIPF5,BRINTOP F5% LOTION,100ML,0
CLID1,CLINDOT A GEL,15GM,0
DFLFNF,DENSITA TAB,1*10,0
DOU11,DOUX LOTION,100ML,0
SDLKFH,DOXYBOND LB CAP,1*10,0
ECOVIN,ECOVIN 500MG TAB,10'S,0
HYDR9,HYDRARICH FOOT CARE,60GM,0
ITB200,ITRABOND 200SR TABS,4'S,0
FHFHFH,NUTROBRIL TAB,1*10,0
OBR1,OBRIL CREAM,20GM,0
JFNLHF,OBRIL FIRST CREAM 20GM,1*20G,0
TARI21,TARICH LOTION,100ML,0
DKJHFK,TARICH LOTION 50ML,1*50ML,0
WEKJGG,TCRIS 15GM CREAM,1*15GM,0
FLHEDF,TRESSGAIN SERUM,1*1,0
TRUMA,TRUDERMA SUNSCREEN GEL,1,0
UVD11,UVDOUX SUNSCREEN GEL,60GM,0
WELL2,WELLGROW LOTION,60ML,0
JHFGJH,CALIBRAIN D SYP 200ML,,0
CCOGNI,COGNICARE SYRUP,1,0
EUP20,EUPEP SYRUP,200ML,0
GOD,GOODDAY BISCUTS,1'S,0
BSGGBA,B POWDER,1*500G,0
BGBKSB,B POWDER,1*200G,0
B325,BPROTIN D.F.PWD,200GM,1
B233,BPROTIN MANGO PWD,200GM,0
BPROCF,BPROTIN POWDER,400GM,4
B100,BPROTIN POWDER SMALL,200GM,5
BPC,BPROTIN(C.F) 200G,1'S,8
DJHD,D 500G BIG POWDER,1S,0
D729,D POWDER BIG,400GM,0
D375,D POWDER SMALL,200GM,0
DPR400,DPROTIN ECONOMY PWD,500GM,2
D5774,DPROTIN POWDER,200GM,7
FERT1,FERTIPRO SACHETS,5GM,0
HEPO,HEPA PRO POWDER,200'GM,0
MEDI4,MEDI SLIM VENILLA PWODER,400GM,0
MEDISI,MEDISLIM 500GM POWDER,500GM,0
JHJNDG,MEDISLIM GOLD POWDR,1*500G,0
MEN,MENO PRO 400GMS POWDER,1,0
M878,MENOPRO POWDER,200GM,0
MMSL1,MMS LBW POWDER,400GM,0
MMS1,MMS-1 POWDER,400GM,0
MMS2,MMS-2 POWDER,400GM,0
DMLJGG,MUMS CARE MIXED FRUIT,,0
MUMCR1,MUMS CARE RAGI MOON,300GM,0
MUMSC2,MUMS CARE RICE MOON,300GM,0
MUMWA9,MUMS CARE WHEAT APPLE,300GM,0
B98P,PIN.FLV PWD,200GM,1
JKKHHS,PRO PL CHOC 500GM POWDER,1*500GM,0
PRO,PL PRO PL CHOCO POWDER,200GM,1
PROLIT,PRO PL LITE POWDER,200,0
P656,PRO PL POWDER,500GM,0
ADGJKV,PRO PL VANILA,200GM,1
P010,PROTINULES PL POWDER,200GM,0
PUP,PULMO PLUS POWDER 200GM,100GM,0
F010,FLURAZ CAPS,10'S,0
B276,BTEX OINT,14GM,0
JFFOER,BB BABY BRUSH & COMBOS,,0
DUIHSD,BB BABY COMB,1,0
BBFHEI,BB BABY DRY SHEETS ALL,1,0
BDUFHJ,BB BABY FINGER TOOTHBRUSH 1,,0
FNJEWH,BB BABY GEL THEETHERS,1,0
FJJGLE,BB BABY NAIL CLIPPER,1,0
HIRDFK,BB BABY PACIFIER,1,0
HHFIFI,BB BABY SIPPER,1,0
ISRJJD,BB BABY STAINLESS FEEDER,1,0
BGHGGN,BB BABY TOOTH PASTE,,0
HSFNSF,BB BABY TOOTHBRUSH,1,0
NDSHFE,BB BOTTLE BRUSH,1,0
NCSHFI,BB DIGITEL THERMOMETER,1,0
CKLDJF,BB EAR BUDS,1,0
BDGFGS,BB FEEDER SPOON,1,0
DFHFHD,BB FEEDING BOTTLE (12%),150ML,0
BBBSHW,BB FEEDING BOTTLE (18%),1,0
BFFFGU,BB FRUIT FOOD NIBBLER,,0
NDHFHF,BB GRASP&SPIN RATTLE,1,0
BFUIWE,BB MANUAL BREST PUMP,1,0
BJHHJN,BB MEDICINE DROPER,1,0
DPJFJF,BB NIPPLE PULLER,1,0
BURTEE,BB NIPPLES,,0
SDJWJF,BB POWDER BOX,1,0
NJHFFS,BB POWDER PUFF,1,0
FHFSFS,BB SILICON BABY TEETHERS,,0
VBGHGK,BB SILICON NIPPLE,1,0
BFFWEW,BB SILICON TEAT WIDE NECK,,0
JDJJFK,BB SIPPER SPOUT TEAT,1,0
BURTHE,BB STRAW SIPPER,,0
LOFJEF,BB TONGUE CLEANER,,0
BIDSDD,BB WET WIPES,1,0
1G111,GEMCAL D3 CAPS,15'S,45
GEM32,GEMCAL PLUS CAPS,10'S,0
HAIT,HAPPI-IT CAP,10S,0
CAR05,CAREVIT M CAPS,10'S,0
C525,CAVIT PM TABS,15'S,0
C501,CAVIT SYRUP,150ML,0
CELH,CELHEP 25000IU AMP,1*1,0
CELHR,CELHEP 5000IU AMP,1*1,0
CRY,CRYSTACAL CAPS,10'S,0
E365,EASCOF EXPECTORANT,100ML,0
FEE1,FERIPRO POWDER,200GM,0
LCM11,LCM TABS,10'S,0
LYC.,LYCOL 200ML SYRUP,200ML,0
LYSF9,LYSOFLAM FORTE TABS,15'S,0
LYS1,LYSOFLAM MR TABS,10'S,0
LYSO,LYSOFLAM TABS,10'S,0
N527,NE 200MG CAPS,10'S,0
NE400,NE 400MG CAPS,10'S,0
N528,NE C TABS,10'S,0
NE/F,NE FORTE TAB'S,10'S,0
GQWUGI,NUTRAMIDE SYP,200ML,0
P40,P40 D TABS,10'S,310
PAN10,PANASH DSR CAPS,10'S,0
P1326,PNZ 40MG TABS,15'S,0
RAP11,RAMIPEN 10MG TABS,10'S,0
"RAMI,",RAMIPEN 5MG TABS,10'S,0
ROSUBM,ROSURIGHT 10MG TAB,10'S,0
JGUIHG,SKINSHINE OINT [ALL],1,0
S679,SOFOX CAPS,10'S,0
TOD,TOPDOM CAPS,10'S,0
AC39,ACETAL TABS,10S',0
B376,BOURNVITA JAR,200GM,0
B406,BOURNVITA JAR,500GM,0
B374,BOURNVITA LITTELE CHAMP,400GM,0
B407,BOURNVITA REF,500GM,0
C1702,CARAMELS CADB,325GRAMS,0
C1482,CRACK CREAM,27GM,0
STE,STELIUM 40MG TAB,10;S,30
ACC21,ACCUTEST CARD,1'S,0
AC46,ACECLODUS P TABS,10'S,0
ACEFF1,ACEFLEX MR TABS,10'S,0
ACEMR,ACENEXT MR TAB,10,0
ADD11,ADD APP TABS,10'S,0
AFE2,AFENAK PLUS TABS,10'S,0
ALC21,ALCIFLOX 500MG TABS,10'S,0
ASC12,ASCODEX BR SYRUP,100ML,0
ATO20,ATORBEST 20MG TABS,10'S,0
AZ14,AZIVISTA(AZITHROMYCIN)500 3'S,,0
CADI2,CADIXIM CV TABS,6'S,0
CAM2,CAMPICILLIN 500 CAPS,10'S,0
CLERT1,CLEARTUSS LS SYRUP,100ML,0
HFDGHH,FEROCAD XT TAB,1*10,0
FITT,P FITTYDENT POWDER,1'S,0
GEMCI1,GEMCIUM CAPS,10'S,180
GEBFNC,GENVOL PLUS CAP,1*10,0
LIVC6,LIVCET TABS,10'S,0
LIKH,LULIDILA CREAM,30GM,1
MK41,MOKCAN CV 625 TABS,6'S,0
MK02,MOKCAN CV 625 TABS,6'S,0
MUK11,MUKCAN CV 625 TABS,6'S,0
PENTAH,PENTALOC 40MG TAB,1*15,0
RAM.,RAMGEE 2.5MG TABS,10'S,0
RAAZ5,RAMGEE 5MG TABS,10'S,0
ROS26,ROSUBEST 10MG TABS,10'S,0
RODSAJ,ROSUBEST 20MG TAB,1*10,0
SKIN.,SKINSHINE CREAM,15GM,5
SKIN30,SKINSHINE CREAM,30GM,5
SKIN.,SKINSHINE CREAM,15GM,3
SKIN30,SKINSHINE CREAM,30GM,6
SKIN.,SKINSHINE CREAM,15GM,5
SKIN1,SKINSHINE SOAP,75GM,0
VWSFIW,SUNBLESS C,1*15,0
A237,ACILOC 150MG TABS,10'S,0
A238,ACILOC 300MG TABS,10'S,0
ACIRD,ACILOC RD TABS,15'S,0
ALDD1,ALDONIL PLUS TABS,10'S,0
ARR,ARTHOPAN 500MG CAPS,10'S,0
A50,ATEN 50MG TABS,14'S,702
ATH,ATEN H TABS,10'S,0
AZLD80,AZILDAC 80MG TABS,10'S,0
BRFHH,CADCIUM TAB,1*10,0
CA43,CADITROZ TABS,10'S,0
C302,CALCIROL POWDER,1GM,0
CAMPI,CAMPILOX CAPS,10'S,0
CB13,CIBIS TABS,10'S,0
COL21,COLSTIM 300MG INJ,300MG,0
CYT11,CYTODROX CAPS,10'S,0
DEMI,DEMISONE 0.5MG TABS,10'S,0
DES500,DESIROX 500MG TABS,30'S,0
DEXSOL,DEXONA SOLUTAB,10'S,0
D002,DEXONA TABS,30`S,2300
D5726,DEXONA VIAL,2ML,920
CDDV,DILVAS 2.5MG TABS,10'S,0
0ELI,ELICIA 2MG,10'S,0
ELI11,ELICIA 4MG TABS,10'S,0
E279,ENDOXAN 50MG TAB,10S,0
ENH,ENVAS H TAB,10'S,0
EUG1,EUGLIM 1MG TABS,10'S,0
EUG2,EUGLIM 2MG TABS,10'S,0
EM1,EUGLIM M1 TABS,10'S,0
EM2,EUGLIM M2 TABS,10'S,0
FA125I,FORAIR 125 INHALER,1,0
FOREGL,FORGLYN FORTE ROTOCAPS,30'S,0
GLIS1,GLISTA PM1 TABS,10'S,0
GRV,GRD VANILLA,1X200G,1
HAE100,HAEM UP CAPS,100'S,3
HE12,HAEM UP Z CAPS,10'S,0
HEUP,HEAM UP GEMS,30'S,1
HEAM,U HEAM UP SYP,200ML,8
HUD,HUMSTARD 30/70 VAIL,1X10ML,0
I10M,ILADAC 10MG TABS,10'S,0
IL5M,ILADAC 5MG TABS,10'S,0
INDM1,INDITEL MX25 TABS,10'S,0
ID21,INDITEL MX50MG TABS,10'S,0
LORAN,LORFAST AM TAB,10'S,0
LORFST,LORFAST MELTAB TAB,10'S,0
L394,LOSACAR H TABS,10'S,0
LS12,LOSIUM H TABS,30'S,0
METS21,METSPOT XL25 TABS,10'S,0
MIGP1,MIGON PLUS TABS,10'S,0
M120,MYCOBUTOL 1000MG TABS,10`S,0
M118,MYCOBUTOL 600MG TABS,10`S,0
M119,MYCOBUTOL 800MG TABS,10`S,0
MYEL1,MYELOSTAT 500MG TABS,10'S,0
NEB11,NEBULA D TABS,10'S,0
NODO,NODON AM 2.5MG TABS,10'S,0
NOD,NODON AM TABS,10'S,0
NUCO90,NUCOXIA 90 TAB,10'S,0
220,NUCOXIA EMUL GEL,30 GM,0
OFLIN,OFLIN 400MG,10'S,0
ORNI,ORNI O TABS,10'S,0
PIV2,PIVASTA 2MG TABS,10'S,0
POY1,POLYCAP CAPS,15'S,0
QUK3,QUIK KOOL OINT,10GM,0
RL150,R-LOC 150MG TABS,30'S,4230
ROSUBE,ROSUBEST F TAB,10'S,20
RUML,RUMALEF TABS,,0
TENL20,TENALI 20MG TABS,10'S,0
TENALI,TENALI M 500 TABS,10S,0
TRAC,TRACFREE CAPS,10'S,0
ZYAQ1,ZYAQUA 0.5MG EYE DROPS,10ML,0
ZYDD1,ZYDALIS MD10 TABS,4'S,0
JFHYTW,CALKEY MAX TAB,1*10,0
C840,CLOP 30 CREAM,30GM,0
C491,CLOP CREAM,10GM,0
C1265,CLOP E CREAM,20GM,0
LLL,CLOP G CREAM,10GM,0
C255,CLOP G CREAM,25GM,0
C492,CLOP GM CREAM,10GM,0
C1137,CLOP S LOTION,20GM,0
DL,DANCLEAR SHAMPOO,50ML,0
D181,DICLORAN MS GEL,30GM,0
N354,NASOCLEAR NASAL DROPS,15ML,0
NDAG,NASOCLEAR SPRAY,20ML,0
C1248,SCREENE LOTION,60ML,0
BOU1KG,BOURNVITA POWDER,1KG,0
LOGI,I LOGIFEEL IMF CREAM,50GM,0
THAGDA,THRABIS VAIL,1,0
AVERHS,AVERZINE LOTION,75ML,2
AV10,AVERZINE-10MG TAB,1*15,0
BEN2.5,BENZONIX CL 2.5% GEL,20GM,1
GHVGHJ,BENZONIX GEL WASH,1*50GM,0
BN43,BONIXA TABS,10'S,0
CL53,CLINXA A GEL,20GM,0
CLIB1,CLINXA CREAM,15GM,0
FSHSJW,CLIXA GEL,1*20GM,0
FUJWHG,CURLZ-F 5%,1*60ML,0
C1L12,CURLZFIN TABS,10'S,0
CUR11,CURLZGLOW CAPS,10'S,0
QUTGUK,CURLZPEP 5% LOTION,60GM,0
CLZ,CURLZVIT TABS,10'S,0
CUV11,CUVIA AQUAGEL,50ML,0
DRM1,DREMZ CREAM,20GM,0
DR44,DREMZ ULTRA CREAM,20GM,0
DHFKHD,EBERCLIN CREAM 30GM,1*30GM,0
ASGFKL,EZIMET CREAM 30GM,1*30GM,0
FACREA,FACE MOIST CREAM 60GM,1*60GM,0
FACESJ,FACEMOIST 60GM CREAM,1*60GM,0
GLOWRJ,GLOWRAINCE FACE WASH,100ML,0
GLOW9,GLOWRIANCE FACE WASH,100ML,0
HAX,HALONEXT 3S LOTION,30ML,1
FHKGKF,HALONEXT S OIT,1*30GM,0
IFLO1,IFLOMAX CREAM,5GM,0
IB11,IMOGRAF CREAM,10GM,0
DHFJGK,IMOGRAF FORTE LOTION 20ML 1*20ML,,0
SJKDFH,IMOGRAF FORTE OINT 30GM,1*30GM,0
ITIN,ITIN-12 TAB,2,0
ITIN-6,ITIN-6,2,0
JOIN2,JOINTRICH TABS,10'S,0
DFKFJG,LAMIFIN CREAM 30GM,1*30GM,0
LNLFNN,LAMIFIN LOTION 20ML,1*20ML,0
EHFKKL,LAMIFIN TAB,1*7,0
LOGD9,LOGIDRUF LOTION,100ML,0
LOGIOU,LOGIDRUFF S LOTION 100ML,1*100ML,1
LOGIF1,LOGIFEEL CREAM,50GM,0
LOGG1,LOGIHAIR CAPS,15'S,0
LOGS9,LOGIHAIR SERUM LOTION,126ML,0
FHWEJH,LOGIHAIR SHAMPOO,1*100ML,0
LWT,LOGIHAIR WOMEN TAB,10,0
Z11,LOZISOFT CREAM,50GM,0
LOZISE,LOZISOFT LOTION,200ML,0
LOZS1,LOZISOFT SOAP,75GM,0
LZ13,LOZIVATE CREAM,20GM,1
LZ15,LOZIVATE F OINT,10GM,0
LZ14,LOZIVATE MF OINT,20GM,0
LZ16,LOZIVATE S OINT,20GM,0
LCZ,LYCOZIA CAPS,10'S,0
JGFKJH,MYCOCLIN SHAMPOO 60ML,1*60ML,0
NIXIAD,NIXIDOX CAP,1*10,0
NIXIP9,NIXIPER LOTION,60ML,0
N14,NIXIPER SOAP,75GM,0
NIX100,NIXITRAL 100MG CAPS,4'S,0
NX200,NIXITRAL 200MG CAPS,10'S,0
TRYD1,TYRODIN TABS,10'S,0
TYRIEN,TYRODIN CREAM,20GM,0
TRHHFF,TYRODIN FSR TAB,1*10,0
TYUR1,TYRODIN LOTION,20GM,0
ZITC9,ZITCARE CAPS,10'S,0
ZITUKB,ZITCARE S GEL 20GM,1*20GM,1
ZITM9,ZITMOIST GEL,50GM,0
ZVN,ZIVINIX TABS,10'S,0
HUYYRR,MECOGRAND 1500MCG1 INJ,1*1,0
358,ZERODOL MR TABS,10'S,50
CAREAB,CARE ABDOMINAL BELT 40,1,0
MENC,MENO CARE CAP,10'S,0
NUTM,NUTRA MENO POWDER,200GM,0
VFFGGH,CMVCELL TAB,1*2,0
FELP,FELYPO CAPS,10'S,0
KETOCE,KETOCHECK DS TAB,10'S,20
RBRAI,RB RAISE TAB,10'S,0
XCC1,XCEL 25(EXEMESTANE)TABS,10'S,0
A1052,ALBUTAMOL TAB,10`S,0
BRILS,BRIMOPRESS LS EYE DROPS,5ML,0
CATA,CATAREST EYE DROPS,10ML,0
CETKT9,CENTAFLOX KT EYE DROPS,5ML,0
CITRO,CIPROTZ TAB,10'S,0
SFHLHG,EYE 7 KID GUMMY 30GM,1*1,0
FJJGGG,GLUCOTIM LA EYE DROPS 5ML 1*5ML,,0
KDJKFJ,HEAL TEARS EYE DROPS,1*10ML,0
IMHFJS,IMUSMILE PRO CAP,1*15,0
K178,KOFAREST EXPEC SYRUP,100ML,0
KOO,KOFAREST-PD SYRUP 60ML,60ML,0
MT,4 METOZ 2.5 TABS,10'S,0
ME1T5,METOZ 5MG TABS,10'S,0
O251,OCUPOL DX EYE OINT,5GM,0
O132,OCUPOL DX EYE/EAR DROPS,5ML,0
O288,OCUPOL EYE OINT,5GM,0
O131,OCUPOL EYE/EAR DROPS,5ML,2
O223,OCUREST AH EYE DROPS,10ML,2
O133,OCUREST EYE DROPS,10ML,0
ORAXIN,ORAXIN SYRUP,200 ML,1
RELU1,RELUB EYE DROPS,10ML,0
SS,SINAREST 60ML SYRP,60ML,16
S1118,SINAREST AF DROPS,15ML,4
S1234,SINAREST AF SYP,60ML,0
SFXP1,SINAREST FXP TABS,10'S,0
SINL01,SINAREST LEVO TABS,10'S,0
SJHHNS,SINAREST LP TAB,1*10,0
S544,SINAREST NASAL SPRAY,10ML,0
S892,SINAREST ORAL DROPS,15ML,8
SINPDN,SINAREST PD NASAL DROPS,10ML,0
SINLIN,SINAREST PD SYP,60ML,0
SINES,SINAREST PLUS SYRUP,60 ML,1
S368,SINAREST SYRUP,100ML,0
S367,SINAREST TABS,15'S,470
S912,SINAREST VAPOCAPS,10'S,0
1S1,SINARID S NASAL DROPS,15 ML,0
TEN020,TEN 20MG TABS,10'S,0
TORECG,TORCEL 40MG TAB,10'S,30
TRANSL,TRANSLIPO TRIPLE CREAM,10GM,0
TRA,TRAVOPTA EYE DROPS,3ML,0
VERTD7,VERTIDIZ TABS,10'S,0
HFERWT,CETAPHIL SUN SPF 30,1*100ML,0
SILK30,SILK 3-0 5028,1'S,0
SODO,SODOCEL EC 500MG,10;S,100
ACMR8,ACERON MR8MG TABS,10'S,0
ACE9,ACERON TC TABS,10'S,0
ADCO1,ADCOSPAS TABS,10'S,0
C1364,CLOPIXOL DEPOT 200MG AMP,1ML,0
C1418,COSKLOT 250MG TABS,10'S,0
C1464,COSKLOT 500MG TABS,10'S,0
COSK,COSKLOT AMP,5,0
CKP,COSKLOT PLUS TABS,10'S,20
D591,DEANXIT TABS,10'S,0
D5649,DENSICAL ALPHA CAPS,10`S,0
DEN250,DENSICAL C(JOCAL C) TABS,10'S,0
DYCG,DYCERIN GM TAB,10S,0
EF16,EFATOP C LOTION,75ML,0
WDFLIQ,EPIRUS DM CAPS,10*S,0
F456,FEROSE SYRUP,150ML,0
F363,FLUANXOL 0.5MG TABS,10'S,0
F221,FLUANXOL DEPOT 20MG AMP,1ML,0
F222,FLUANXOL DEPOT 40MG AMP,2ML,0
FL22,FLUCOS LOTION,60ML,0
F516,FLUCOS POWDER,75G,0
J037,JECTOCOS PLUS AMP,1.5ML,50
LAAN1,LANALITE CREAM,15GM,0
MENA,MENABOL TABS,20'S,70
M312,METOPAR TABS,15'S,0
M731,MOVELISIN GEL,20GM,0
MTLAC,MTLAC SYP,100ML,0
P356,PERNOX 2.5% GEL,20GM,0
S369,SAROTENA 10MG TABS,10'S,0
S370,SAROTENA 25MG TABS,10'S,0
SERC9,SERCOS CREAM,10GM,0
VB21,VIBROX CAPS,15'S,0
QGWDIF,LYSER D NANO GEL,30GM,0
M755,MUSTONE 60MG TABS,10'S,0
A050,ADDYZOA CAPS,20'S,0
F028,FEMIPLEX TABS,75`S,0
G2L2,GALAKOL POWDER,40GM,0
G007,GALAKOL TABS,100'S,0
GUM,GUM TONE GEL,50G,0
GUMG,GUM TONE GEL,1X50GM,0
G281,GUM TONE POWDER,40GM,2
GUMTO,GUMTONE GEL,50GM,0
L030,LIVOMYN SYP BIG,200ML,0
M022,M2TONE SYRUP,200ML,4
M023,M2TONE TABS,30'S,0
JDJHFH,OJUS SYP 200ML,1*200ML,0
STOPJD,STOP-IBS TAB,30'S,0
FERT9,FERTIGRA CAPS,10'S,0
UYDFT9,CH BABY BATHING GEL,1*1,0
CHBAB,CH BABY GIFT PACK,1,0
DJIFH,CH BABY LOTION,1*1,0
KJVHUI,CH BABY MASSAGE OIL,1*1,0
FGW,CH BABY POWDER,1*150GM,0
UYHWEG,CH BABY POWDER,1*300GM,0
GFOE8,CH BABY RICH CREAM,1*1,0
UIHI,CH BABY SHAMPOO,1*1,0
TYFYT,CH BABY SOAP,1*125GM,0
T8YQ,CH BABY SOAP,1*75GM,0
UHIQ,CH BABY WIPES,1*75,0
GHFDY,CH BABYSOAP BUY 3 GET 1,1*125GM,0
ETYDF,CH BW AND SHAMPOO,1*200ML,0
UYE,CH CLASSIC BREAST PUMP,1*1,0
UYW,CH COTTON BUDS,1*60&90,0
SDFJBV,CH DIAPER RASH CREAM 20GM 1*1,,0
UYWD,CH FEEDING BOTTLE,1*150ML,0
JHG,CH FEEDING BOTTLE,1*250ML,0
UHDGF,CH FEEDING BOTTLE,1*330ML,0
YGW,CH MANUAL BREAST PUMP,1*1,0
GEWE,CH TOOTHBRUSH,1*1,0
GFQ,CH TOOTHPASTE,1*1,0
CHICXJ,CHICCO BABY NIPPLES ALL,ALL,0
CHICOO,CHICCO BABY POWDER,75GM,0
CHKSDJ,CHICCO BABY POWDER,150GM,0
CH,CHICCO BABY SHAMPOO,1*200ML,0
JFSHFS,CHICCO BABY TALCUM POWDER 1*1,,0
WIPRO,CHICCO BABY WIPES,ALL3,0
WYTRTT,CHICCO BM GENTLE BODYWASH 1*500ML,,0
CHICCL,CHICCO BODY LOTION,100ML,0
CJHHIS,CHICCO DIAPER RASH CREAM,100GM,0
CSDGHF,CHICCO DISINFECTANT,500ML,0
CHICJS,CHICCO ELECTRICAL TOOTH,1,0
CHICCO,CHICCO FEEDING BOTTLE ALL ALL,,0
CHIFSM,CHICCO MILK TEETH,,0
CHOFKL,CHICCO NATURAL FEEDING,,0
CHIHJK,CHICCO POWDERS,,0
HJHCHI,CHICCO RICH CREAM,1,0
KJKCH,CHICCO SOAP,75GM,0
CHISJF,CHICCO TOOTH BRUSH,1,0
CHIDFJ,CHICCO TOOTHPASTE,1,0
DFJHHG,CHICO MASSAGE OIL 200ML,1*200ML,0
MEDIMX,MEDIMIX SOAP,125MG,0
M465,MEDIMIX SOAP,75GM,0
M1414,MEDIMIX SOAP,18GM,0
T1YDQG,ALREGA NT TAB,1*10S,0
ACF1,ACEFLEX PLUS TABS,10'S,0
1211,AMLIP 2.5MG TAB,10'S,0
A4734,AMLIP 5MG TABS,10'S,340
AMOGHH,AMOXYCLAV SYP,1,0
AMP5,AMPISPAN 500MG CAPS,10'S,0
AZ211,AZAX 250MG TABS,6'S,0
AZAX.,AZAX SYRUP,15ML,0
DFLAFF,AZICIP 500MG TAB,1*3,0
B,BBB,10'S,0
BETAS,BETASALIC OINT,20GM,0
B,H BURNHEAL PLUS 15GM,15GM,0
CEAZ,CEEFIX AZ TABS,10'S,0
CEF12,CEEFIX CV325 TABS,6'S,0
CT12,CETCIP L TABS,10'S,0
FYTH,CHESTON COLD DS SYP,1*60ML,0
JFHWE,CHESTON COLD TOTAL TAB,1*10,0
VMFNDJ,CHESTON{AMB} COLD SYR,,0
CHYO,CHYMOCIP TAB,"20,S",0
CIHD,CIPCAL HD TAB,15'S,50
CIXT,CIPCAL XT TAB,15'S,0
C1393,CIPCAL(CALCIUM) 500MG,15`S,195
CIPL1,CIPLADINE 10GM OINT,10GM,3
CIPLA,CIPLADINE LOTION,100ML,6
CIPL,CIPLADINE OINT,20GM,19
CIPO,CIPLADINE POWDER,1X10GM,4
CCR,CIPLOX CREAM,15GM,0
CP6,CIPMOL 650 TAB,10S,0
CI100,CIPROX IV INJ,100ML,0
C1679,CIPZEN D TABS,10`S,0
C1593,CIPZEN FORTE TABS,10'S,0
CIPZOX,CIPZOX TABS,10'S,0
IXY,CLEARNOZ 0.05% NASAL,10 ML,0
CLOC,CLOCIP B CREAM,10GM,0
"CLO.,",CLOCIP B CREAM,5GM,0
CLOC10,CLOCIP OINT,10GM,3
CL44,CLOCIP POWDER,100GM,0
CLO75,CLOCIP POWDER,75GM,0
CODF,COFDEX FORTE SYRUP,100ML,0
COFP,COFDEX P SYRUP,60ML,0
COX,COFDEX SYRUP,100ML,0
C1267,COFRYL SYRUP BIG,100ML,0
COR,COFRYL SYRUP SMALL,60ML,0
COFT,COFTON EXP SYRUP SMALL,60ML,0
C1725,COOL ACTION CAPS,10'S,0
COOO,COSART 25MG TABS,10'S,0
COS1,COSART 50MG TABS,10'S,0
CSH1,COSART H TABS,10'S,0
CRE..,CRESAR 80H TABS,10'S,0
CRES,CRESAR H TABS,15,75
DANF1,DANFREE 1% SHAMPOO,100ML,0
DX,DEXCOF SYRUP,100ML,0
DEXO1,DEXODERM CREAM,15GM,20
DIG21,DICLOGOLD M TABS,10'S,0
DILVAS,DILVAS 5MG TAB,10'S,0
FGGG,EASIBREATHE CAP,1*10,0
JFSGFS,EASYLAX L SYRUP,1*100ML,0
"ENB.,",ENBEE THERMOMETR,1'S,0
DHHEH,FAROHIT 200 TAB,1*6,0
F142,FERTOMID 50MG TABS,1*10'S,0
FLUK,FLUKA 150 TABS,1'S,44
FOUR2,FOURDERM CREAM,15GM,0
GLIMDA,GLIMDA 1MG TAB,10,0
JKHJGH,GLIMDA 2MG TAB,10,0
GLINI,GLINIL M TAB,10'S,0
H106,HIPRESS 50MG TABS,14'S,0
IN212,INOR T TABS,10'S,0
KT!1,KETOCIP TABS,10'S,0
KR11,KREMALEX SYRUP,170ML,0
RFETR,LAXAFFIN SYP,170ML,0
LAX9,LAXICAM PLUS TABS,10'S,0
GSDFGH,LEVOFLOX 500 IV,1*100ML,0
LHFNFN,LEVOFLOX 750MG TAB.,1*5,0
LIV3,LEVOLIN 0.31MG RESP,2.5ML,58
L521,LEVOLIN 1.25 RESPULES,1*2.5ML,105
862,LEVOLIN INHALAR,14G,2
LKEJFN,LICHEE TAB,1*15,0
LP202,LIPVAS 20MG TABS,10'S,10
LP40,LIPVAS 40MG TABS,10'S,70
LIP,LIPVAS(ATORVASTATIN)10MG,10'S,0
LIVC1,LIVCET AM TABS,10 'S,0
LUF,LULITEC 10GM,1,0
JFHJKF,LULITEC 20GM CREAM,1*20GM,2
MEGAC,MEGACLOX CAPS,10'S,0
M930,MEGACLOX DT TAB,10'S,0
MER26,MERIMOL 1000MG IV,100ML,0
MICO,MICOGEL F OINT,15GM,0
MON,L MONTINA L TAB'S,10'S,30
MOP,MOVEXX PLUS TAB,10S,0
BFKKHK,MUPICIP OINT 5GM,1*5GM,5
DJFJKH,MUPICIP OINT BIG,1*10GM,0
NAS,NASOWASH SACHETS,1*10,0
NIDS,NICIP DS TAB'S,10,0
NICMD,NICIP MD TABS,10'S,0
N1525,NICIP TABS,10'S,380
OKAMET,OKAMET 500MG TAB,20'S,0
OML1,OMALASOFT CAPAS,10'S,0
OMNIAD,OMNIGEL,20GM,3
OMN75,OMNIGEL OINT,75GM,5
OMN13,OMNIGEL OINT,50GM,0
OMNI1,OMNIGEL SMALL,10GM,15
FGFGFG,OMNIGEL SPRAY,1*35GM,3
OMN100,OMNIGEL SPRAY,100GM,3
FGFGFG,OMNIGEL SPRAY,1*35GM,6
OMNITK,OMNIGEL SPRAY SMALL,20GM,12
OMNI20,OMNIHOT GEL,30GM,0
PANTO,PANTOSEC 40MG TAB,10'S,150
PN1211,PANTOSEC DSR CAPS,10'S,0
PNTD,PANTOSEC-D TAB,10X10S,140
PRA1,PARACIP SYRUP,60ML,0
PE122,PENTOZEN DSR CAPS,10'S,0
CLPG,POWERGEL SYP,60ML,0
PGL,POWERGYL SYRUP SMALL,30ML,0
PRE31,PREGACIP M CAPS,10'S,10
RABEJH,RABELKEM D TAB,1*10,0
RB12,RABESEC 20MG TABS,10'S,0
RADSR9,RABESEC DSR CAPS,10'S,0
JGIGRT,RABICENT D TAB,1*10,0
R597,REACTIN 100MG SR TABS,10'S,0
R590,REACTIN 50MG TABS,10'S,0
REL121,REACTIN GEL,30GM,0
RO24,ROKO CAPS,10'S,0
SUH5,SUHAGRA TABS,4'S,0
SUH,SUHAGRA-100MG TAB,1X4S,0
TEL22,TELEGARD TABS,10'S,0
VAN21,VANLID 250MG TABS,10'S,0
VIBE1,VIBECAL Z CAPS,15'S,0
VOV32,VOVILUP SPRAY,75GM,0
WELC1,WELCET 500MG TABS,10'S,0
WL5,WELSET 650MG TAB,10X10S,0
KDJSGF,8X CREAM 30GM,1*30GM,0
HKLSDK,8X KT SHAMPO 60ML,1*60ML,0
8XX,8X SHAMPO0,60ML,1
8X,8X SHAMPOO,120'ML,0
9PM,9 PM EYE DROPS,2.5ML,0
A413,ACIVIR 200MG DT TABS,10'S,85
A415,ACIVIR 400MG DT TABS,10'S,10
A412,ACIVIR 800MG DT TABS,10'S,40
ACIIV,ACIVIR AMP,1'S,0
A508,ACIVIR CREAM,10GM,15
A511,ACIVIR EYE OINT,5 GM,0
ACNE1,ACNEDAP GEL,15GM,0
ACNP9,ACNEDEP PLUS GEL,15GM,0
ATEARS,ADD TEARS EYE DROPS,10ML,4
ADG2,ADGAIN CAPS,10'S,0
ALDFJA,ADGAIN PLUS CAP,1*10,0
QGWOOO,ADGAIN PLUS CAP 30S,30S,0
ADBBDS,ADVENT 228.5 SYP,1*30ML,0
AD12,ADVENT 625 TABS,10'S,0
ADV0,ADVENT DRY SYRUP,30ML,0
A781,AEROCORT FORTE ROTA,30'S,1
A252,AEROCORT INHALER,1`S,5
A500,ALERID D TABS,10`S,0
A253,ALERID SYRUP,30ML,1
ALE,60 ALERID SYRUP BIG,60ML,0
A254,ALERID TABS,10'S,0
ALFU,ALFUSIN D TABS,10'S,0
AL23,ALFUSIN TABS,15'S,0
AMANTE,AMANTREL ER-193,15'S,15
AMNAER,AMANTREL-ER 129,10'S,30
LHDHFH,AMLIP 10MG TAB,1*10,0
AML11,AMLIP AT TABS,10'S,400
A419,AMLOPRES 10MG,10'S,0
A417,AMLOPRES 2.5MG TABS,10'S,0
AMLP5,AMLOPRES 5MG,30'S,0
A567,AMLOPRES AT 25MG TABS,15`S,0
AMLPAT,AMLOPRES AT TABS,15'S,150
A421,AMLOPRES L TABS,10'S,0
AMLPN,AMLOPRES NB TABS,10'S,0
RTJ,AMLOPRES TL TABS,"10,S",0
AML21,AMLOPRES VL160 TABS,10'S,0
AN310,ANDROGARDION TABS,5+5S,0
QIGUIQ,ANTIFLU CAPS,10S,0
ARMT1,ARMOTRAZ TABS,10'S,0
ASS1,ASSURANS TABS,15'S,75
A258,ASTHALIN 2MG TABS,45'S,270
A259,ASTHALIN 4MG TABS,1*45,280
ASTH11,ASTHALIN AX SYRUP,100ML,0
A428,ASTHALIN EXPECTORANT,100ML,0
A256,ASTHALIN INHALER,1'S,12
A260,ASTHALIN RESP SOLUTION,15ML,50
A560,ASTHALIN RESPULES,2.5ML,160
A262,ASTHALIN ROTACAPS,30'S,9
A263,ASTHALIN SA 8MG TABS,10'S,0
A257,ASTHALIN SYRUP,100ML,16
AKAJFM,ATORLIOP CV 10MG CAP,1*10,0
A782,ATORLIP 10MG,15'S,0
A783,ATORLIP 20MG TABS,10'S,0
ATP4,ATORLIP 40MG TABS,10'S,0
ATOR1,ATORLIP 80MG TABS,10'S,0
ATASP7,ATORLIP ASP 10MG CAPS,10'S,0
ZLJFHN,ATORLIP CV CAP,1*10,0
AT22,A ATORLIP F TABS,10'S,0
LFHJLH,AUXREG CREAM 50GM,1*50G,0
A414,AZEE 250MG TABS,6'S,0
A8,AZEE 500MG TABS,5'S,45
AZ200,AZIPRO 200MG SYRUP,15ML],0
AZIP11,AZIPRO 500MG TABS,3'S,0
AKJGSD,AZMARDA 50MG TAB,1*14,42
B323,BABY MASK,1'S,0
B553,BAMBUDIL 10MG TABS,1X10'S,0
BASDHD,BASAGLAR CARTIDGE 3ML,1*3ML,0
BB24,BB24 SYRUP,150ML,0
B216,BECLATE 100 INHALER,200MDI,0
B218,BECLATE 100 ROTACAPS,30'S,0
B217,BECLATE 200 INHALER,1'S,0
B221,BECLATE 200 ROTACAPS,30'S,0
B471,BECLATE 400 ROTACAPS,30`S,0
BILADJ,BILAFAV 20MG TAB,1*10,0
BOSS1,BOSENTAS 125MG TABS,10'S,0
BOS11,BOSENTAS 62.5MG TABS,10'S,30
BRIMO,BRIMOCOM EYE DROPS,5ML,0
BRE,BRIMODIN EYE DROPS,5ML,0
BRIMOD,BRIMODIN LS DROPS,5ML,0
B212,BUDECORT 100 INHALER,1'S,3
B330,BUDECORT 100 ROTACAPS,30'S,0
B213,BUDECORT 200 INHALER,1'S,1
BUDECO,BUDECORT 200 ROTACAPS,30'S,7
B332,BUDENASE AQ NASAL SPRAY,1'S,0
BUDES,BUDESAL 0.5 RESPULES,2.5ML,0
BUDESO,BUDESAL 1MG RESP,2.5*5,0
CA360,CAL 360MG TABS,10'S,0
CALCI.,CALCICIP 500MG TABS,15'S,0
CAL0,CALCINASE NASAL SPRAY,30MD,0
CALU,CALUTIDE 50MG TABS,10'S,0
CL4,CALZEM CAPS,10'S,0
CAPP1,CAPEGARD 500MG TABS,10'S,0
CARICO,CARICOM PLUS SY,100ML,2
CARTA,CARICOM TAB,15'S,30
C1591,CEFIX 200MG TAB,10'S,0
C1048,CEFOPROX 100 SYRUP,30ML,0
C1046,CEFOPROX 100MG TABS,10'S,0
C1047,CEFOPROX 200MG TABS,10'S,0
C1158,CEFOPROX 50 SYRUP,30ML,0
CEF22,CEFOPROX CV325 TABS,10'S,0
CHEP2,CHAPTEX LIPCARE GEL,10GM,0
C1313,CHESTON COLD SYRUP,60ML,0
CHE99,CHESTON SYRUP,100ML,0
CINM1,CINMOVE(CINITAPRIDE) TABS 10'S,,0
DHARMA,CIPLA DIGITAL THERMOMETER 1'S,,0
C521,CIPLACTIN SYRUP,100ML,0
C326,CIPLACTIN TABS,15'S,0
C328,CIPLAR 10MG TABS,1*15,50
C329,CIPLAR 40MG TABS,15'S,120
CIOPHH,CIPLAR LA 20MG TAB,1*15,0
CIP4,CIPLAR LA 40 TAB,15'S,60
CIL,CIPLAR LA 80MG TAB,10S,0
C334,CIPLOX 500MG TABS,10'S,170
C1256,CIPLOX D EYE DROPS,10ML,72
C336,CIPLOX EYE DROPS,10ML,66
C337,CIPLOX EYE OINT,5GM,0
C332,CIPLOX IV INJ],100ML,0
C579,CIPLOX TZ TABS,10'S,50
CLAI2,CLIARWAY NASAL DROPS,20ML,0
CLAP75,CLOPIVAS AP 75 MG TABS,15'S,60
C298,CLOPIVAS TABS,15`S,0
COC11,COCODRYL SYUP,100ML,0
COG32,COGNOLIN 500MG TABS,10'S,0
COG36,COGNOLIN P TABS,10'S,0
COLY9,COLY MONAS 3MG INJ,3MG,0
CM14,COMBIHALE FB200 INHALER,120MD,0
CM10,COMBIHALE FB200 ROTACAPS,15MD,0
"COMBI,",COMBIHALE FB400 INHALER,1'S,0
COM14,COMBIHALE FF100 REDICAP,15'S,0
COFF,COMBIHALE FF250 INHALAR,1X7.2G,0
CM13,COMBIHALE FF250 REDICAPS,15'S,0
CR11,CRESAR 20MG TABS,15'S,0
CA4,CRESAR 40MG TABS,15,90
"CRES,/",CRESAR 80MG TABS,10'S,0
CRE.,CRESAR AM TABS,1*15,0
CREA80,CRESAR AM80 TABS,10'S,0
R87RI,CRESAR CT 40,10*1,0
"CRES,",CRESAR PLUS TABS,10'S,0
CR12,CRISANTA,1'S,0
CRIS1,CRISANTA LS TABS,28'S,0
C339,CROMAL EYE DROPS,5ML,0
C1538,CROMAL FORTE EYE DROPS,5ML,2
C832,CROMAL ROTACAPS,30'S,0
BFAFHF,D-SOL 1GM GRANULES,1*1,0
DSL11,D-SOL 60K TABS,4'S,0
DSOL9,D-SOL DROPS,30ML,0
RYUFF,D5 500ML [C],500ML,48
D216,DANOGEN 100MG CAPS,10'S,10
D217,DANOGEN 200MG CAPS,10'S,0
D215,DANOGEN 50MG(,10'S,0
ASDJKG,DESIROX 250MG TAB,1*30S,0
ASLKKN,DESIROX TAB,1*30,0
DV43,DIVAINE 100MG TABS,10'S,0
DIK5,DIVAINE 50 TABS,10'S,0
DON10,DONECEPT 10MG TABS,10'S,0
DONE1,DONECEPT 5MG TABS,10'S,0
DONE2,DONECEPT M TABS,10'S,0
DR21,DORZOX EYE DROPS,5ML,2
DR41,DORZOX T EYE DROP,5ML,2
D606,DOXACARD 1MG TABS,10'S,0
DOXA2,DOXACARD 2MG TABS,10'S,0
DUF9,DUOFLO TABS,10'S,0
DUOF2,DUOLIN FORTE ROTACAPS,30'S,0
D674,DUOLIN INHALER,1'S,1
DUOL1,DUOLIN LD RESPULES,2.5ML,20
DUOLIN,DUOLIN RESP SOLUTION,1'S,0
D741,DUOLIN RESPLUES,2.5ML,310
D673,DUOLIN ROTACAPS,30'S,3
N,DUONASE NASAL SPRAY,1'S,2
DUOV1,DUOVA INHALER,200MD,1
DUO,DUOVA ROTACAP,30S,1
DUOVI,DUOVIR E KIT TABS,1X1'S,0
D5755,DUOVIR N TABS,30`S,0
D620,DUOVIR TABS 10S,10'S,0
D647,DUOVIR(COMBIVIR)TABS 60S,60'S,0
DYT10,DYTOR 100MG TABS,10'S,20
DY1,DYTOR 10MG TABS,15'S,294
TO2,DYTOR 20MG TABS,15'S,90
DY4,DYTOR 40MG TAB,10S,80
TORM,DYTOR 5MG TABS,15'S,75
DYTA,DYTOR AMP,2ML,20
DTYUJJ,DYTOR E 10MG TAB,20'S,30
DYT4,DYTOR PLUS 10 TABS,15'S,195
0289,DYTOR PLUS 20 MG TABS,15'S,45
DY11,DYTOR PLUS 5 TABS,15'S,75
DYUYGH,DYTOR PLUS LS 10MG TAB,1*15,105
DYTOR,DYTOR PLUS-LS 10,15'S,0
EFAV,EFAVIR 600MG TABS,30'S,0
E224,EMESET 4MG TABS,10'S,0
EMS,EMESET SYRUP,30ML,0
ENDG,ENDOGEST 100MG CAPS,10'S,0
EN44,ENDOGEST 200MG CAPS,10'S,0
YYG,ENDOGEST 300SR TABS,"10,S",0
END32,ENDOGEST SR200 CAPS,10'S,0
ENTA,ENTAVIR 0.5MG TABS,10'S,0
E448,ENTOFOAM ENEMA,1'S,0
EP21,EPINA EYE DROPS,5ML,0
EPIP1,EPINORM SYRUP,30ML,0
ERL21,ERLOCIP 150MG TABS,30'S,0
"ESOM,",ESOMAC 20MG TABS,15'S,0
ESOM,ESOMAC 40MG TABS,15'S,30
ESD1,ESOMAC D40MG CAPS,10'S,10
DLHGGG,ESOMAC IV 4,1*1,0
ESOM2,ESOMAC L CAPS,10'S,0
ESOM9,ESOMAC SACHETS,3.2GM,0
ESME20,ESOMEC 20MG TABS,10'S,0
ETAC25,ETACEPT 25MG INJ,25MG,0
EV200,EVOCORT 200MG R/C,30'S,0
EV21,EVOCORT 400 ROTACAPS,30'S,0
ECSDFJ,EXCELA LITE LOTION,100ML,0
EX21,EXERMET 1000 TABS,10'S,0
EXEM,EXERMET 500 TABS,15'S,0
EMT,EXERMET 850 TABS,10'S,0
EX47,EXERMET GM 501 TABS,15'S,45
EXER,EXERMET GM 502 TABS,15'S,0
EXGM1,EXERMET GM FORTE1 TABS,10'S,0
EXE11,EXERMET GM FORTE2 TABS,10'S,0
FR44,FAROBACT 200MG TABS,10'S,0
FAJNJF,FAROBACT ER 300MG TAB,10'S,10
FEMP1,FEMPRO 2.5 TABS,10'S,0
FENOLI,FENOLIP TABS,10'S,30
FEXT,FERICIP XT TAB,10,0
F206,FERTOMID 100MG TABS,5`S,0
F141,FERTOMID 25MG TABS,10'S,0
FV99,FEVAGO DS SYRUP,60ML,0
FV98,FEVAGO SYRUP,60ML,0
FT21,FITEYE TABS,10'S,0
FLV11,FLAVOCIP 200MG TABS,10'S,0
FGEL,FLOGEL EYE DROPS,10ML,0
FDU12I,FLOGEL ULTRA E/D,10ML,0
F573,FLOHALE 0.5MG RESPULES,2ML,0
F350,FLOHALE 100 ROTOCAPS,30'S,0
F349,FLOHALE 125 INHALER,200 MDS,0
F348,FLOHALE 50 INHALER,200 MDS,0
F525,FLOMEX N EYE DROPS,5ML,0
FLM11,FLOMIST AQ NASALSPRAY,100MD,0
FLOMHD,FLOMIST F NASAL SPRAY,120,1
F509,FLOMIST NASAL SPRAY 100MD 10ML,,1
FO11,FLOSOFT EYE DROPS,5ML,0
FRCR,FORACORT 0.5MG RESP,2ML,0
FCI,FORACORT 100 INHALAR,1'S,1
F605,FORACORT 100 ROTACAPS,30'S,2
FO05,FORACORT 1MG RESPULES,2ML,0
FRC1,FORACORT 200 AUTOHALER,30MD,0
F606,FORACORT 200 ROTACAPS,30'S,10
ASJKLF,FORACORT 200 SYNCHOBREA,1*,0
FOP,FORACORT 400 INHALAR,1X120MT,1
F665,FORACORT 400 ROTOCAPS,30'S,5
FRRT,FORACORT FORTE INH,1'S,0
FRF,FORACORT FORTE ROTACAPS,30'S,5
FOR400,FORACORT G 400 R/C,3*10'S,2
FORTA,FORACORT G SYNCOBREATH,1'S,1
FORAC,FORACORT JUNIOR INHALER,1'S,1
FR22,FORATEC RESPULS,2ML,0
F144,FORCAN 150MG CAPS,1'S,0
FR200,FORCAN 200MG TABS,4'S,0
FOR50,FORCAN 50MG TABS,4'S,0
FORC9,FORCAN INJ,100ML,0
F490,FORCAN TZ TABS,1'S,0
FUR2,FULLFORM 200ROTACAPS,1X30S,1
FUR,FULLFORM 400 R/C,1X30S,2
FRAZ,FURAMIST AZ NASAL SPRAY,70MD,1
FR123,FURAMIST NASAL SPRAY,240MD,1
GR,GATIQUIN EYE DROPS,5ML,0
GAE,GATIQUIN EYE OINTNENT,1X5G,0
GATIQ,GATIQUIN P EYE DROPS,5ML,3
GEF200,GEFTICIP 250MG TABS,10'S,0
GEET,GINETTE 35MG TABS,28S,0
GLYHIS,GLYCOHALE F RESPICAPS,1*30,1
GLKHSG,GLYCOHALE FB R/C,1*30,1
GKLJKJ,GLYCOHALE RESPULES,1*30,0
HR11,HAIR 4U 10% LOTION,60ML,0
HB111,HB SET CAPS,10'S,0
H024,HIPRESS 25MG TABS,14`S,0
JJGJGG,HUF PUF KIT,1*1,0
I-P,I-PILL TABS,1'S,0
I092,IBUGESIC SYRUP,60ML,0
IBAP1,IBUGESIC AP TABS,10'S,0
IBUG1,IBUGESIC NANOGEL,30GM,0
I091,IBUGESIC PLUS SYRUP,60ML,0
FFJHFW,IBUGESIC PLUS TAB,1*20,0
IF,IF2 EYE DROPS,5ML,3
IM15,IMATIB 400MG TABS,10'S,0
IMIPOD,IMIPOD CV TAB,6'S,0
INH11,INHALEX RESPULES,2ML,0
I097,IPRAVENT RESP,2.5ML,0
I213,IPRAVENT ROTACAPS,30'S,0
ISOTRO,ISOTROIN 10MG 12% TAB,1*10MG,0
SIO1,ISOTROIN 10MG CAPS,15,45
IST1,ISOTROIN 20MG CAPS,15;S,30
ISO30,ISOTROIN 30MG CAPS,10'S,0
ISOT1,ISOTROIN 5MG CAPS,10'S,0
ITB,ITORAB CAPS,10'S,0
ITR200,ITRALASE 200MG CAPS,7'S,0
ITR100,ITRANOX CAPS,10'S,0
ITROPD,ITROP PLUS EYE DROPS,1'S,0
JUNIO,JUNIOR LANZOL 15MG,15;S,6
KT13,KETODROPS LS EYE DROPS,5ML,0
LKAJKA,LACOPSY 100MG TAB,1*10,0
1L50,LACOPSY 50MG TABS,10'S,0
LTD50,LAMETEC 50 DT TAB,10,0
L422,LAMIVIR HBV TAB,10`S,0
L1005,LAMIVIR S 30MG TABS,60`S,0
L211,LANZOL 15MG CAPS,10'S,0
LAN21,LANZOL JUNIOR 30MG TABS,10'S,20
LAN1,LANZOL JUNIOR15MG TABS,15'S,0
L134,LARPOSE 1MG TABS,10'S,0
L135,LARPOSE 2MG TABS,10'S,0
L182,LEFUMIDE 10MG TABS,10`S,0
BFJHDF,LENVATOL 4MG TAB,1*10,0
LE111,LEVEPSY 1000MG TABS,10'S,0
LEV250,LEVEPSY 250MG TABS,15'S,0
LV500,LEVEPSY 500MG TABS,15'S,45
LEVE7,LEVEPSY 750MG TABS,10'S,0
WELJHF,LEVEPSY SYP 100ML,1*100ML,0
LEVO63,LEVOLIN 0.63MG RESPULES,1'S,48
LE1,LEVOLIN 1MG TAB,1X10'S,0
LEVL1,LEVOLIN AUTOHALER,20MD,0
LEVP9,LEVOLIN PLUS SYRUP,100ML,0
LEVR,"LEVOLIN ROTACAPS 30,S",30S,4
JGJGJG,LEVOLIN SYNCHBREATH,1*1,0
LEVN,LEVOLIN SYRUP,100ML,4
LV23,LEVORID AX CAPS,10'S,0
HDJH,LEVORID D TABS,10'S,0
LEVOR,LEVORID TAB,10'S,0
LI6,LINOSPAN 600MG TAB,4'S,0
LINO2,LINOSPAN INJ,100IV,0
FGGGHJ,LIPVAS 10MG TAB,1*10,40
LOTFLM,LOTEFLAM EYE DROPS,5ML,0
SDFJKL,LUDURA 50GM CREAM,1*50G,0
DLHFHG,LUDURA CREAM 30GM,1*30G,0
LUDURA,LUDURA SOFT,30G,0
LUMA,LUMACIP CREAM,1,0
LUM6,LUMACIP PLUS CREAM,15GM,0
LUM30,LUMERAX SYRUP,30ML,7
MX21,MAXIFLO 100 R/C,10'S,0
MX42,MAXIFLO 125 INHALER,120MD,1
MX22,MAXIFLO 250 INHALER,120MD,1
MX20,MAXIFLO 250 R/C,30'S,2
GKFSDJ,MAXIFLO 250 SYNCHOBREATH,1*1,0
MX43,MAXIFLO FORTE R/C,30'S,2
M217,MEBEX 100MG TABS,6'S,0
M359,MEBEX SYRUP,30ML,0
2MF1,MEROCRIT 250MG INJ,10ML,0
MER1,MEROCRIT BABY125 VIAL,5ML,0
MESA1,MESALO FOAM,82GM,0
METAS,METASPRAY NASAL SPRAY,10ML,1
M220,METOLAR 100MG TABS,10'S,30
MET25,METOLAR 25MG TABS,15'S,0
M219,METOLAR 50MG TABS,15'S,30
MT95,METOLAR AM 50MG CAPS,10'S,0
MT25,METOLAR AM25 TABS,10'S,0
MDNJGN,METOLAR XR 12.5MG TAB,1*15,0
M25,METOLAR XR 25MG CAPS,15'S,0
METXR,METOLAR XR 50MG CAPS,15'S,0
KJFHNN,METOLAR XT 25MG TAB,1*15,0
JHFBBG,METOLAR XT 50MG TAB,1*15,0
MET100,METOLOR XR 100 CAPS,10'S,0
LDKFJH,MEXOHAR 150MG CAP,1*30,0
M431,MICOGEL CREAM,15GM,0
DHGFGK,MIGARID 5MG TAB,1*10,0
MRQ,MIRAQULE 50 CAPS,10'S,0
M947,MONTAIR 10MG TABS,15S,0
M1400,MONTAIR 4MG TABS,10`S,0
M1399,MONTAIR 5MG TABS,15`S,0
MON21,MONTAIR FX TABS,1*15'S,0
MONK1,MONTAIR LC KID SYRUP,60ML,0
MN12,MONTAIR LC KID TABS,10'S,0
MTL,MONTAIR LC TABS,1*15,30
MTN,MONTAIR PULS KID TABS,10'S,0
MONPLU,MONTAIR PULS TABS,10'S,0
1MOX,MOXICIP 400MG TABS,5'S,10
MOCGVJ,MOXICIP D DROPS,1*5,0
MOXE,MOXICIP EYE DROPS,1X3ML,4
MXCI,MOXICIP EYE OINTMENT,1'S,0
MOXI,MOXICIP IV,1X100ML,0
MOX14,MOXICIP KT EYE DROPS,5ML,1
MOC,MOXICIP TAB,5'S,0
MOXIF1,MOXIFLOX IV,100ML,0
MUC200,MUCINAC 200MG TABS,10'S,0
MU6,MUCINAC 600MG TABS,10'S,34
SDMFHN,MUCINAC AB TAB,1*10,0
MUS11,MUCINAC RESPULES,2ML,0
MEM32,MUPINASE OINT,5GM,0
NM14,NADIBACT CREAM,10GM,0
NADP9,NADIBACT PLUS OINT,7.5GM,0
NASOW1,NASOWASH STATER KIT,7.8GM,0
R11,NEBICIP 2.5 TABS,10'S,0
NB41,NEBICIP 5MG TABS,10'S,0
NIC2,NICOGUM 2MG TABS,10'S,0
NICG4,NICOGUM 4MG TABS,10'S,0
NIC150,NICOTEX 2 MG TABS,9'S,0
NICO4,NICOTEX 4MG TABS,9'S,0
NIJNKF,NINTIB 150MG TAB,1*10,0
IST50,NISTAMI 110/50MCG INHALAR 110/50M,,0
NITIN,NISTAMI ECOPACK,30'S,0
N185,NORFLOX 100MG DT TABS,10'S,0
N186,NORFLOX 200MG TABS,10'S,0
N187,NORFLOX 400MG TABS,10'S,197
N184,NORFLOX EYE DROPS,5ML,0
NOVM75,NOVA M75MG TABS,10'S,0
NO99,NOVA PLUS 75MG CAPS,10'S,0
N189,NOVACLOX 500MG CAPS,9'S,0
N192,NOVAMOX 125MG DT TABS,15`S,0
N514,NOVAMOX 125MG REDIUSE,30ML,15
N1585,NOVAMOX 125MG REDIUSE SYP 60ML,,2
N194,NOVAMOX 250MG DT TABS,15`S,0
N525,NOVAMOX 250MG REDIUSE SYP 60ML,,7
N191,NOVAMOX 500MG CAPS,15'S,75
N463,NOVAMOX CV 625 TABS,10'S,0
NOV/CV,NOVAMOX CV DROPS,10ML,0
NOVAM1,NOVAMOX CV SYRUP,60ML,0
N343,NOVAMOX DROPS,10ML,5
ADQ,NOVAMOX DROPS,10ML,0
NUT2,NUTRAMIDE TABS,10'S,0
NUT3,NUTRIMUNE TABS,10'S,0
DGGBFB,OBORAVO 25MG TAB,1*10,0
OCU16,OCUGARD TABS,10'S,0
OF501,OFLOX 50 REDIUSE SYRUP,60ML,0
OFLD,OFLOX D DROPS,10ML,0
O221,OFLOX EYE DROPS,5ML,0
OF21,OFLOX IV,100ML,0
142,OFLOX OZ TABS,10'S,0
OKACE,OKACET COLD TAB,10'S,0
OLMC,OLMECIP 20 TABS,10'S,0
OLME40,OLMECIP 40MG TABS,10'S,0
OL12,OLMECIP AM TABS,10'S,0
OL!1,OLMECIP H TABS,10'S,0
OM11,OMNICAL TABS,15'S,0
O408,OMNIGEL OINT,30GM,12
OMNI.,OMNIGEL SPRAY,1'S,3
FHDHFL,OMNIX 100 DRY SYP,1*30ML,0
OMN200,OMNIX 200MG TABS,10'S,0
RETYR,OMNIX O200MG TABS,"10,S",0
ALJHVV,OPSUTAN 10MG TAB,1*10,0
O100,OPTIPRES EYE DROPS,5ML,0
OPT,OPTIPRES S EYE DROPS,5ML,0
NJSGF,ORS SACHETS,1*1,0
O1R11,ORTHEL FORTE TABS,20'S,0
O464,OSTEOFOS 35MG TABS,4`S,6
O459,OSTEOFOS 70MG TABS,4'S,4
OXC32,OXCARB 300MG TABS,10'S,0
OXIDB1,OXIDOBEN GEL,15GM,0
OXYS1,OXYSPAS 5MG TABS,10'S,0
PAI1,PAINIL SP TABS,10'S,0
PAS40,PANSEC 40MG TABS,10'S,0
PAN40,PANSEC DSR CAPS,10'S,0
PANS1,PANSEC L CAPS,10'S,0
PARACI,PARACIP 500MG TABS,10'S,0
PAR650,PARACIP 650MG TABS,10'S,0
PR52,PARAFIZZ 650MG TABS,1'S,0
PAR16,PARI CR25 TABS,10'S,0
PC800,PENCIP 800MG TABS,4'S,0
PI200,PIRFENEX TABS,10'S,0
PLE100,PLETOZ 100MG TABS,10,0
PLE50,PLETOZ 50MG TABS,10'S,0
PRAM2,PRANDIAL 0.2MD TABS,10'S,0
PRD21,PRANDIAL M0.2MG TABS,10'S,0
PREGT,PREGTEST,1'S,0
P274,PRESOLAR CAPS,10'S,0
PROLY,PROLYTE POWDER,21GR,0
PF19,PRUFLOX TABS,5'S,0
PML,PULMOPRESS TAB,10,0
P512,PYLOKIT CAPS,1`S,0
Q012,QINARSOL 300MG TABS,10'S,0
QIN11,QINARSOL INJ,2ML,0
RABC20,RABICIP 20MG TABS,15'S,0
RAHFBF,RABICIP IV,1*5ML,0
RABL1,RABICIP L CAPS,10'S,20
R728,RALISTA TABS,10'S,0
R648,RAMIPRES 1.25MG CAPS,10`S,0
R649,RAMIPRES 2.5MG CAPS,10`S,0
R650,RAMIPRES 5MG CAPS,10`S,0
RAPH,RAMIPRES H 5 TABS,10'S,0
RAM13,RAMIPRES H2.5MG TABS,10'S,0
R132,RESTYL 0.25MG TABS,15'S,15
R133,RESTYL 0.5MG TABS,15'S,2
RCPL,REVOLIZER ROTACAPS,1;S,2
GJGHH,REXCOF-DX NF SYP,100ML,0
RIDAK1,RID AR KID TABS,10'S,0
RID11,RID AR TABS,10'S,0
RS13,RISOFOS 150MG TABS,1'S,0
RISOFO,RISOFOS-35,4,0
RIVE1,RIVELA GEL,60GM,0
OWQGEG,RIVELA LITE BRONZE,40GM,0
RVEL1,RIVELA SUNSCREEN LOTION,50ML,0
RIVLT1,RIVELA TINT SUNSCREEN,50ML,0
RIZ1,RIZACT MD10MG TABS,2'S,0
ROFL1,ROFLAIR 500MG TABS,10'S,0
ROS3,ROSULIP 10MG TABS,15'S,0
RU20,ROSULIP 20MG TABS,10'S,0
ROS1,ROSULIP 5MG TABS,15'S,0
HNAS,ROSULIP CV 10 CAP,10'S,30
RO10,ROSULIP F10 TABS,10'S,0
ROS10,ROSULIP F5 TABS,10'S,0
RFOSDN,ROSULIPASP 10/75MG TAB,1*10,0
SE14,SASLIC DS FESH WASH,15ML,0
SS41,SASLIC FACE WASH,60ML,0
569,SEBOWASH,60ML,1
S263,SEROBID INHALER,1'S,0
S833,SEROFLO 100 ROTACAPS,30'S,1
SE20,SEROFLO 125 AUTOHELER,300MD,0
S1019,SEROFLO 125 INHALER,1'S,2
SDERRF,SEROFLO 125 SYNCHOBREATH,1*1,0
SR23,SEROFLO 250 AUTOHALER,300MD,0
S1020,SEROFLO 250 INHALER,1'S,1
S835,SEROFLO 250 RCAPS 30'S,30'S,0
ASKJDG,SEROFLO 250SYNCHOBREATH,1*1,0
S1018,SEROFLO 50 INHALER,1'S,0
S1160,SEROFLO 500 ROTACAPS,30'S,0
SERT1,SERTACIDE CREAM,10GM,0
SI11,SILOFAST 8MG CAPS,10'S,0
SIL32,SILOFAST D8 CAPS,10'S,0
DHFHBF,SITACIP M 50/1000MG TAB,1*10,0
SITACI,SITACIP M 50/500 TAB,10'S,10
S,OLI SOLIACT 5MG TABS,15'S,0
SORANI,SORANIB TABS,30'S,0
STR11,STARPILL CAPS,10'S,0
STON1,STON 1 B6 SYRUP,200ML,2
STONI,STON 1 B6 SYRUP,450ML,0
ST14,STON 1 SYRUP,200ML,0
ST56,STON 1 SYRUP,450ML,0
ST113,STON B6 TABS,10'S,0
S806,SYNCLAR DRY SYP,30ML,0
SYNC,SYNCLAR REDIUSE SYRUP,30ML,0
SYNT1,SYNTHIVAN TABS,30'S,0
TA11,TACHYRA 200MG TABS,10'S,0
DFJKFJ,TAZACT 4.5 INJ,1*1,0
TECH40,TECHLOR 40MG TABS,10'S,0
LFHLFF,TENVIR EM TAB,1*30,0
TEN3,TENVIR TABS,30'S,0
T720,TERBICIP CREAM,10GM,0
TEP111,TERBICIP SPRAY,60ML',0
TERT,TERBICIP TAB,1*15,0
TLA,TEROL LA 2MG CAPS,10'S,0
TLA4,TEROL LA 4MG CAPS,10'S,0
T158,THEO ASTHALIN FORTE TABS,10'S,0
T157,THEO ASTHALIN SR TABS,10'S,0
T156,THEO ASTHALIN SYP.,100ML,0
T155,THEO ASTHALIN TABS,30'S,880
TQ4,THIOQUEST 4MG CAPS,10,0
T665,TIBOFEM TABS,14`S,0
TI,TIOVA INHALER,120MD,1
TIO,TIOVA ROTACAPS,15'S,0
TB14,TOBAFLAM EYE DROPS,5ML,0
TOBA,TOBAMIST RESPULES,1,0
TOG1,TOGEX TABS,10'S,0
TON11,TONENGLO FACE WASH,50GM,0
122,TRIEXER 1MG TABS,10'S,0
TXR,TRIEXER 2MG TABS,10'S,0
TR31,TRIEXER 3MG TABS,10'S,0
TRILS1,TRIEXER LS1 TABS,10'S,0
TRIE41,TRIEXER LS2 TABS,10';S,0
TRH,TRIOHALE INHALER,120 ME D,0
T0R21,TRIOHALE R/C,15'S,0
T690,TRIOMUNE 30MG TABS,30'S,0
T691,TRIOMUNE 40MG TABS,30'S,0
T369,TRIVEDON 20MG TABS,10`S,0
T306,TRIVEDON MR TABS,10'S,0
TG21,TUGAIN 10% LOTION,60ML,0
1T12,TUGAIN 10%FOAM LOTION,60GM,0
TG,1 TUGAIN 2% GEL,60GM,0
TUG,TUGAIN 2% LOTION,60ML,0
TG14,TUGAIN 2%FOAM LOTION,60ML,0
TUG.,TUGAIN 5% FOAM,1,0
TUG1,TUGAIN 5% GEL,60ML,0
TUGA,TUGAIN 5% LOTION,60ML,0
EKJHFF,TUGAIN EVA SOLUTION,1*1,0
TUGM5,TUGAIN MEN 5% LOTION,60ML,0
TUGSDB,TUGAIN TWINS SOLUTION,1*60ML,0
UFT1,URIFAST CAPS,10'S,0
URIMA2,URIMAX 0.2MG CAPS,10'S,0
URI04,URIMAX 0.4MG CAPS,20,0
URD,URIMAX D TAB,15'S,30
URID,URIMAX D TAB,30'S,0
UR,URIMAX F CAP,10S,0
URIUZ,URIMAX Z,10'S,0
URI,URIVOID TAB,1X10'S,0
V2L1,VALCIVIR 1GM TABS,3'S,45
VALVIR,VALCIVIR 500MG TABS,3'S,0
VALG1,VALGAN 450MG TABS,4'S,0
VAN11,VANLID 500MG INJ,500GM,0
HSDFJS,VENLOR XR 75MG TAB,1*10,0
VERT2,VERTIPRESS 16MG TABS,10'S,0
VE7.5,VESIGARD 7.5MG TABS,10'S,0
VIR1,VIRADAY TABS,30'S,0
VITO,VITOMIN D3 60K TABS,4'S,0
VITD1,VITOMIN D3 DROPS,15ML,0
VID3,VITOMIN D3 SACHET,8GM,0
V171,VITOMIN Z CAPS,10'S,0
V258,VITOMIN Z DROPS,15ML,0
VIT26,VITOMIN Z SYRUP,200ML,0
VOLT,VOLTANEC PR TAB,10'S,0
NMVBIH,VYSOV D,10'S,0
W99,WARF 1MG TABS,10'S,10
W102,WARF 2MG TABS,15`S,15
WOF1,WARF 3MG TABS,10'S,0
W66,WARF 5MG TABS,15`S,0
WEL500,WELSET 500MG TABS,10'S,0
XGAIN,XGAIN SHAMPOO,200ML,0
XO11,XOVATRA EYE DROPS,2.5ML,0
XOV11,XOVATRA T EYE DROPS,2.5ML,0
XYLAS1,XYLISTIN FORTE2 INJ,10ML,0
Z192,ZAART 25MG TABS,10'S,0
Z193,ZAART 50MG TABS,10'S,0
Z324,ZAART H TABS,10'S,0
ERGJNG,ZEROSTAT MINI SPACER,1*1,0
Z209,ZEROSTAT SPACER,1,0
SASD,ZEROSTAT VT SPACER,1*1,0
Z263,ZIDOVIR 300MG TABS,10'S,0
ZIF11,ZIFELOX TABS,10'S,0
ZIPX,ZIPRAX 100 SYRUP,30ML,0
ZIP50,ZIPRAX 50MG SYRUP,30ML,0
Z167,ZOFLUT CREAM,5GM,0
Z206,ZOFLUT CREAM,10GM,0
AEWORW,AEROCORT ROTACAPS,1*60'S,4
ANTP,ALREGA NT PLUS TAB,1*10,0
DANDAD,DANFREE 2% SHAMPOO,100ML,0
FJFBFJ,ELQUIX 500MG TAB,1*10,0
DFIODF,FOLIWAY TAB,1*10,0
KLHLFD,KYLIN PLUS TAB,1*10,0
EKRGGR,LYCOXIL CAP,1*10,0
GEWIQF,SILODYNE D8 TAB,10*S,0
SDFJKF,SUCRADIL 0 SYP,1*200ML,0
KFNGFG,VOXLIN 600MG TAB,1*6,0
A372,ACINIL SYRUP,170ML,0
ANDI2,ANDIAL TABS,10`S,830
D307,DELCON PLUS SYRUP,60ML,0
DELCPT,DELCON PLUS TABS,10'S,0
D310,DELCON SYRUP,60ML,0
DELCON,DELCON TABS,10`S,0
F250,FEPANIL 250 SYRUP,60ML,6
FEP650,FEPANIL 650MG TABS,15`S,0
F256,FEPANIL SYRUP,60ML,0
FER300,FERCEL 300MG CAPS,10`S,0
L188,LYSATONE PLUS SYRUP,300ML,0
PRO32,PROXTL 100MG SYRUP,30ML,0
P1306,PROXTL 50MG SYRUP,10'S,0
D578,10% FRUCTODEX IV 500ML,500ML,0
DDEO,25D IV 100ML,100ML,0
CEFIX,CEFIX 100MG TAB,10,0
D284,DEXTROSE 5% 500ML,500ML,0
DEX5,DEXTROSE 5% IV 1000ML,1X1LT,0
D317,DNS IV 500ML,500ML,514
KID23,KIDROLYTE-P 500ML,500ML,0
METI,METRIS I V,1X100ML,0
R,LI R L IV 500ML,1X500ML,0
RL1000,RL IV (1000ML),1000ML,0
VOLU9,VOLUVEN 6% IV,500ML,0
ASKDJH,ACUPA TH4 TAB,1*10,0
AFSGAA,ACUPA TH8 TAB,1*10,0
ACURG,ACUPA-GEL,30GM,0
BE250,BENECEF 250 TABS,6'S,0
BENEC1,BENECEF 500MG TABS,6'S,0
CLIV1,CLIVITAL CAPS,10'S,0
CLIS1C,CLIVITAL SYRUP,200ML,0
DFHKLG,COENZAL FORTE TAB,1*10,0
DAV1,DAVICAL CT TABS,10'S,0
DAVIC,DAVICAL TABS,10'S,0
HFVFBH,GABATRES NT TAB,1*10,0
RABF,D RABEFAG D TAB'S,10'S,0
RABFL,RABEFAG L CAPS,10'S,0
ROS21,ROSEFER SYRUP,150ML,0
ROSEF,ROSEFER TABS,10'S,0
STIM9,STIMULASE SYRUP,200ML,0
DLJHDN,SUPERBACT OINT 5GM,1*5GM,0
HLHLHL,TENDONACE SACHETS,1*1,0
ALIST,ALISTOR 10MG TABS,10'S,0
METCY,METCY 25MG TABS,10'S,0
METCY.,METCY 50MG TABS,10'S,0
PCUT,PCUT TABS,10'S,0
GTRFT,TORVEL 20 TABS,"10,S",0
ARR1,ARROW H TABS,10'S,0
BENC9,BENCAN TABS,10'S,0
CE89,CEFACT 200MG TABS,10'S,0
CEFO,CEFZED O TAB,10,0
CJKLJN,COLANZ MD 10MG TAB,1*10,30
OLA21,COLANZ MD 5MG TABS,10'S,0
CORNRR,COR-9 250MG VIAL,1*1ML,0
COR-9,COR-9 500MG VIAL,1*2ML,0
FHSDGS,DOXYCT IV,1*100MG,0
ES10,ESCERT 10MG TABS,10'S,0
E2S4,ESCERT CZ TABS,10'S,0
FN14,FENZ CAPS,1*2,0
DJFHKS,FENZ XT CAP,1*10,0
1FEN,FENZ XT TABS,10'S,0
2FL3,FLUTAL CAPS,10'S,0
GLB1,GLORAB DSR CAPS,10'S,0
LCF1,LCFREDOM TABS,10'S,0
IQFYDO,MEGANEURON FORTE AMP,2ML,0
MEL6,MELACT PG CAPS,10'S,0
ML43,MELACT TABS,10'S,0
MEL01,MELMIN CAPS,10'S,0
PDZ,PANZED TABS,10'S,0
AKJHDD,QTAL 50MG TAB,1*10,0
JKFHUS,TELEDOC CH 40 TAB,1*10,0
HSFG,TRICIUM ACTIVE TAB,1*15,0
C248,COLGATE ACTIV SALT PAST,100GM,0
COL10G,COLGATE DENTEL TOOTHPAST,21GM,0
C710,COLGATE DENTEL TOOTHPAST,50GM,0
COID1,COLGATE INTERDENTAL BRUSH 1S,,0
C245,COLGATE PLAX MOUTH WASH,125ML,0
C249,COLGATE PLAX MOUTH WASH,250ML,0
C1798,COLGATE SENSITIVE CARE,100G,0
C810,COLGATE VISABLE WHITE,100GMS,0
COZ9,COLGATE ZIGZAG TOOTHBRUSH 1S,,0
JHFSHF,SOFEE IV SET,1*1,0
COLZ9,COLZYME PLUS SURUP,200ML,0
B1434,BELAR FORTE TAB,10'S,0
BELA9,BELAR TABS,10'S,0
C1172,CALDOB CAPS,15'S,0
CAD6,CALDOB CREAM,30GM,0
C1643,CODOX CAP,10'S,170
COMCO,COMCORT 40MG VIAL,1ML,0
D409,DOLOMED TABS,10'S,0
HBCOM,HBCOM SACHETS,1*2GM,0
L319,LACOM CAPS,10'S,0
LYD,LYMED D TABS,10'S,30
DJKFHF,LYSER D TAB,1*15,302
L291,LYSER FORTE TABS,10'S,130
LY,AP LYSER-AP,10,50
LYDAQ,LYSER-D AQ INJ,1,0
LY19,LYTO CAPS,10'S,0
LYG9,LYTO GOLD CAPS,10'S,0
MEDLER,MEDLER PLUS SUS,60ML,22
M356,MEDLER SYRUP,60ML,35
M414,MEDLER TABS,10'S,40
MIL25,MILCEF-250,10'S,0
MILCEF,MILCEF-500,10'S,90
ZAMR4,ZACY MR4MG TABS,10'S,0
ZACY,S ZACY SP TAB,10;S,0
ZCY-P,ZACY-P TAB,10*S,0
ZACY,ZACY-SPAS,10'S,30
ZYS,ZACY-SR TAB,10X10S,0
CB11,BP(AP) COMET 300,1,0
COMA34,"COMET ABDOMINAL BELT 34""",1,0
COMAB,"COMET ABDOMINAL BELT 42""",1,0
COMA46,"COMET ABDOMINAL BELT 46""",1,0
COMHWB,COMET HOT WATER BAG LARGE 1'S,,0
COMSLB,COMET SECROL LUMBER BELT,1'S,0
JGHUU,CORTEL H 80 TAB,1*10,0
NCB,NECK COLLAR COMET BIG,1'S,0
NECM,NECK COLLAR COMET SMALL,1'S,0
FGAJKF,ADVENT FORTE 457 SYP,1*60ML,0
CAZE,CARIFOL Z CAPS,10'S,0
COD1,CONPRIDE 1MG TABS,10'S,0
FOLB,FOLIRICH B CAPS,10'S,0
LIP1,LIPICON 10 TAB,10S,80
JHAHDA,MOFECON 500MG TAB,1*10,0
BLS11,B JOY LSR CAPS,10'S,60
BJ,B JOY TAB,10'S,0
BEAM1,BETACON AM50 TABS,10'S,0
BT25,BETACON ER 25 CAPS,10'S,0
BTN,BETACON ER 50 CAPS,10'S,50
CON32,CONPRIDE 2MG TABS,10'S,0
CN1,CONRAM 2.5 TABS,10'S,0
CO2,CONRAM H TABS,10'S,0
ES44,ESITA PLUS TABS,10'S,0
IND41,IND SR TABS,10'S,0
LIC,LIPICON 20 TABS,10'S,0
LPN,LIPICON 40 TABS,10S,0
L1P1,LIPICON F TABS,10'S,0
PIZ1,PIOZOL M TABS,10'S,0
PR09,PREGACON 150 CAPS,10'S,0
"PREGA,",PREGACON 50MG CAPS,10'S,0
PRAG,PREGACON 75 CAPS,10'S,0
PRG3,PREGACON M 75 TAB,10'S,0
PREGA.,PREGACON SR 100MG TABS,10'S,0
CS12,SECRIN G TABS,10'S,0
SEC1,SECRIN P2 TABS,10'S,0
SEC,SECRIN-P1 TABS,10'S,0
TELHCC,TELCON 20MG TAB,1*10,0
GENLFN,TELCON 40MG TAB,1*10,0
TL121,TELCON H TABS,10'S,50
TROHOS,TRIPREGA TAB,1*10,100
EZUYGL,EZYGLIP M FORTE TAB,10,0
FKL;DH,IVERCON 12MG TAB,1*10,0
MOSDFH,MOFECON S 360MG TAB,1*10,0
HYQFTG,CONTOUR PLUS 10 STRIPS,1*10,0
HALONE,HALONEXT CREAM,30GM,1
HALONA,HALONEXT LOTION,30ML,1
JDHFKJ,AMPICON 100MG TAB,1*10,0
ARZX,ARIZEX PLUS TAB,1*10,0
DJFHJH,CLONAX 0.5 MD TAB,1*10,0
CONDES,CONSERN 10MG TAB,1*10,0
COT12,COTRIP-10,10'S,0
FJHLHD,DEXANIL PLUS TAB,1*10,0
VJBJKL,VENISH SR 75MG TAB,1*10,0
AMBI,AMBIMET XL 50 TAB,10'S,0
DIV,DIVIFY TABS,4'S,0
STE10,STEMATIN 10D TABS,10'S,0
TANY9,TANCYVIT CAPS,10'S,0
1TELAM,TELVERGE AM TABS,10'S,0
DKJFKB,CORAVAS GOLD 10MG TAB,1*400G,0
IQYD2I,TRIOBIMET-1MG TAB,10S,0
AKJSFK,Z MET SR 25MG TAB,1*10,0
DHKGKG,Z MET SR 50MG TAB,1*10,0
ASLJFH,ZULIP G1 TAB,1*10,0
ZUIFFN,ZULIP G1 FORTE TAB,1*10,0
DKJDFG,ZULIP G2 FORTE TAB,1*10,0
FGEYGW,ANGIWELL 2.6 TAB,1*30,3
FGFNJY,COR 3D CAP,1*10,0
DE10,DEXTROGE 10% IV,1X500,5
DICPIN,DICLOPIN TABS,10'S,0
E391,ELECTROLYTE-M IV,500ML,0
E390,ELECTROLYTE-P IV,500ML,0
M180,MANNITOL 20%,100ML,13
NS500,NS IV 500ML,500ML,161
NSC,NS IV CLARIS 1000ML,1000ML,0
OBIEYB,OBIMET GX 4MG TAB,1*10,0
RES3,RESPEE SYRUP,60ML,0
S507,STERILE WATER,1*5ML,0
T34,WATER 5ML,5ML,0
URETGE,XYMOHEAL SPRAY,1*50GM,0
ARGI,ARGIHOPE GEL,10 GMS,0
ARGH09,ARGIHOPE SACHETS,5GM,0
BFIT1,B-FIT CD CAPS,10'S,0
JJHCJH,B29 LC TAB,1*10,0
BBHBFN,B29 TAB,1*10,0
DFHVHF,BILAFLAV M SYP 60ML,1*60ML,0
CHOP,C HOP 200 SR TAB,10,0
CHOP20,C HOP 200MG CAPS,10'S,0
CHO300,C HOP 300SR TABS,10'S,0
COR03,COR 3 TABS,15'S,0
CORTJE,COR NVP TAB,1*10,0
CORUIU,CORTEL 20MG TAB,1*15,30
COR3D,CORTEL 3D TAB,10'S,10
CORT40,CORTEL 40MG TABS,1*15,45
CKJVBV,CORTEL 80MG TAB,1*15,0
CORA,CORTEL A,15,0
JHGNNF,CORTEL CH 40/12.5MG TAB,15,0
FKJNNF,CORTEL CH 40/6.25MG TAB,,0
DKLJHN,CORTEL H 40MG TAB,1*15,0
CJKUHB,CORTEL LN TAB,1*15,45
CORM25,CORTEL M25MG TABS,15'S,0
COR16,CORTEL M50 TABS,1*15,105
DFLJKH,CORTEL TRIO TAB,1*15,390
FSFHHF,DAPABITE 10MG TAB,1*10,0
FGFDFK,DAPABITE 5MG TAB,1*10,0
DAM,DAPABITE M 10/500 TAB,1*10,0
DAM5,DAPABITE M5/500MG TAB,1*10,0
DOSIN,DOSIN D8 CAP,10'S,20
EVTAB,EV TAB,1*10,0
FHGGFG,GB 29 SR TAB,1*10,0
GHKHGH,GB 29 TOTAL TAB,1*10,0
HBEFEF,HB 29 TAB,1*10,0
LNB,LINABITE D TAB,10 S,0
SDKLJK,MAC MPS 200ML SYP,1*200ML,0
MAC,MAC-RD,15'S,355
UYI1YJ,MAXOGEST TAB,10,0
MYOR,MYORIL PLUS TAB,10;S,160
SJFHFF,NOSTRA CR 10MG TAB,1*10,0
OGADUH,OBIMET GX 3MG TAB,1*10,0
OBIKEJ,OBIMET GX FORTE 1MG TAB,1*10,0
OBUIME,OBIMET GX FORTE 2MG TAB,1*10,0
OBIMEY,OBIMET GX FORTE 3 TAB,1*10,0
SDFKHL,OBIMET GX FORTE 4 TAB,1*10,0
RALHLN,RAPIFER INJ,1*1,0
RESP11,RESPICURE D SYRUP,100ML,0
RE131,RESPICURE LS SYRUP,60ML,0
FEOFUH,ROSULESS 10MG TAB,1*15,45
ROPSJD,ROSULESS 20MG TAB,15'S,0
FGDFGG,ROSULESS 40MG TAB,1*10,0
RFHLJG,ROSULESS 5MG TAB,1*15,45
KJDFGK,ROSULESS C 10MG TAB,1*10,0
FKLJFF,ROSULESS C 20MG CAP,1*10,0
FJFHFN,ROSULESS F TAB,1*15,0
RTEOFJ,ROSULESS GOLD 20MG TAB,1*10,0
DKJJDF,ROSULESS GOLD TAB,1*10,0
SITSAH,SITABITE 100MG TAB,1*10,0
FVDJBN,SITABITE D 100/10MG TAB,1*10,0
SDHFJK,SITABITE M 50/1000MG TAB,1*15,0
SITTJK,SITABITE M 50/500MG TAB,1*10,0
TAM,TAMDOSIN 0.4 TAB,15 S,15
TENBM1,TENEBITE M20/500MG TABS,1*15,30
TENEB1,TENEBITE TABS,1*15S,0
DFLFGB,TOXOCARE TAB,1*10,0
TRAF9,TRAZAR F TABS,10'S,0
TRAFF9,TRAZAR M FORTE TABS,6'S,0
TRZFF9,TRAZER F FORTE TABS,10'S,0
TR,TRAZER MET TAB,10;S,30
CRIED,TRICIUM 500 TABS,"15,S",0
BDSGHA,TRICIUM MAX TAB,1*15,0
1TR11,TRICIUM PLUS TABS,10'S,0
FLHLHH,TRICIUM XT TAB,1*30,0
TRIOLN,TRIOBIMET 2MG TAB,10'S,0
JLHGGG,ULPAN DSR CAP,1*10,0
RIFJJF,ULPAN GEL 200ML,1*200ML,0
VOGLID,VOGLIBITE 0.3MG TAB,1*10,0
VOGB1,VOGLIBITE GM1 TABS,10'S,0
VOGL6,VOGLIBITE GM2 TABS,10'S,0
XIN09,XINOMIN SYRUP,200ML,0
BECO.,BECOBANK TABS,10'S,0
CARTI1,CARTIGLOW GM TABS,10'S,0
NUROG1,NUROMAS GOLD CAPS,10'S,0
NURP1,NUROMAS PG CAPS,10'S,0
ƒ111,NUROMAS PG TAB,10,0
NUR21,NUROMAS PLUS CAPS,10'S,0
PERIZI,PERIZINE M TABS,10'S,0
TQR,TQROZ 10MG TABS,10'S,0
TQROZ,TQROZ 5MG TABS,10'S,0
ACRN,ACERON PLUS TABS,10'S,160
A878,APIMORE SYRUP,200ML,0
CS21,COSGLO CREAM,15GM,0
CS44,COSMELITE CREAM,15GM,0
CJLVNV,COSMELITE NEXT CREAM 30GM 1*30GM,,0
CO,COSVATE CREAM BIG,30GM,0
COSVAT,COSVATE CREAM SMALL,15GM,0
COG,COSVATE G CREAM,20GM,2
FGHLHG,COSVATE GM CREAM 20GM,1*20GM,7
DKFGKH,COSVATE SOR OINT 30GM,1*30G,0
DENT1,DENSICAL 500MG TABS,10'S,0
EFAT,EFATOP PE CREAM,60GM,0
EFATOP,EFATOP PE LOTION,100ML,0
FERXT,FEROSE XT TABS,15'S,0
FLUC2,FLUCOS GEL,15GM,0
LORDAY,LORDAY TABS,10'S,0
MTL3,MTLAC XT POWDER,120GM,0
PERNEX,PERNEX AC 2.5% GEL,20GM,0
PRUG20,PRUGO 25MG TABS,10'S,0
VND,VONDER CAP,10;S,0
JEC,T JECTOCOS AMP,1.5ML,30
DJGLKL,COSMOQ BRUGHT SERUM 30ML,1*30ML,0
CON5,CONSERN 5MG TABS,10'S,0
CONF1,CONSERN F TABS,10'S,0
BFHJFG,JUVIANA TAB,1*10,0
JHHSHV,OTOCAP CAP,1*10,0
RAZ25,RAZOCON 25MG TABS,10'S,0
RAZ50,RAZOCON 50MG TABS,10'S,0
BENH11,BENSHE M TABS,10'S,0
DFKGKJ,CREDICAL D3 60K CAP,1*4,0
CRD11,CREDICAL TABS,15'S,0
UHFDHF,ESMOLIFE 40MG TAB,1*10,0
ESM1,ESMOLIFE D CAPS,10'S,0
EZOL1,EZOLENT FORTE CAPS,10'S,0
DFKGKG,FLUCETN P TAB,1*10,0
JOI21,JOVAIL 10MG TABS,10'S,0
MCC1,MECOMIX(MELMIN) CAPS,10'S,0
MOXY,MOXYCART CV625 TABS,6'S,0
WKJFHJ,NEPACENT EYE DROPS,1*5ML,0
VERT24,VERTILIFE 24MG TABS,10'S,0
VER48,VERTILIFE 48MG TABS,10'S,0
AM/LS,AMIGATIN LS TAB'S,,0
AMG21,AMIGATIN TABS,10'S,0
APZ,APLAZ 0.5 TABS,10'S,70
APLZ,APLAZ 1,10'S,90
APL11,APLAZ 2MG TABS,10'S,0
APLA2\,APLAZ D0.25MG TABS,10'S,0
CLAZ,APLAZ(CLAZ)1MG TABS,10'S,0
APLO.,APLOZ 2MG TABS,10'S,0
A10,ARPIT 10MG TABS,10'S,0
JHFHFF,ARTHOPAN 250MG TAB,1*10,0
C214,CEACT 400MG TABS,10'S,0
CA14,CEACT 800 TABS,10'S,0
CITS1,CITA S 10MG TABS,10'S,30
CIT2,CITA S 20MG TABS,10'S,0
CIT5,CITA S 5MG TABS,10'S,100
CI11,CITA S FORTE TAB,10'S,110
CITP,CITA S PLUS TAB,10'S,60
JHSJHE,DEOX TAB,1*10,0
DESP2,DESPRAM PLUS TABS,10'S,10
DV14,DIVALEX OD 250 TABS,10'S,0
DI0,DIVALEX OD 500 TAB,1X10S,40
VILX,DIVALEX OD-750 TABS,10;S,0
D622,DON 1MG TABS,10'S,50
D623,DON 2MG TABS,10'S,50
D624,DON 3MG TABS,10'S,0
D632,DON 4MG TABS,10'S,150
DOF,DON FORTE TABS,10'S,20
DONLS,DON LS TABS,10'S,100
DONP,DON PLUS TABS,10'S,30
D408,DYSKINIL TABS,10'S,0
E2043,ELATE 25MG TABS,10`S,0
E2097,ELATE 50MG TAB,10'S,0
E2094,ELATE 75MG TAB,10'S,0
F326,FLUTOP 10MG CAPS,10'S,0
FLUTOP,FLUTOP 10MG TAB,10,0
F236,FLUTOP 20MG CAPS,10'S,20
FL2,FLUTOP 20MG TAB,10S,0
FLUTO4,FLUTOP 40MG TAB,10'S,0
FRE11,FREZE TABS,10'S,0
GB30,GABACENT 300MG TABS,10'S,0
FGSKJL,GABACENT NT 100MG TAB,1*10,0
GABA3,GABACENT NT TABS,10'S,0
GABRI,GABARICH 100 TABS,10'S,0
GACH,GABARICH 150 TAB,10'S,60
GABR,GABARICH 300MG TABS,10'S,50
JKFJJK,HYPERNEB RESPULES ML,1*4ML,0
KEF,KEFIVE PLUS CAPS,10'S,0
L421,LIMBITROL H TABS,10'S,60
L1045,LIMBITROL TABS,10`S,160
L314,LITHOCENT 300 TABS,10`S,100
LITHO,LITHOCENT CR TAB,10'S,320
MIGR,MIGRID 10MG TAB,10,0
M559,MINIZEP 2MG TABS,10'S,0
M603,MINIZEP TABS,10'S,0
DHGFKJ,MYOMOVE TAB,1*10,0
NA/250,NAPRODOM 250 TAB'S,1*10,0
NAPR03,NAPRODOM 500MG TABS,10S,20
O253,ODEP 10MG TABS,10'S,90
O254,ODEP 25MG TABS,10'S,0
O296,OLAPIN 10MG TABS,10'S,250
O301,OLAPIN 2.5MG TABS,10'S,180
OLN1,OLAPIN 20MG TABS,10'S,0
O294,OLAPIN 5MG TABS,10'S,80
OLA,OLAPIN FORTE TAB,10;S,10
OLP10,OLAPIN PLUS TABS,10'S,60
OLP15,OLAPIN-15 TAB,10X10,0
O351,OLAPIN-7.5 TABS,10'S,60
SLKCFK,OXACENT-300 TAB,10'S,50
PRG1,PREGACENT 75MG CAPS,10'S,0
PRG7,PREGACENT M CAPS,10'S,0
PRENT1,PREGACENT NT TABS,10'S,0
P504,PROLOL 10MG TABS,10'S,0
P505,PROLOL 20MG TABS,10'S,0
PROLOL,PROLOL F 5MG TAB,10'S,30
P638,PROLOL TR 40MG CAPS,10'S,40
PROTR8,PROLOL TR 80MG CAPS,10'S,30
PROTO,PROTOCENT 40MG TABS,10'S,0
PTC,PROTOCENT DSR CAPS,10'S,0
PSYNI,PSYNIL 100 MG TAB,10,0
PS11,PSYNIL 25MG TABS,10'S,0
PS14,PSYNIL 50MG TABS,10'S,0
REFRAC,REFRACT 100MG TAB,10,0
REGFGK,REFRACT 25MG TAB,1*10,0
REFRA,REFRACT 50 TAB,10'S,200
SER25,SERTRAX 25MG TABS,10'S,0
S671,SIZONORM FORTE TABS,10'S,0
S451,SIZONORM PLUS TABS,10'S,0
S545,SIZONORM PLUS-10MG TABS,,0
SZ14,SIZOPRIDE 100 TABS,10'S,0
SZ11,SIZOPRIDE 200 TABS,1*10,0
SA14,SIZOPRIDE 50 TABS,10'S,0
TOPL3,TOPLINE FORTE TABS,10'S,0
TOPLP1,TOPLINE PLUS TABS,10'S,0
V372,VALPORATE CHRONO 200 TAB,10'S,0
V366,VALPORATE CHRONO 300 TABS 10'S,,30
V346,VALPORATE CHRONO 500 TABS 10'S,,70
VER,VELAF ER 75MG CAPS,10'S,0
Z182,ZIGMA CR 200MG TABS,10'S,0
ZICR3,ZIGMA CR 300MG TABS,10'S,0
Z307,ZIGMA CR 400MG TABS,10'S,0
ALTRAP,ALTRAFLAM P TAB,10'S,0
CLLL,CLINDAC A GEL,15GM,0
CON,CONADERM LOTION,50ML,0
CRAN1,CRANFIT TABS,10'S,0
CRIGEL,CRIXAN GEL,15GM,0
CR3,CROLIM POWER 0.03% OINT,15GM,0
C1340,CUTIZONE CREAM,5GM,0
C1160,CUTIZONE OINT,15G,0
D642,DIPROBATE G PLUS CREAM,30GM,4
D323,DIPROBATE RD 30GM CREAM,15GM,1
DIPRO.,DIPROBATE S PLUS CREAM,20GM,0
D320,DIPROVATE ES CREAM,20GM,0
D434,DIPROVATE LOTION,30ML,0
D322,DIPROVATE N CREAM,16GM,0
DP5,DIPROVATE PLUS LOTION,50ML,2
DIPRRD,DIPROVATE RD CREAM,16GM,0
DDDD,DIPROVATE S OINT,20GM,0
F214,FUCIBET CREAM,10GM,0
F215,FUCIBET OINT,10GM,0
F438,FUCIDIN CREAM,5GM,2
F218,FUCIDIN CREAM,10GM,2
FUS,FUCIDIN H CREAM,1X10GM,0
FUCI,FUCIDIN OINT,15G,0
F382,FUCIDIN OINTMENT,5GM,3
F216,FUCIDIN OINTMENT,10GM,0
G152,GENTALENE C CREAM,10GM,0
GEN16,GENTALENE C OINT,16GM,0
GE.,GENTALENE PLUS CREAM,10G,0
HYEC,HYCLEAN TF CREAM,15GM,0
MEP,MEDSOP SOAP,1,0
MIN1,MINOZ 100MG TABS,10'S,0
MINOZ,MINOZ 50MG TABS,10'S,0
MOSD,MOBISWIFT D TAB,10S,0
M307,MOBIZOX TABS,10'S,0
M932,MOISTUREX CALM LOTION,50ML,0
MOIST.,MOISTUREX CREAM,100GM,2
M477,MOISTUREX SOFT CREAM,100GM,0
P354,PERMITE CREAM,1*30GM,0
S358,SILVEREX CREAM JAR,250 GM,0
S360,SILVEREX CREAM/OINT,10GM,0
SI-7,SILVEREX CREAM/OINT 20GM,20GM,0
SILI,SILVEREX IONIC CREAM,10GM,6
S361,SILVEREX IONIC OINT,25GM,2
S562,SILVEREX POWDER,10GM,0
SPES,SPEELAC FASE WASH CREAM,1X30GM,0
SNA1,SUNCROS AQUAGEL,100GM,0
SNG,SUNCROS GEL,100ML,0
V091,VOLINI GEL OINT,30GM,12
V210,VOLINI TABS,10'S,0
HGSDFG,ZIMBA CREAM,1*10GM,0
CIIP1,CII-PRO POWDER,200GM,0
HTTEYY,CLINMISKIN AD GEL,1*20GM,0
CURE1,CURE SOAP,75GM,0
JFVERI,FASH X-GEL,1*200GM,0
JETHIE,FOSIROL POWDER,1*8GM,0
YFOL82,OXYSPAS 2.5 MG,10*S,0
WFTGIO,PERLICE CREME RINSE,120GM,0
JFHUI,PERMITE BB BAR SOAP,1*75GM,0
AVDGHA,RITCH JUNIOR LOTION,1*1,0
AAAAAA,RITCH SPRAY,1*1,1
VIP11,VIPOCURE PLUS TABS,10'S,0
HFJFD,GET-AID (BANAID),100'S,0
1ARN1,CARNEX PLUS TAB,10,0
CAT21,CARTICERINE TABS,10'S,0
COX1,COX MR TABS,10'S,0
CUR1,CURICAL CAPS,10'S,0
ETT10,ETOCURE MR TABS,10;'S,0
ETU1,ETOCURE P400 TABS,10'S,0
GABAP1,GABAPOWER NT TABS,10'S,0
ACN11,ACNEMOIST CREAM,30GM,0
AKN11,AKNAY BAR SOAP,75GM,0
ALD4,ALDRY LOTION,50ML,0
AND10,ANDROANAGEN CAPS,10'S,0
AND32,ANDROANAGEN LOTION,100ML,0
AQ11,AQUABACT SOAP,75GM,0
ASTRIA,ASTRIA CREAM,50GM,0
AT19,ATOGLA CREAM,100GM,1
KJHFDF,ATOGLA LOTION 200ML,1*200ML,2
ATO11,ATONIDE GEL,20GM,2
ATFOFG,ATONIDE H CREAM,20GM,1
B4N1,B4NAPI CREAM,75GM,0
BFTN,BANATAN CREAM,15GM,0
CAN9,CANTHEX CAPS,10'S,0
CLOPID,CLOPIDAY CV 20 TAB,10,0
CROU9,CROUSHO GEL,30GM,0
DIAL1,DAILYMOIZT LOTION,200ML,0
DER,DERANTOX CAPS,30'S,0
EGA11,EGA CREAM,30GM,0
ESB1,ES BODY WASH LOTION,200ML,0
FAS32,FASH BAR,75GM,0
FA11,FASH FACE WASH,100ML,0
FS13,FASH FOAMY LOTION,150ML,0
WEFKHG,FASH OS FACE WASH,1*100ML,0
K2K1,K2K CREAM,50GM,0
KG14,KOJIC CREAM,15GM,0
MEL11,MELAWASH GEL,100ML,0
MEL21,MELIPOX SPRAY,100ML,0
NEO31,NEOSKIN CREAM,50GM,0
NOS11,NOSKURF LOTION,100ML,0
PHOT1,PHOTOBLOC CREAM,50GM,0
1,PRO PROANAGEN LOTION,1,0
PRRP1,PROANAGEN TABS,10'S,0
PSRT1,PSORICORT C CREAM,20GM,0
PSRH1,PSORICORT H OINT,20GM,0
WWDGFG,QTEPHY BABY MASSAGE OIL,1,0
RTC11,RITCH LOTION,50ML,0
SEBB1,SEBORBAR SOAP,50GM,0
SO111,SORIFIX SOLO OINT,15GM,0
SP21,SPONGY SAL LOTION,100ML,0
SP11,SPOO BABY SHAMPOO,120ML,2
SU43,SUNCOTE GEL,100GM,0
TDD1,TEDIBAR,75GM,40
TFHFJJ,TEDIBAR TRIPLE PACK,1*3,0
TRTHFG,TEDIBAR TWIN PACK,1*75,0
TIV09,TIVENCA GEL,30GM,0
TLT,TOPLAP GEL,10GM,0
TL16,TOPLAP GEL,30GM,0
TRAC1,TRACNIL SACHETS,5GM,0
TR69,TRICLENZ HAIR CLEAN,250ML,0
JKLHFF,TRIFLOW CONDITIONER 150GM 1*150G,,0
TRF4,TRIFLOW CREAM,150GM,0
TR46,TRIOBLOC CREAM,20GM,0
ZINK9,ZINIKAM CREAM,200GM,0
ZO331,ZORAY AQUA GEL,60GM,0
ZNT1,ZYNDET BAR,100GM,0
CUT3,CUTARUB LOTION,500ML,0
JHTTYY,AMIS 100MG TAB,1*10,0
APZ11,APJOLE 15MG TABS,10'S,0
BOLAN8,BOLAN 8,10'S,90
CHOLOS,CHLORAMIT H TAB,1*10,0
CIPI2,CIPIN 25MG TABS,10'S,0
CO500,COGNIPIL 500MG TABS,10'S,0
COPP1,COGNIPIL PLUS TABS,10S,0
CRALF,CRALFY O SYP,200ML,0
DVN11,D-VENTIN 50MG TABS,10';S,0
UKREHU,DAPLO 10MG TAB,1*10,0
HGYYTF,DIPRO 500MG TAB,1*10,0
EST10,ESTA 10MG TABS,10'S,0
EST5,ESTA 5MG TABS,10'S,0
ESTA.,ESTA PLUS TABS,10'S,60
ETIZ9,ETIZEST FORTE TABS,10'S,0
ETIP9,ETIZEST PLUS TABS,10'S,0
E4T,ETODO400/4TAB,10,0
FLOXOU,FLOXIN 40MG TAB,10'S,0
FLOXIN,FLOXIN 60MG TAB,10'S,0
FLUVIP,FLUVO 100MG TAB,1*10,0
FOMNFF,FONDARED INJ,1,0
GABP3,GABA PLUS 300MG TABS,10'S,0
GAB21,GABA PLUS100 TABS,10'S,0
FGFSFT,GLIMY M 0.5 TAB,1*10,0
GR22,GRENIL F TABS,10'S,0
LMG1,LAMOGINE 100MG TABS,10'S,0
KDFHFN,LITCA SR 450MG TAB,1*10,0
BHDHGR,METSMALL VX 1000 TAB,1*10,0
HHGJHH,METSMALL VX 500 TAB,1*10,20
NR41,NERVOFIT CD3 TAB,1*10'S,0
ARAJB,NERVOPLUS-75MG TAB,1*10,10
NE11,NEUVIT SYRUP,200ML,0
OLI1,OLINE 2.5MG TABS,10'S,0
ON5,ONA 0.5 TAB,10'S,0
OSJDKH,ONA MD 1MG TAB,1*10,0
OX,1 OXYNIL CAPS,10'S,0
PRA2,PARNIL 2 TAB,1X10'S,0
PAR20,PARO 20MG TABS,10'S,0
PAR23,PARO CR FORTE TABS,10'S,20
PAC22,PARO CR PLUS TABS,10'S,80
PA22,PARO CR12.5 TABS,10'S,0
PAROBC,PARO CR25 TABS,10'S,0
PIMI2,PIMIDE 4MG TABS,10'S,0
PIA8,PIRACET 800MG TABS,10'S,40
PIRSY,PIRACET SYRUP,200ML,0
PR49,PROCYDINE 5 TABS,10'S,30
PS200,PSYRIDE 200MG TABS,10'S,0
QUP11,QUPIN 25MG TABS,10'S,0
QUP1,QUPIN 50MG TABS,10'S,0
JHFHF,SOFIDEW BABY POWDER,1*100,0
TMT25,T-MATE 25MG TABS,10'S,0
T-M11,T-MATE 50MG TABS,10'S,0
TRAVAB,TRAZA 50MG TAB,1*10,0
VALPO,VALPO CR 300 TAB,10,0
VALO.,VALPO CR 500MG TABS,10'S,0
VAL201,VALPO CR200 TABS,10'S,0
VENT75,VENTIN XR75 CAPS,10'S,0
BET11,BETA EC CAPS,15'S,0
CALD6,CALEAT KD PLUS TABS,10'S,0
CAL63,CALEAT KD TABS,10'S,0
CALTH,CALEAT TH TABS,10'S,0
CAL33,CALQUEST CAPS,15'S,0
CARR1,CARMAX CAPS,15'S,0
COZLC,COZIM LC TABS,10'S,0
JIDC,JIDOX-C TAB,"10,S",0
JO111,JOCAL 1000MG TABS,15'S,0
JOC11,JOCAL C CAPS,15'S,0
OLUB1,LUBRY GM TABS,010'S,0
MARI1,MARILIV SYRUP,200ML,0
MARIL1,MARILIV TABS,10'S,0
1ME1,MEGABONE SACHET,10.7G,0
MIOG1,MIOL G TABS,10'S,0
MIOL0,MIOL OD CAPS,10'S,0
ASHGAN,ASHWAGANDHARISTA(DABUR),450ML,0
ATAM,ATECARD AM TABS,14'S,0
BAD25,BADAM TAIL,25ML,0
BAD50,BADAM TAIL,50ML,0
BAR99,BARLEY POWDER,200GM,0
DDD,CASTOR OIL 50ML,50ML,0
D502,CASTOR OIL DABUR,60ML,0
D186,CHYAWANPRASH DABUR ALL,ALL,0
DABUTR,DABUR ALMOND HAIR OIL,100ML,0
D444,DABUR AMLA HAIR OIL,200ML,0
DAB.,DABUR AMLA HAIR OIL 100ML 100ML,,0
DAGSDJ,DABUR CHAWANPRASH 500GM,1*500G,0
D445,DABUR CHYWANPRASH AWALEH,250GM,0
HINGOL,DABUR HINGOLI,100'S,0
H201,DABUR HONEY ALL,,0
D583,DABUR LAL TEL(OIL),120ML,0
MAHNA,DABUR MAHA NARAYANA TAIL,100ML,0
D743,DABUR MESWAK ALL,200GM,0
R295,DABUR RED TOOTH PAST,50GM,0
R121,DABUR RED TOOTH PAST ALL,100GM,0
R294,DABUR ROGHN BADAM 25ML,25ML,0
DASHAM,DASHMULARISHTA(DABUR),450ML,0
G277,GLUCOSE C (DABUR),500GM,0
D569,GLUCOSE-D (DABUR) JAR,500GM,0
G274,GLUCOSE-D POWDER,1KG,0
G352,GULABARI ROSE WATER,30ML,0
G353,GULABARI ROSE WATER,60ML,0
G354,GULABARI ROSE WATER,250ML,0
HAJ.,HAJMOLA CANDY,,0
H304,HAJMOLA CANDY,1'S,0
D499,HAJMOLA CANDY ALL,1,0
H284,HAJMOLA IMLI BOTTLE 120S,120'S,0
HAJMOL,HAJMOLA IMLI BOTTLE,50,0
H071,HAJMOLA IMLI SACHETS,160`S,0
HAJ,HAJMOLA REGULAR BOTTLE,50S,0
H260,HONEY 1KG DABUR,1'S,0
H200,HONEY 250GM,1'S,0
H199,HONEY 500GM DABUR,1'S,0
H202,HONEY 50GM DABUR,1'S,0
HONI1,HONITAS CHOCOLET,1GM,0
KHADI1,KADHIRADI GUTIKA TABS,40'S,0
L114,LAL TAIL BABY MASSAGE,125ML,0
M539,MESWAK TOOTHPASTE,50G,0
M569,MESWAK TOOTHPASTE,100GM,0
M765,MESWAK TOOTHPASTE,200GM,0
N137,NATURE CARE ISABGOL,375GM,0
N260,NATURE CARE POW.,100GM,0
VJTJ,PRUCROS 20MG TAB,20MG,0
P227,PUDINHARA CAPS,10'S,0
PUDIN1,PUDINHARA LIQ 10ML,10ML,0
P741,PUDINHARA LIQUID,30ML,0
RV41,REVAS AT TABS,10'S,0
R296,ROSE WATER(DABUR),120ML,0
R297,ROSE WATER(DABUR),60ML,0
CHYAWA,CHYAWANPRASH DABUR,2KG,0
AML,DABUR AMLA JUICE,1L,0
DABU,DABUR ASHWAGANDHA 60TAB,60,0
DHGJH,DABUR ASHWAGANDHA CHURNA,60GMS,0
E278,DABUR ERAND TAIL,60ML,0
LAVG21,DABUR LAVANG TAIL,2ML,0
DABUF,DABUR RHEUMATIL OIL,50ML,0
DABURL,DABUR RHEUMATIL SPRAY,40GM,0
DABUMK,DABUR SHANKH PUSHPI,450ML,0
DABUR1,DABUR SHILAJIT GOLD,10,0
DABUR,DABUR TULASI DROP,30ML,0
K050,KERATEX HAIR OIL,100ML,0
SBHFG,ORTISET TAB,1*60,0
PH4LIQ,PH ACTIVE 30ML,30ML,0
SDLASL,STRESCOM CAP,1*10,0
A378,ATECARD 50MG TABS,14'S,0
A380,ATECARD D TABS,14'S,0
CLEA.,CLEARWAY CREAM,15GM,0
CYC3,CYCLOSET 300ML,1X300ML,6
DSABUG,DABUR CHAWANPRASH 1KG,1*1KG,0
HONI,DABUR HONITUS SYRUP,100ML,0
DAJ9,DABUR JANMA GHUNTI OIL,60ML,0
DAB200,DABUR LAL TEL OIL ALL,200ML,0
GT,FT GESTOFIT 100,10'S,0
GEST,GESTOFIT 200 CAPS,10'S,0
GMF,GLISEN MF2 TABS,15'S,120
GLUA,GULABARI COLD CREAM,,0
GULAB.,GULABARI S&T CREAM,30ML,0
HAJ33,HAJMOLA REGULAR TABS,120'S,0
HAJR6,HAJMOLA SACHETS ALL,160'S,0
JANM.,JANAM GHUNTY,125ML,0
JGUNTY,JANAM GUNTY(DABUR),60ML,0
KHAD1,KHADIRARISTA SYRUP,450ML,0
L442,LACTONIC GRANULES,200GM,2
L1093,LAL TAIL BABY MESSAGE,200ML,0
L979,LEUCOVORIN CALCIUM 50MG,5ML,0
L488,LONA SALT SMALL,150GM,0
M261,MESNA AMP,,0
NJHBGY,ODOMOS ROLL ON,8ML,0
R25,REVAS 25MG TABS,10'S,0
R50,REVAS 50MG TABS,10'S,0
REVASH,REVAS H TAB,10'S,0
RHEG,RHEUMATIL GEL,1X30G,0
R181,ROSE WATER(DABUR),30ML,0
S251,SAT ISABGOL,200GM,0
S250,SAT ISABGOL (DR),50GM,0
S694,STRESSCOM CAPS,10'S,0
T229,TAMOXIFEN DABUR 10MG TABS 10'S,,0
TL49,TELLZY 20MG TABS,15'S,75
TL50,TELLZY 40MG TABS,15'S,30
TL51,TELLZY 80MG TABS,10'S,0
TL53,TELLZY AM TABS,15'S,30
TL52,TELLZY H TABS,15'S,45
DIUAS,ULGEL A SYRUP,170ML,3
U040,ULGEL SYRUP,170ML,5
U84,ULGEL TABS,8'S,0
DHA1,DHARANI HAIR OIL,200ML,0
DTRIO,DTEL TRIO,10'S,30
FAN,FANPIC DSR CAP,10;S,690
BAD100,BADAM TAIL,100ML,0
DET05,DETTOL LIQUID 125ML,125ML,0
DETOIE,DETTOL LIQUIDS 250ML,250ML,0
DFJLHL,CARTILOX GO CAP,1*15,0
CAR99,CARTILOX SACHETS,10GM,0
DES11,DECICAL 500MG TABS,15'S,0
OSTT2,OSTAN G TABS,10'S,0
BEN,BENFONAR,10'S,50
REGN,CLOPIDAY 75MG,10'S,50
5CLD,CLOPIDAY CV 10MG,10'S,490
DEF12,DEFMET G1,15'S,845
DEFG2,DEFMET G2,15'S,780
DEFG2F,DEFMET G2 FORTE,10'S,0
DEF,1 DEFRAB D CAPSULES,10'S,50
DT4,DTEL 40,10'S,30
DTCT4,DTEL-CT 40,10'S,50
DTM5,DTEL-MT 50,10'S,20
DTEL,DTEL-MT25 TAB,10'S,50
LIKOPS,LIPISTAN-10,10'S,60
DELL6,DELLCORT 6MG TABS,10'S,0
DELP1,DELPOFLEX A TABS,10'S,0
F286,FIGARO OLIVE OIL,200ML,0
NEO32,NEOCARE TABS,30'S,0
HGQYEE,COLOPREP KIT (LEMON),2*1,0
KJUTWT,GLDWELL UB TAB,1*10,0
AKJFHJ,ALCOMAX TAB,1*10,0
B1,1 B-ACTIVE CAPS,15'S,0
BIO7,BIOFOLIC 1MG TABS,10'S,0
CJHJHC,CATCHNIL TAB,1*10,0
D3FL0,D3 FILM SACHETS,1'S,0
DENMR1,DENSAID MR LIQUIDE,50ML,0
DEN21,DENSAID TOPICAL LOTION,50ML,0
C05595,ESVEROL CAPS,15'S,0
ESV1,ESVEROL PLUS CAPS,15'S,0
GAS21,GASOFILM SACHETS,1GM,0
LIV91,LIVAPT TABS,15'S,0
3NU1,NU 650MG TABS,10'S,0
FKJHFH,PRELICA GEL 30GM,1*30GM,0
TF21,T-FILM 10MG SACHETS,5GM,0
TFM2,T-FILM 20MG SACHETS,5GM,0
P1375,TD PILL TAB,4'S,0
S1106,N-S IV (CLARIS) 100ML,100ML,0
NS100,NS IV,100ML,410
FBHSAR,DP SONE CREAM,1*30GM,0
JHAS,GLOWRICH SOAP,75GM,1
DAJKJH,ADAPCLEAR GEL 20GM,1*20G,0
JFKKJF,B HAIR LOTION 100ML,1*100ML,0
KJSNNF,BACTNIL SOAP,1*75G,0
HKGFKG,BECLOVATE LOTION 30GM,1*30GM,0
CLOFPE,CLOBIREX S OINT,30GM,0
IOHFHF,IMXIA F LOTION 60ML,1*60ML,0
HFLHLH,KETOREX SOAP 100GM,1*100G,0
KNFLHL,KOJISHINE 20GM CREAM,1*20GM,0
GKDGHH,MELBOOST 5ML LOTION,1*5ML,0
DBGD,MELBOOST SOLUTION,1*2ML,0
MOME1,MOMEREX CREAM,15GM,0
MOMS1,MOMEREX S OINT,15GM,0
MOLKSD,MOMEREX XL CREAM 30GM,1*30GM,0
YESIHD,YES I CAN 5GM,5GM,0
YESGFH,YES I CAN 80GM,1*80GM,0
VFHFFF,KETACOAL LOTION,1*1,0
FNLHGL,NICOCLEAR GEL 30GM,1*30G,0
BJFKJH,TRESSGRAIN TAB,1*10,0
FGBFGB,TRICHOGROW SHAMPOO 150ML,1*150ML,0
GWEHG,EXTEND HAIR TAB,1*10,0
IMAXIA,IMAXIA F,1*60ML,0
HGHJ,KOJIGLO GOLD CREAM,20GM,0
MKRTJJ,MINOKEM-N 5% LOTIONS,60ML,0
JJKGK,NIOSALIC OINT,20GM,0
GVGHG,NIOSALIC-6 OINT,20GM,3
HRGGW,OLESOFT MAX CREAM,150GM,0
FGF7,RESOTEN-20 CAP,1*10,0
TECUM,TECUM 0.01% OINT,10GM,0
GFJH,TECUM 0.03% OINT,10GM,0
XEROJK,XEROLENE CREAM,50GM,0
C162,CARACSOL EYE DROPS,10ML,0
E051,ENTROMYCETIN 250MG TABS,10'S,0
I027,ITONE EYE DROPS,10ML,0
K044,KARPIN LOTION,2*25ML,0
M074,MILK OF MAG DEYS,170ML,0
MOM,MOM PLUS SYRUP,1X100ML,0
MOM.,MOM PLUS SYRUP,170ML,0
P114,PROSTINA CAPS,10'S,0
T053,TRASINA CAPS,10'S,0
M072,MILK OF MAG DEYS,340ML,0
WR,WAT-R EYE DROPS,1X10ML,0
DIAB6,DIABLISS LEMAN TEA,10'S,0
DIAB1,DIABLISS SUGAR,500GM,0
MALE1,MALENDA TABS,10;'S,0
CALV11,CALVEES CT TABS,15'S,0
CAW/T,CALWHITE TABS,10'S,0
DIVM1,DIVCET M TABS,10'S,0
MEEL1,MECOCELL FORTE CAPS,10'S,0
MEEL2,MECOCELL G TABS,10'S,0
XAR40,XARTIN 40MG TABS,10'S,0
XAR21,XARTIN H TABS,10'S,0
JHLIFE,Z-LIFE TABS,"10,S",0
CY,1 CYTONAC CAPS,10'S,0
CYT1,CYTONAC ER TABS,10'S,0
DIAC1,DIACRIPTIN 0.8MG TABS,10'S,0
DIA16,DIACRIPTIN 1.6MG TABS,10'S,0
EMM3,EMEFILM STRIPS,20'S,0
PIPB1,PIPIBOSE 0.3MG TABS,1'0,0
PRL2,PRELICA PLUS CAPS,10'S,0
RHH1,RHINOSALINE KIT,1'S,0
RH11,RHINOSALINE SACHET,1.5GM,0
SFLM1,S FILM SACHETS,6GM,0
UK250,U-KARE CU250 LUBE,CU250,0
H154,HADENSA OINT BIG,40GM,0
H169,HADENSA OINT SMALL,20GM,2
LICH,LICHENSA CREAM,10GM,0
L236,LICHENSA CREAM,20GM,0
L237,LICHENSA CREAM,40GM,0
ACEPH,ACEPHIN SP TABS,10'S,0
JJJASA,J TIP GUIDEWIRE 70CM,70CM,0
S428,STYPTOCHROME AMP,2'ML,10
ADSFSD,ATARAX ANTI ICH LOTION,1*100ML,0
CHYMTO,CHYMTRYFORD TAB,1*20'S,0
E2005,EYESKLEEN EYE DROPS,10ML,0
DO5,DORA 5ML,1X5ML,1938
DOIV,DORA IV SET,1'S,285
JDFKGK,ACCUSURE SOUL STRIPS 50,1*50S,0
GHTFBD,CLOBIREX,20GM,0
LANC,CONTROL D LANCETS,100'S,0
CREMAD,CREMOPEN PLUS SYP,100ML,0
BIFL11,DAPLO V TAB,10'S,0
YURQWY,DOXT INJ,1*1,20
DRMORE,DR MOREPEN 25S,1*1,0
DRMOJH,DR MOREPEN 50 STRIPS,1,0
DRMORB,DR MOREPEN BP METER,1,0
DRMOR,DR MOREPEN GLUCO ONE KIT,1'S,0
DR,MOR DR MOREPEN GLUCOMETER,1,0
G3GYEW,DR MOREPEN OXYMETER,1*1,0
DR4F2M,DR MOREPHEN GLUCO ONE,1*25'S,0
G.METE,GLUCO ONE MONITOR,1'S,0
"GYJG,Y",KETOREX SHAMPOO,50ML,0
JFGGH,MOMEREX,15GM,0
ORA,ORAFAST GEL,15GM,15
DRMOHD,PULSE OXYMETER(DR,1,0
JFHRUE,REVIBRA A 15MG TAB,1*1,0
GFGF,SALIX 12 CREAM,40GM,0
THRFSF,THYROACE 150MG TAB,1*10,0
TJHFHF,THYROACE 50MG TAB,1*1,0
JFHYI,TRICHOGROW-MF,1*60ML,0
AKJGKG,AMECO D3 TAB,1*10,0
KIFJHH,KIWILAC SACHETS,1*1,0
CA111,CARVIC CAPS,10'S,0
COZ1,COZIM Q CAPS,10'S,0
DRO99,D.ORTHO SPRAY,50ML,0
AHIGFK,DOLOWHITE LOTION 50ML,1*50ML,0
HFJH,DR JRKS 777 OIL,1,0
DROR9,DR ORTHO APR SPRAY,50ML',0
DR,ORT DR ORTHO CAPS,10S,0
DRDKR1,DR ORTHO OIL,120ML,0
HAIR1,HAIR FOR SURE OIL,150ML,0
JFHGHG,IMPOYZ CREAM 0.025,1*20GM,0
KAYA1,KAYAM TABS,30'S,0
MAE,MOREASE I SACHETS,1X3.5GM,0
PAA,PLAGRIL-A 150 CAP,10S,0
PLAA,PLAGRIL-A 75MG CAPS,10S,0
PSOL1,PSOROLIN OIL,100ML,0
Q10,Q10 MEGA CAPS,10'S,0
GGYTY,TELESARTAN CT 80,1*10,0
TEL4,TELSARTAN 40MG TAB,14'S,392
ULC,ULTRAVEX CREAM,1X10GM,0
ULTRO,ULTRAVEX CREAM,30GM,0
QYDFIU,2DG SACHETS,2.34GM,0
112,ACE-PROXYVON TABS,10'S,110
ACT100,ACOTRUST 100MG TABS,10'S,0
JKJHG,ACOTRUST OD TAB,1*10,0
AFO,ALFOO TABS,30'S,0
A306,ANTOXID CAPS,30`S,30
A909,ANTOXID HC CAPS,30'S,90
A4743,AQUADERM BODY WASH,200ML,0
A102,ATARAX SYRUP,100ML,5
AT10A,ATOCOR 10ACTIV TABS,30'S,0
A937,ATOCOR 10MG TABS,15'S,75
A938,ATOCOR 20MG(ATORVASTATIN) 15S,,60
AT4,ATOCOR 40 TAB,15S,210
A11233,ATOCOR 5MG TABS,10'S,0
XNX,ATOCOR 80MG TAB 30S,30'S,0
ATO80,ATOCOR 80MG TABS 14S,14'S,0
AATOCO,ATOCOR CV 10MG TAB,1*10,0
ATORJH,ATOCOR CV 20MG TAB,1*10,0
ATOE,ATOCOR E TAB,1X10'S,0
AT01,ATOCOR F TABS,15'S,0
AV111,AVARTA CREAM,50GM,0
AVRS1,AVARTA SPF CREAM,50GM,0
TRTY,AVARTA UNDER EYE CREAM,10GM,0
AZ40,AZARBI 40MG TABS,10',0
BECE,BECELAC FORTE CAPS,1*15,135
1258,BECELAC PB,10S,0
B240,BECOZINC CAPS,30'S,120
BECG2,BECOZINC G CAPS,10'S,0
BETO,BETAONE XL 25 TABS,1*15,0
BE203,BETAONE XL 50 ACTIV,15 S,0
BEO,BETAONE XL 50 TABS,15'S,0
BETA1,BETAONE XL25 ACTIV,30'S,0
BIL21,BILEFIX 300MG TABS,14'S,0
BIL600,BILEFIX 600MG TABS,14'S,0
B514,BIO D3 CAPS,10'S,15
BIS5,BISPEC 5MG TABS,15'S,0
BRIV,BRIV 50 MG TAB,10'S,0
CARO,CARDIOPRIL 10 CAPS,10'S,0
CAR25,CARDIOPRIL 2.5MG CAPS,10'S,0
CAR5,CARDIOPRIL 5MG CAPS,10'S,0
C1R4,CARDIOPRIL H5 TABS,10'S,0
CKFFHL,CAZIQ TOOTH PASTE 5GM,1*5GN,0
CELA,CELADRIN CAP,10'S,0
CEC,CELADRIN CREAM,30GM,0
CELEGF,CELEVIDA KESARI TIN,400GM,0
C2R4,CHEERIO GEL,75GM,0
BON200,CIDMUS 100MG TAB,1*14,14
XCJHCJ,CIDMUS 200MG TAB,1*7,0
DCHKVH,CIDMUS 50MG TAB,1*14,56
C049,CIPROLET A TABS,10`S,0
C431,CIPROLET DS 500MG TABS,10`S,0
C1495,CLAMP DRY SYRUP,30ML,0
CLFP,CLAMP KID FORTESYRUP,1X30ML,0
CLEARZ,CLEARZ CREAM,15GM,0
CG,CLEARZ MAX OINT,15GM,0
CLEZ,CLEARZ PLUS CREAM,15G,0
CLEAZ,CLEARZ ULTRA CREAM,15GM,0
CLOHED,CLOHEX ADS MOUTH WASH,1*150ML,1
NC,CLOHEX ADS MOUTHWASH,60ML,2
SDJHGF,CLOHEX HEAL MOUTH WASH,1*150ML,0
C1801,CLOHEX MOUTH WASH,150ML,1
CLOH,CLOHEX PLUS MOUTH WASH,150ML,0
CM2L,COMBIHALE FB100 REDICAPS,15'S,0
CO400,COMBIHALE FB400 REDICAPS,30'S,0
C1B5,COMBIHALE FF125 INHALER,200MD,0
COT1,COMBIHALE FT REDICAPS,30'S,0
CRE100,CRESP 100MCG PFS INJ,100MCG,0
CRE25,CRESP 25MCG INJ,25MCG,0
CRE1,CRESP 40MG INJ,1ML,0
DF320,DAFFY BAR,75GM,3
YHJH,DIALEX PC SYP,100ML,0
D402,DICYNENE 250MG TABS,10'S,0
DOB,DOXOBID TABS,10S,0
D404,DOXT SL CAPS,15'S,640
DOXT.,DOXT SL TABS,10'S,0
DUTAS,DUTAS (DUTASTERIDE) CAP,30'S,0
DUTT,DUTAS T CAPS,10S,0
DYNAP,DYNAPRES 0.4MG CAPS,30'S,0
EBN,EBERNET CREAM,15G,0
EBR2,EBERNET CREAM,30GM,0
EBER1,EBERNET M OINT,10GM,1
WEEKGF,EBERNET PLUS CREAM 30GM,1*30GM,1
E2031,EBIZA L CAPS,30`S,0
ECN,ECONORM CAP,6'S,0
E119,ECONORM SACHETS,1'S,24
ELINA,ELINA TABS,15'S,0
EMLU,EMLUKAST-FX TAB,10S,0
E188,ENAM 10MG TABS,15'S,0
E186,ENAM 2.5MG TABS,1X15'S,90
E187,ENAM 5MG TABS,15'S,165
ENN1,ENNHALE NASAL SPRAY,120MD,0
EN1T2,ENTALIV 0.5MG TABS,30'S,0
ESY32,ESYNOS NASAL SPRAY,10ML,0
ETU,ETURA 400 TAB,10S,0
ET19,ETURA 500 TABS,10'S,0
E1X1,EXECARE CREAM,10GM,0
EXX1,EXECARE F CREAM,10GM,0
EP13,EZINAPI OINT,30GM,0
EZIP1,EZINAPI OINT,50GM,0
EZ13,EZINAPI OINT,10GM,0
F187,FINAST TABS,30'S,0
F623,FINAX TABS,30`S,60
FLUR1,FLURISH TABS,1'S,0
GAN9SD,GAINEHAIR MAX 5% SOLUTION 60ML,,0
GMO1,GEM ONE TABS,10'S,0
G114,GLA 120 CAPS,30'S,0
GLA11,GLA AD CREAM,20GM,0
GLA,M GLA M CAPS,10'S,0
GLMV01,GLIMDA MV1 TABS,10'S,130
GLIMY1,GLIMY 1MG TAB,14'S,284
GLIMY2,GLIMY 2MG TAB,14'S,210
GLJLGG,GLIMY 3MG TAB,1*10,0
"GLIM.,",GLIMY M FORTE TABS,10'S,0
GLMM,GLIMY M1 TABS,15'S,60
GM15,GLIMY M2 FORTE TABS,10'S,0
G22,GLIMY M2 TABS,15'S,0
GLMP,GLIMY MP1 TABS,10'S,0
GLIY,GLIMY MP2 TABS,10'S,0
GLKHKN,GLIMY MV1 TAB,1*10,0
GLKHNF,GLIMY MV2 TAB,1*10,0
GLIOZ,GLIOZ 100MG CAPS,5'S,0
GLIN1,GLIOZ 250MG TABS,5'S,0
GL,2 GLIZER TOOTHPAST,100GM,0
G344,GLYPRIDE 1MG TABS,10'S,0
G465,GLYPRIDE 2MG TABS,10`S,0
GRAG1,GRAFEEL INJ,0.5ML,0
G112,GRIS ODT 250MG TABS,7'S,0
GUT11,GUTFEEL POWDER,90GM,0
HAIRR1,HAIROOTZ TABS,15'S,0
GSJDF,HALOBATE CREAM,30GM,0
HIN,HILIN 50MG CAP,10'S,0
HI21,HILIN ACE TABS,10'S,0
H1L1,HILIN GM(SERIN GM) TABS,10'S,0
HY10,HYDROHEAL AM OINT,50GM,0
HYD11,HYDROHEAL AM OINT,15GM,0
HIGJIH,HYZIL 25MG,1*10,0
I109,IBUCLIN JUNIOR TABS,10`S,0
IBUP1,IBUCLIN P TABS,10'S,0
IN20,INSTREL TABS,10'S,0
KB1,K CIT MB6 TABS,10'S,0
KC19,K CIT SYRUP,450ML,2
K,CIT K CIT SYRUP,200ML,0
K068,KETOROL DT TABS,15'S,115
KT12,KETOROL GEL,30GM,0
KET,KETOROL SP TAB,1*10,0
K066,KETOROL TABS,10'S,0
KID2,KIDRICH DROPS,15ML,10
KINOD,KINPRIDE SR TABS,10'S,0
KN11,KINPRIDE TABS,10'S,0
KLP01,KLAP TABS,10'S,0
LEONT,LEON 250 TABS,10'S,0
LEON,LEON 500MG TABS,1*10,0
LEV3\,LEON 750MG TABS,5'S,0
L169,LIBOTRYP DS TABS,1*30,120
M411,MEGA 3 CAPS,30'S,0
MT430,MET STAMLO 25 CAPS,10'S,0
MTS10,MET STAMLO ACTIV,30'S,0
M4Y1,MET STAMLO TABS,10'S,30
MEDGHF,METROHEX PLUS GEL 20GM,1*20G,0
MES13,METSMALL 1000MG TABS,14'S,56
GFGH,METSMALL 500 TABS,"1*28,S",308
UMRTYK,MINTOP EVA SOLUTION,60ML,0
MINT2,MINTOP FOAM,60ML,0
MIN10,MINTOP FORTE 10%LOTION,100ML,1
M216,MINTOP FORTE 2% LOTION,60ML,1
MIN,MINTOP FORTE 5% LOTION,60ML,1
SDFKLK,MINTOP GAIN 10 LOTION,1*1,0
MIN75,MINTOP PRO LOTION,75ML,0
MINETE,MINTOP SHAMPOO 100ML,100ML,0
MNHFFF,MINTOP YUVA LOTOIN 60ML,1*60ML,0
MOSE,MOREASE SR CAPS,10'S,0
MUCLS,MUCOLITE LS SYRUP,60ML,4
M1U1,MUCOLITE SR TABS,10'S,0
M247,MUCOLITE SYRUP,100ML,3
M246,MUCOLITE TABS,10'S,0
MUO2,MUOUT POWDER TIN,119GM,2
MUO11,MUOUT SACHETS,1.5GM,0
GFFHLH,MUOUT SYP 200ML,1*200ML,0
NADONS,NADOXIN ACNE GEL,10GM,1
NA12,NADOXIN ONIT,5GM,0
NSZ2,NASOCOM AZ NASAL SPRAY,70MD,0
NS12,NASOCOM SPARY,200MD,0
NTL21,NATCAL D3 TABS,10'S,0
NX41,NEXRET 0.04% OINT,15GM,0
NX42,NEXRET 0.1% OINT,15GM,0
N592,NIALIP 375MG TABS,7'S,0
NAP5,NICETAMOL AP TAB,10'S,200
NS99,NICETAMOL DROPS,15ML,0
NIL,NILTAN CREAM,1X15GM,0
NL42,NILTEN SPF CREAM,15GM,0
NISED,NISE D GEL,30GM,0
N408,NISE GEL,30GMG,2
NIS3,NISE GEL,3GM,0
N593,NISE MR TABS,10'S,0
NI35,NISE SPRAY,35ML,1
NSED,NISE SPRAY,20GM,1
NI50,NISE SPRAY,50GM,0
N100,NISE TABS,15`S,176
NOOT,NOOTROPIL 1200MG TABS,10'S,0
N032,NOOTROPIL 800MG TABS,30'S,0
N034,NOOTROPIL SYP,100ML,0
NRL,NORLET TABS,10'S,0
DLJFDF,NOURISH OAT MOIST CREAM,1*135GM,0
NFPS,NURODAY-PFS INJ,1ML,6
OLS21,OLSERTAIN 20 ACTIV TABS,30'S,0
OLS20,OLSERTAIN 20MG TABS,15'S,150
O1L40,OLSERTAIN 40 ACTIV TABS,30'S,0
OL33,OLSERTAIN 40MG TABS,10'S,0
OLA6,OLSERTAIN AM ACTIV TABS,30'S,0
OLSE1,OLSERTAIN AM TABS,10'S,0
OLSCT9,OLSERTAIN CT40MG TABS,10'S,0
OLES,OLSERTAIN H 20 ACTIV TABS 30'S,,0
OLS11,OLSERTAIN H20 TABS,15'S,30
OLS23,OLSERTAIN H40 ACTIV TABS,30'S,0
OLSA1,OLSERTAIN H40 TABS,15'S,45
FIONFD,OMEZ 10MG CAP,1*15,0
O120,OMEZ 20MG CAPS,20`S,360
OMEZV,OMEZ 40MG INJ,1'S,0
OMEZ40,OMEZ 40MG TABS,10'S,0
344,OMEZ DSR CAPS,15'S,60
OMF,OMEZ FF 20 TAB,10S,0
OZF,OMEZ FF40 TABS,10'S,0
OM16,OMEZ SACHAT,5GM,0
OMEZS,OMEZ SYRUP,200ML,0
OMEZO,OMEZ-O SYP,200ML,0
OPT32,OPTIDOZ TABS,10'S,30
O191,OPTISULIN CAPS,15'S,0
OET,ORDENT TAB,10'S,0
8,PECEF 100 MG TABS,10'S,0
PE1,PECEF 100 SYRUP,30ML,0
PE14,PECEF 200 TABS,10'S,0
PEC5,PECEF 50MG SYRUP,1X30ML,0
PEF1,PECEF DUO200 TABS,10'S,0
P563,PEDICLORYL SYRUP,30ML,1
PEG,PEGGRAFEEL ING,1,0
PEG11,PEGRED POWDER,119GM,0
P1228,PLAGRIL 75MG TABS,10`S,0
PLAGG9,PLAGRIL GOLD 75MG TABS,10'S,0
PL19,PLERMIN CREAM,5GM,0
PP26,PP 26 TABS,10'S,0
P076,PREGNIDOXIN TABS,15'S,0
PL14,PUNOX 600 TABS,5'S,0
QUK1,QUIKHALE FB100 R/C,40'S,0
RF10F1,RAZEL F10 FORTE TABS,10'S,0
RAZ1,RAZO 10MG TABS,10'S,0
R756,RAZO 20MG TAB,15'S,75
346,RAZO D CAPS,15'S,205
RAZ11,RAZO EASY SACHET,10GM,0
RAL3,RAZO L CAPS,10'S,20
REBB1,REBASK CREAM,50GM,0
REC80,RECLIDE 80MG TABS,1X15'S,0
RECD,RECLIDE MR 30 TABS,10'S,0
R1111,RECLIDE MR 60 TABS,10'S,0
REOD,RECLIMET OD30 CAP,1X15S,15
RC60,RECLIMET OD60 TABS,15'S,0
R451,RECLIMET TABS,15,195
ERFBBF,RECLIMET XR FORTE TAB,1*15,0
RESX21,RECLIMET XR TABS,14'S,56
RD12,REDICATE 200 TABS,10'S,0
RD42,REDIHEALTH TABS,10'S,0
RED,REDOTIL CAP,15'S,75
RD10,REDOTIL SACHAT,10GM,0
REN1,REDYNISE TABS,10'S,0
KWEHGR,RELENT COLD SYP 60ML,1*60ML,1
RELEN,RELENT PLUS SYRUP,60ML,2
R584,RELENT SYP,60ML,2
R477,RELENT TABS,15'S,0
EWJHRH,RESOF TOTAL TAB 28S,1*28,0
RERHGD,RESWAS LS SYP 100ML,1*100ML,0
RS12,RESWAS SYRUP,120ML,10
RETO7,RETOZ 90 TAB,10'S,0
RETMR4,RETOZ MR4MG TABS,10'S,0
BDHSFH,RETOZ NEO 120MG TAB,1*10,0
RETOZ,RETOZ-60 TAB,10'S,0
REVIS1,REVILUS SHAMPOO,1*100ML,0
RUKFHH,REVILUS SOFTLET CAP,1*15,0
RE121,REVILUS TABS,15'S,0
RE300,REVIRO TABS (30'S),30'S,0
RIAX1,RIAX M XR 5/500MG TABS,7'S,0
RM1000,RIAX MXR5/1000 TAB,7,0
R169,RIFLUX FORTE SYRUP,200ML,0
R170,RIFLUX FORTZ TABS,1*15,210
R167,RIFLUX SYRUP,200ML,0
ROZ,ROZAT 10MG TABS,1*15,75
ROZ20,ROZAT 20MG TABS,15'S,75
ROZAT1,ROZAT 40MG TAB,15'S,15
RZ44,ROZAT 5 MG,15'S,0
ROZAT,ROZAT CV,10'S,30
ROZA1,ROZAT F10MG TABS,10'S,80
RRZ11,ROZAT F5MG TABS,10'S,0
RPM1,RUPANEX M TABS,10'S,0
RUPA,RUPANEX TABS,10X10'S,0
SALII,SALICYLIX 12%SF CREAM,50GM,0
S973,SALICYLIX SF12 OINT,30GM,0
S1248,SEMI RECLIMET TAB,10'S,0
DFJFHJ,SENQUEL 100GM PASTE,1*100G,0
SENAD,SENQUEL AD MOUTHWASH,100ML,1
S720,SENQUEL AD MOUTHWASH,200ML,0
SHAD1,SHADOWZ SILK LOTION,50GM,0
654,SHADOWZ SPF 50 LOTION,100ML,0
SHD1,SHADOWZ SPF30 LOTION,75GM,0
SIB11,SIBOFIX 200MG TABS,10'S,0
SIBO.,SIBOFIX 400MG TABS,10'S,0
SIBOF,SIBOFIX 550MG TABS,10'S,0
SIDO8,SILDOO 8MG CAPS,10'S,0
SILDO,SILDOO D8 CAP,10;S,0
SOLB1,SOLBIHALE T REDICAPS,15'S,0
SMZ1,SOMAZINA AMP,2ML,9
SOMP80,SOMAZINA P800/500MG TABS,10'S,0
SMP2,SOMAZINA PLUS400MG TABS,10'S,120
STACE5,STAMACE 5MG CAPS,10'S,0
S633,STAMACE CAPS,10'S,0
S338,STAMLO 10MG TABS,1*30S,90
S337,STAMLO 2.5MG TABS,1*30'S,1490
S336,STAMLO 5MG TABS,30'S,630
S995,STAMLO BETA M TABS,10'S,0
S431,STAMLO BETA TABS,15'S,720
ST10,STAMLO D TABS,15'S,120
STL1,STAMLO T TABS,10'S,90
STIG,STIG-DM 10/100/1000,10'S,20
S560,STOLIN R GEL BIG,100GMS,5
S242,STOLIN R GEL SMALL,70GMS,7
DFDFFF,STYPTOVIT E TAB,1*10,338
STYN,STYPTOVIT K TABS,10'S,0
SUPA1,SUPAMOVE 4MG CAPS,10'S,0
SUP11,SUPAMOVE CREAM,30GM,0
SUPT,SUPANAC TAB,10S,0
TZ12,TAZZLE 10MG TABS,1*10,10
AZZ20,TAZZLE 20MG TABS,30'S,0
VFHRFQ,TAZZLE 5MG TAB,1*10,0
TEL2,TELSARTAN 20 TAB,14'S,70
TELS1,TELSARTAN 20MG BOTTLE,28'S,0
TEL11,TELSARTAN 40MG BOTTLE,28'S,0
T80,TELSARTAN 80 TABS,14'S,0
TEST1,TELSARTAN 80MG TABS,30'S,0
TEL30,TELSARTAN AM ACTIV TABS,30'S,0
TE16,TELSARTAN AM TABS,10'S,0
TAM80,TELSARTAN AM80 ACTIV,30'S,0
TE80A,TELSARTAN AM80MG TABS,10'S,0
TEL./,TELSARTAN CT 40MG TABS,10'S,0
TLCT80,TELSARTAN CT80MG TABS,10'S,0
TESA,TELSARTAN H 80 TAB,14S,0
TEL31,TELSARTAN H BOTTLE TABS,30'S,0
TEH,TELSARTAN H TAB,14'S,26
TEL80,TELSARTAN H80 ACTIV TABS,30'S,0
TRR9,TELSARTAN TRIO TABS,30'S,0
EUWTW,TICAFLO TAB,1*14,0
TORQ2,TORQ SR2MG CAPS,30'S,0
TOQ4,TORQ SR4MG CAPS,30'S,0
TRI3,TRIOZAC CAPS,10'S,0
DVHWHH,UBIL TAB,1*10,0
UDAJ,UDIWOK 300MG TAB,15'S,75
UL42,ULTRAVEX 6S OINT,15GM,0
SFDFBB,VANTEJ AQUA MOUTH WASH,1*100ML,2
VN11,VANTEJ TOOTHPASTE,100GM,1
VN41,VANTEJ TOOTHPASTE,50GM,1
VN11,VANTEJ TOOTHPASTE,100GM,2
VG1,VEGAZ OD CAPS,10'S,0
V179,VELOCIT TEST,1'S,0
BFSDFH,VENUSIA ACNE LOTION,1*75GM,0
SDHKVF,VENUSIA BABY CREAM 75GM,1*75GM,2
HGKBDF,VENUSIA BABY LOTION 300GM 1*300,,0
VEN3,VENUSIA BAR SOAP,75GM,0
VENUSI,VENUSIA CREAM,100GM,1
VEN1,VENUSIA LOTION,75ML,0
VEN20,VENUSIA LOTION,200ML,0
VM12,VENUSIA MAX CREAM,150GM,1
VENUM1,VENUSIA MAX LOTION,300ML,2
VEN11,VENUSIA SOFT LOTION,75ML,0
VIBT,VIBOLIV TAB,10X10S,0
DGEYY,VITIX GEL,1*50ML,0
VOZ1,VOZUCA 0.2MG ACTIV TABS,30'S,0
VZ1,VOZUCA 0.2MG TABS,10'S,0
VOZ11,VOZUCA 0.3 ACTIV TABS,30'S,0
VZ21,VOZUCA 0.3MG TABS,10'S,0
VO03,VOZUCA M 0.3 ACTIV TABS,60'S,0
"VOZ,",VOZUCA M 0.3MG TABS,10'S,0
VOZ31,VOZUCA M ACTIV TABS,60'S,0
T4024,VOZUCA M TABS,14'S,0
XGEV1,XGEVA 120MG INJ,120MG,0
DFHFHF,XIDORIN 2.5MG TAB,1*20,0
X124,XYZAL M TABS,1*15,0
XYZ,XYZAL UC CREAM,50GM,0
ZD,Z&D DS 20 SUSPENSION,1X15ML,0
Z286,ZOVANTA D CAPS,10'S,0
ZUWHBN,ZUKANORM M 1000MG TAB,1*15,0
CON1,CONPRIDE M1 TAB,10'S,0
DUP1,DUPHALAC FIBER SYRUP,200ML,0
A452,ARACHITOL 6LACS AMP,1ML,10
ARC21,ARACHITOL NANO SYRUP,5ML,1
CLO25,CLOMIPURE 25MG TABS,5'S,0
COLL,COLLOSOL IODINE SYRUP,100ML,0
C669,COLOSPA TABS,1*15,15
C1650,CREON 10000 CAPS,15,15
CN12,CREON 25000 TABS,10'S,10
CR4010,CREON 40000 CAPS,10'S,0
DUPP,DUPHALAC SYRUP,1*250ML,3
D468,DUPHASTON 10MG TABS,10S,20
D392,DUVADILAN AMP,2ML,0
D411,DUVADILAN RETARD CAPS,10'S,0
D412,DUVADILAN TABS,50'S,0
EBS1,EBASIL 20MG TABS,10'S,0
P468,PANKREOFLAT TABS,15'S,15
S574,SILVER SULFA (DUPHAR),25GM,0
I173,TINCTURE IODINE,100ML,0
UV100,UVOX 100MG TABS,10'S,0
UV50,UVOX 50MG TABS,10'S,0
V226,VERTIN 16MG TABS,15'S,165
V106,VERTIN 8MG TABS,15'S,20
DUWTDA,DUREX CONDOMS 18%,1,0
C1173,CLENORA GEL,15GM,0
CUTIC5,CUTICARE OINT,5GM,0
DCORT,D-CORT 10MG VIAL,1'S,33
DCORT4,D-CORT 40MG VIAL,1'S,15
D5678,DREP EAR DROPS,5ML,5
ESCOT,ESCOT CREAM,30GM,4
GM,GOODMORN TABS,30S,0
GYN,GYNEDOL LIQUID,170ML,0
GYNEDO,GYNEDOL LIQUID 300ML,300 ML,3
KIPINJ,KIP INJ,1MG,0
VDRUF,V DRUF LOTION,60ML,0
VDM,VDM KIT TABS,1'S,3
XL,XL-90 COFGELS,10'S,210
Z252,ZEST SYRUP,200ML,0
ANKL20,ANKLE BINDER 20(SEGO),,0
ANKL22,ANKLET,,0
BRIN,BRINZAGAN DROPS,5ML,0
DTVHNH,DYA CLAVICLE BRACE,,0
DPRBH,DYN RES BLUE 1H,,0
DYJVH,DYNA ANKLE BINDER ALL,,0
DYNAAB,DYNA ANKLE BRACE,,0
DYNAKL,DYNA ANKLE SUPPORT ALL,,0
DHGBT,DYNA ARM SLING ALL,,0
D753,DYNA CLAVICLE BRACE (EL),1'S,0
DYNMJ,DYNA COCK UP WRIST BRACE,,0
YDNASB,DYNA ELBOW SUPPORT ALL,,0
DXGBM,DYNA EXERCISE GEL BALL,,0
DYNA,D DYNA FROG SPLINTS ALL,,0
D698,DYNA HARD CERV COLLAR(M),1'S,0
DYNNIB,DYNA HARD COLLAR ALL,,0
DYNA,H DYNA HIN KNEE BRACE ALL,,0
DHKB,DYNA HINGED KNEE BRACE,,0
DYNA,X DYNA INSOLE ALL,,0
DYBN,DYNA KNEE CAP ALL,,0
DYNAM,DYNA KNEE IMMOBILIZER,,0
DYNAGS,DYNA KNEE SUP CHEET,1,0
DYBAH,DYNA KNEE SUP PLAIN ALL,1,0
DYNAFB,DYNA KNEE WRAP,1,0
D737,DYNA L.S.CORSET BELT,34G,0
DYJMVB,DYNA LEG TRACTION ADULT,,0
DYHDAJ,DYNA LEG TRACTION CHILD,,0
DYNAPE,DYNA PELVIC BINDER ALL,,0
DYNMSA,DYNA PELVIC TR SET ALL,,0
DPRG,DYNA PHYSICAL RESISTANCE,,0
DUBGBJ,DYNA RIB BRACE PLAIN ALL,,0
DSIU,DYNA SHOULDER IMMOBILIZER,,0
DYNAJF,DYNA SHOULDER IMMOBULIZER,,0
DYNAJH,DYNA SILICON HEEL CUSHION,,0
DYNAHN,DYNA SOFT COLLAR,,0
DYNASB,DYNA SUR ABDOMINAL CORSET,,0
DJKBJK,DYNA SUR LUMBO SACRAL,,0
DYBNA,DYNA TAYLORS BRACE ALL,,0
DYTEBR,DYNA TENNIS ELBOW BRACE,,0
DYNATB,DYNA THUMB SPICA,,0
DFGHUU,DYNA TOPPHIL M CERVIAL,,0
DUFHJG,DYNA TYROBAND 1.4KG,1,0
"DYJ,HJ",DYNA TYROBAND 1.7KG,1,0
DK55JM,DYNA TYROBAND 3.1KG,1,0
454221,DYNA TYROBAND 4.7KG,1,0
DWBI,DYNA WRIST BRACE,,0
F539,FINGER EXTENSIN SPLINT,1'S,0
HING,HINGED KNEE BRACE L,,0
RA55,RIB BELT(FLAMINGO),1'S,0
SHO,SHOULDER IMMOBILISER,1S,0
SOBN1,SOBAND BAND,1,0
SF9,SOFT CERVICAL COLLAR,1'S,0
TOS,TOP BAN SMALL (SOF ROL),10CM,0
DUUYSH,DYNA H UNDERPADS,1*10,0
REMAL1,REMUNE AL SACHETS,1GM,0
REM21,REMUNE SACHETS,1GM,0
TNPL1,TM PLUS SYRUP,60ML,0
CALCIC,CALCI CAP,10,60
CLE,CLEARWAX EAR DROPS,1X10ML,0
1447,COMBIGAN EYE DROPS,5ML,4
DJFFFF,SERENE PLUS TAB,1*10,0
SOVBSS,SOVENTUS D SYP 100ML,1*100ML,0
AAAAH0,ZOMELIS D TAB,1*10,0
A620,ASMOTONE PLUS SYRUP,100ML,0
D429,DERMO QUINOL 4% CREAM,25GM,0
DZ14,DIAFER ER TABS,10'S,0
E274,ENTERO QUINOL TABS,1*20,607
F262,FLOROCID AMP,8'S,0
FUL3,FULL 365 CAP,1X15S,0
K107,KERALIN OINT,15GM,5
L234,LOCULA 10% EYE DROPS,10ML,0
L235,LOCULA 20% EYE DROPS,10ML,0
L307,LOCULA 30% EYE DROPS,10ML,0
P1000,PYRIGESIC 1000MG,5.5,5
P538,PYRIGESIC SYP,60ML,0
P426,PYRIGESIC TABS,10'S,0
T377,TONOFERON DROPS,15ML,3
TONP,TONOFERON PED SYRUP,1X100ML,2
TONOF,TONOFERON SF CAPS,10'S,0
T301,TONOFERON SYP,200ML,2
TRUXL1,TRUCHEK XL DIAPERS,10'S,0
UL11,ULTIDERM LOTION,100ML,0
V144,VITAZYME DROPS,15ML,1
V105,VITAZYME SYP,200ML,4
ZOA,PE ZOAMET PEDIATRIC NASAL,1,0
AM49,AMITRIP 10MG TABS,10'S,0
AM51,AMITRIP 25MG TABS,10'S,0
BONN1,BONICAL E FORTE TABS,10'S,0
CR41,CARTIPRED 4 TABS,10'S,0
CET01,CETREZOL L TABS,10'S,0
CM18,CFM 200 TABS,10'S,0
C1H1,CHLOTRIP DS TABS,10'S,0
CL112,CLOMIC CREAM,20GM,0
DRS,DERSHINE 30GM,1,0
DER12,DERSOL 12% OINT,25GM,0
DER31,DERSOL 6% OINT,30GM,0
DIA1,DIAFER TABS,10'S,0
E-DOX,E-DOX CAP'S,8'S,0
EMC21,EMCORT OINT,15GM,0
FP21,FEPAMOL 650 TABS,10'S,0
FIB2,FINABALD 1MG TABS,10'S,0
FLG1,FLUFUNG 150GM TABS,1'S,0
FOD1,FOL B TABS,10'S,0
G-FORM,G-FORMIN PLUS TABS,10'S,0
GR41,GRIDE M TABS,10'S,0
IN10,IVERCID A TABS,1'S,0
KET33,KETOFUNG LOTION,100ML,0
KETF9,KETOFUNG SOAP,75GM,0
KOJIF1,KOJIFINE LOTION,60ML,0
LITS9,LITESKIN CREAM,15GM,0
MAST1,MASTIFEN C TABS,10'S,0
MP21,MEPAR FORTE TABS,10'S,0
MT49,METHICO PLUS CAPS,10'S,0
MIN,2% MINSCALP 2% LOTION,2*30G,0
M1NS1,MINSCALP 5% GEL,2X30GM,0
MINF1,MINSCALP F5% LOTOIN,50ML,0
OSS11,OOSURE CAPS,10'S,0
PIN31,PINOIN 0.025% CREAM,10GM,0
PR10,PROTOPAN D TABS,10'S,0
PR3,PROTOPAN TABS,10'S,0
SC,1 SUCFATE O SYRUP,100ML,0
TER10,TERADERM TABS,10'S,0
JFJJJF,TRICOFOLO W TAB,1*10,0
TRR3,TRIFORMIN CAPS,10'S,0
TRIG1,TRIGLAZ FORTE TABS,10'S,0
VIT3,VITRACE-FM TABS,10'S,0
ALOXI,ALTOXIL CAPS,10'S,0
EAZ11,EAZOL SYRUP,100ML,0
EAZ19,EAZOL TABS,4'S,0
EYES1,EYESPA EYE DROPS,10ML,0
HM,HEWLETS MIXTURE,120ML,0
P,DIA EASYFIT UNDERPADS,10'S,0
JGFKJK,AUDIOVIT Z CAP,1*10,0
DJKFHK,XSULIN 30/70 VIAL,1*1,0
AIRFKW,AIL D TAB,1*10,0
WDKJHF,CALEDOC PLUS TAB,1*10,0
TRAD2,EDMOX CV 625 TAB,10'S,260
GAFJKJ,GALEGA G1 FORTE TAB,1*15,0
GAJHGA,GALEGA G1 TAB,1*10,0
GASFHG,GALEGA G2 FORTE TAB,1*15,0
FGGHHG,GALEGA G2 TAB,1*10,0
NERVE,NERVEDOC MNT TAB,10'S,0
JBFBGG,NERVEDOC NT TAB,1*10,0
ROZEDO,ROZEDOC CV10,10'S,0
SU,SUPLIDOC TAB,15;S,0
6ETEEE,TELEDOC 40 TAB,10,0
JDFKKF,TELEDOC TRIO 40MG TAB,1*10,0
EFI1,EFIZYME DROPS,30ML,0
EF33,EFIZYME SYRUP,200ML,0
ARCP10,ARICEP 10MG,1*10'S,70
ARCP5,ARICEP 5MG,10'S,30
ARI,MF ARICEP M FORTE TAB,10'S,0
ARI,M ARICEP M TAB,10'S,0
FVJFAQ,DAYVIGO 10MG TAB,1*14,0
EPRIS,EPRISAN SR CAPS,5'S,0
FLUDFH,FYCOMPA 4MG TAB,1*14,0
MER21,MERISLON 6MG TABS,10'S,0
Z1N1,ZONEGRAM TABS,10'S,0
BENF2,BENFOGEN CAPS,10'S,0
CALD3,CALOKARD PLUS CAPS,10'S,0
ETPP9,ETIPRIN P TABS,10'S,0
GABN1,GABAKARD NT TABS,10'S,0
GLIM11,GLIMIGEN M1 FORTE TABS,10'S,0
GLI11,GLIMIGEN M1 TABS,15'S,0
GLL2,GLIMIGEN M2 FORTE TABS,15'S,0
GLIM6,GLIMIGEN M2 TABS,10'S,0
YTRY,GLIMIGEN MV1TABS,"10,S",0
HJKJ,GLIMIGEN MV2TABS,"10,S",0
HBK21,HBKARD TABS,10'S,0
LEVI1,LEVIRAB 20MG TABS,10'S,0
LEV40,LEVITOR 40MG TABS,10'S,0
ROK10,ROKARD 10MG TABS,10'S,0
ROK5F,ROKARD 5F TABS,10'S,0
TELR8,TELRON H80MG TAB S,10'S,0
TEH40,TELZOE 40H TABS,10'S,0
TEL201,TELZOE 40MG TABS,10'S,0
TEL202,TELZOE AM TABS,10'S,0
TELT50,TELZOE MT50MG TABS,10'S,0
TEL8,TELZOE TRIO TABS,10'S,0
ELR02,ELRAB DSR CAPS,10'S,0
D360.,D360 CAPS,4'S,0
DD36,D360 SACHET,1GM,0
LYUMS,LYUMJEV CATRIDGE,3ML,1
AMIR,AMIFRU S TAB,10'S,0
A557,ANTHICAL LOTION,60ML,0
AUG1,AUGPOD 325 TABS,10'S,0
BLF,BLONG F TABS,30'S,0
B114,BLONG TABS,30'S,120
BO155,BONRISE 150MG TABS,1'S,0
COR5,CARNISURE 500 TAB,10S,10
CARINJ,CARNISURE AMPS,1'S,35
C1595,CARNISURE SYRUP,30ML,0
C174,CARNITOR TABS,10S,0
CHYM1,CHYMORAL BR TABS,010'S,20
C166,CHYMORAL FORTE DS TABS,10`S,0
CHP,CHYMORAL PLUS TABS,15'S,124
CRN11,CRANBE CAPS,10'S,0
CB,CREPE BANDAGE 4 MTS,1'S,0
CR6,"CREPE BANDAGE 6"" ELDER",1'S,0
C176,CYCLOSPASMOL 200MG CAPS,10`S,0
C175,CYCLOSPASMOL 400MG CAPS,10`S,0
D092,DEVIRY 10MG TABS,10`S,30
E2032,ECOZYME CAPS,30'S,0
EDGE,P EDGE P PLUS CAPS,10'S,0
ELDA1,ELDAPRIL 5MG TABS,10'S,0
E056,ELDERVIT 12 AMP,1ML,20
E424,ELDERVIT ZC CAPS,15'S,0
EL11,ELDOFLAM MR TABS,10'S,0
ELCV1,ELFI CV TABS,10'S,0
ELF1,ELFI O200(ZIFI O)MG TABS,10'S,0
EL,ELMECOB AMP,1'S,0
ELP,ELMECOB PLUS CAP,10S,0
ELM,ELMECOB TABS,10'S,0
ELO,ELMECOB-OD TAB,10S,0
ELV1,ELOVERA IMF CREAM,50GM,0
ENIMA,ENIMA PAKIT,100ML,0
E222,ENZAR FORTE TABS,15`S,45
E473,ESLITE 15 CREAM,15GM,0
FOL2,FLAVOSPAS O TABS,10'S,0
FLAV,FLAVOSPAS TABS,10'S,80
FLED,FLEXTRA D TAB,10X10S,0
FMC,FORMIC 1.5 IMJ,1X1.5GM,0
FOCO,FORMIC-O 200 TAB,1X10S,0
GAS,GASTROMAX SYRUP,170ML,0
IVIT,IVIT CAPS,"15,S",0
IVITP,IVIT PLUS CAPS,10'S,0
KET1,KEFBACTAM 1GM VIAL,10ML,0
KFB1,KEFBACTUM FORTE1.5 VIAL,1.5MG,0
MESH,MEGASHELCAL CAP&TAB,10S,0
NEPH,NEPHROCAPS CAP,15S,45
O372,OXOFERIN LOTION,30ML,0
PNM1,PEPAMINO TABS,10'S,0
PH19,PHYTOMEGA CAPS,15'S,0
P439,PIMAFUCIN EYE DROPS,3ML,0
PRN,PREXAN TAB,30'S,0
P1302,PROTOCREAM,20GM,0
SM41,SAMPURE 200MG TABS,10'S,0
SMP1,SAMPURE 400MG TABS,10'S,0
S994,SENSODYNE FRESHGEL,60GM,0
S131,SHELCAL 250MG TABS,30'S,0
SHC,SHELCAL CT TAB,15S,60
SHL1,SHELCAL HD TABS,15'S,150
SH12,SHELCAL HD12 TABS,15S'D,5
SHLK,SHELCAL K TABS,15'S,0
S695,SHELCAL M TABS,15'S,60
SOM,SOMAZINA 500 TAB,1X10'S,0
SM21,SOMAZINA OD TABS,10'S,0
SM32,SOMAZINA SYRUP,60ML,0
T067,TANTUM GEL OINT,20GM,0
T068,TANTUM MOUTH WASH,120ML,0
TAA,TANTUM ORAL RINSE 120ML,120ML,0
T382,TIGER BALM BIG,18G,0
V025,VENEX 300MG TABS,10'S,0
VITI,VITILO LOTION,60ML,0
W101,WIDCEF 500MG TABS,6'S,0
TTHG,SULFOMAG CF CAP,1*10,0
CEL11\,CELEFER CAPS,10'S,0
CELE32,CELERA NU TABS,10'S,170
CEL21,CELERAB DSR CAPS,10'S,90
CE112,CELERAB TABS,10'S,20
CELG1,CELGLIM 1MG TABS,10'S,0
CEL2F,CELGLIM 2 FORTE TABS,10'S,0
CELG2,CELGLIM 2MG TABS,10'S,0
CELG20,CELGLIP 20MG TABS,10'S,0
CELM5,CELGLIP M0.5MG TABS,10'S,0
LNDNNN,CELO FE CAP,1*10,30
CILR9,CILNIRIGHT 10MG TABS,10'S,70
CIOLCN,CILNIRIGHT 20MG TAB,1*10,90
CILN5,CILNIRIGHT 5MG TABS,10'S,0
CUODHD,CUDCE FORTE TAB,1*10,70
DKJJJH,DAPARES 10MG TAB,1*10,80
FJKBJF,DAPARES 5MG TAB,1*10,0
KET21,KETOCHEK CAPS,10'S,100
MYC,RE MYCORITE S 360,10,0
NEH11,NEPHVIT TABS,10'S,30
OMF32,OMF SG CAPS,10'S,0
PHK1,PHOCEL TABS,10'S,50
Q,Q10 ESENTIAL CAP,10;S,0
Q10E1,Q10-ESENTIAL TABS,10'S,0
RECO1,RECONERVE PLUS CAPS,10'S,0
SEVHJD,SEVBIND 400MG TAB,1*10,0
SOD100,SODOCEL DS TABS,10'S,120
SOD1,SODOCEL TABS,10'S,180
SU31,SUCRASAN O SYRUP,100ML,0
TBFJKT,TACRORITE 0.5MG TAB,1*10,0
TAC,R TACRORITE 1MG CAPSULES,10,0
TAC2,TACRORITE 2 MG CAP,10,0
TELC20,TELCEL 20MG TABS,10'S,0
TELCE,TELCEL 40MG TABS,10'S,0
TO1R5,TORCEL 100MG TABS,10'S,10
YTWEJH,TORCEL 10MG TAB,1*10,10
TRL3,TORCEL 20MG TABS,10'S,0
FCVOIH,VOGLIRIGHT GM2 TAB,1*10,0
EGU50,EGLUCENT MIX50MG KWICKPEN 3ML,,0
H190,HUMALOG MIX-50PENFEEL,3ML,0
H371,HUMINSULIN N PENFILL,3ML,0
H373,HUMINSULIN R 40 I.U.,10ML,0
FY22,FYLLA CAPS,10'S,0
GLYM80,GLYCOZAR M80MG TABS,10'S,0
INS6,INSTA 60K TABS,4'S,0
OLL31,OLMINOR 20MG TABS,10'S,0
HGH,OLMINOR H20TABS,"10,S",0
PPVOG,PPVOG 0.3MG TABS,10'S,0
PPVO,PPVOG M 0.3MG TABS,10'S,0
PPV02,PPVOG M0.2MG TABS,10'S,0
RA20,RABEPACE 20MG CAPS,10'S,0
RAB21,RABEPACE D CAPS,10'S,0
RAB,N RABEPACE LS CAPS,10'S,0
REC11,RECONERVE CAPS,10'S,0
RECD1,RECONERVE D TABS,10'S,0
RECV1,RECONERVE PG CAPS,10'S,0
GLJRHG,TELINOR 20MG TAB,1*15,0
TLL3,TELINOR 40MG TABS,1*15,0
TEL36,TELINOR AM TABS,10'S,0
TEAMH,TELINOR AMH TAB,15'S,0
TLL2,TELINOR H TABS,10'S,0
TES,TELISTA 20 TABS,15'S,75
ZET1,ZETAGLIM 1MG TABS,10'S,0
ZET3,ZETAGLIM 2MG TABS,10'S,0
ZEM1,ZETAGLIM M1 FORTE TABS,10'S,0
ZETY1,ZETAGLIM M1 TABS,10'S,0
ZEF2,ZETAGLIM M2 FORTE TABS,10'S,0
ZET11,ZETAGLIM M2 TABS,1*15,0
GZEV1,ZETAGLIM MV1 TABS,10'S,0
ZEVV2,ZETAGLIM MV2 TABS,10',0
ZYLL1,ZYLOCAL D3 TABS,10'S,0
GFG,ZYLOCAL HD TABS,"15,S",0
ZYL1,ZYLOTOR 10MG TABS,10'S,0
ZY40,ZYLOTOR 40MG TABS,10'S,0
ZYCV,ZYLOTOR CV 10,10'S,80
ZY111,ZYLOTOR F TABS,10'S,0
FOLD9,FOLISURE D CAPS,10'S,0
NUL9,NULUK CAPS,10'S,0
TEND9,TENDOSAVE TABS,10'S,0
CEPS,CEFILIX PLUS TAB,"10S,",0
CXI,CEFILIX-O TAB,"10,S",0
CIPRO/,CIPROLIX 500MG TABS,10'S,0
VBEL31,VELVETROL CAPS,10'S,0
BEC99,BECORICH PLUS TABS,15'S,0
BW21,B-WELL DROPS,15ML,0
BLLS1,B-WELL SYRUP,100ML,0
BW1,B-WELL TABS,10'S,0
NANO1,NANOPAN TABS,10'S,0
SEA2,SEANA PAIN RELIF EMU OIL,30ML,0
SES1,SEANA SOAPS,75GM,0
E2021,EASYLEX SYRUP,200ML,0
7IN1,7INOIL OIL,60ML,0
E307,ELECTROBION POWDER BIG,1'S,0
YIY,ELECTROBION SMALL,1'S,0
E351,EMAMI COLD CREAM,25GM,0
EMPS,EMAMI EMP BALM 1.5,1.2GM,0
EMP,EMAMI MENTHO PLUS,9GM,0
202,FAIR & HANDSOME 30ML,30ML,0
203,FAIR & HANDSOME 9ML,9ML,0
FAST,FAST RELIEF,2GMS,0
LDKLFK,KETAFUNG CT LOTION,1*90ML,0
EMAMEN,MENTHO PLUS BALM,9GMS,0
METHO,MENTHO PLUS SMALL 1.50,2GMS,0
S964,SONA CHANDI CHYAWANPRASH,250GM,0
GFYTF,ZANDU BALM 8ML,1*1,0
ZAGC9,ZANDU BALM QUICK RELIFE,,0
ZABS9,ZANDU BALM SPRAY,48ML,0
ZANU1,ZANDU BALM ULTRAPOWER,10ML,0
ZANJ1,ZANDU JUNIOR BALM,9GM,0
SALO,SALONIMEX SYRUP,100ML,0
STEPUP,STEP UP SYP,200ML,0
ASAT50,ASOMAX AT5MG TABS,10'S,0
ASM1,ASOMAX TM TABS,10'S,0
ASM11,ASOMAX TM2.5 TABS,10'S,0
AMX2.5,ASOMEX 2.5MG,15'S,0
ASMX5,ASOMEX 5MG,15'S,0
ASOAT,ASOMEX AT TABS,15'S,0
ASMXD,ASOMEX-D TAB,1X15'S,0
ASOM,ASOMEX-TM TAB,1*15,0
AT/10,ATOREC 10 TAB'S,10'S,0
FJHBFF,ATOREC 40MG TAB,1*10,0
ATROPP,ATOREC CV 10MG CAP,1*10,0
ATP,ATPURE 25MG TABS,14'S,0
AT12,ATPURE D TABS,10'S,0
A823,AUGPEN DS SYRUP,30ML,0
BENF9,BENFOSULES CAPS,10'S,0
CON4,CONSIVAS 10MG TABS,10'S,0
CONF14,CONSIVAS F TABS,10'S,0
CORT31,CORTIMAX 18MG TABS,10'S,0
DEXP,DEXPURE TABS,10'S,0
DFKJGH,DICLOPLAST PATHES,1*1,0
JHLFHH,DYDROFEM TAB,1*0,0
EFC1,EFCURE TABS,30'S,0
E445,EMANZEN D TABS,10'S,0
EMF1,EMFOLIC DHA CAPS,15'S,0
HKFHFF,EMPROGEST 200MG CAP,1*10,0
FLHFNF,EMPROGEST EV 200MG TAB,1*5,0
EMTR1,EMTRI 30MG TABS,60'S,0
EN111,ENCICARB 500MG INJ,10ML,0
EN,O ENCIFER-O TAB,1X10S,0
EPO32,EPORISE 4000IU INJ,1.5ML,9
ESLO,ESLO 2.5MG TABS,15'S,30
ESL5,ESLO 5MG TABS,15'S,0
EAT,ESLO AT TABS,15'S,0
ETS,4 ETS 200 TAB,10'S,0
SDFHGS,EXHEP 40 INJ,1*1,0
FER50,FERIUM 500 ING,1,0
248,FERIUM XT,10S,0
G429,GALACT GRANULES,200GM,0
H2000,HERBIGEST POW,50GM,0
JGDHFK,HERMIN INJ,1*1,0
IN22,INFEN 25 TABS,10'S,0
INFG1,INFEN GEL,30GM,0
INF1,INFEN MR TABS,10'S,0
IP12,INFEN P TABS,10'S,0
LAF10,LAFAXID 10MG TABS,10'S,0
L463,LORNIT 500MG TABS,10'S,0
L316,LORNIT SYRUP,60ML,0
METAM2,METPURE AM 2.5 TAB,10'S,0
METPUR,METPURE TEL 40MG,10'S,0
METT9,METPURE TEL20MG TABS,10'S,0
METP9,METPURE XL 12.5MG TABS,10'S,0
MT13,METPURE XL 25 TABS,10'S,0
MT11,METPURE XL 50 TABS,10'S,0
MIGI9,MIGITUS 10MG TABS,10'S,0
MOF11,MOFILET 500MG TABS,10'S,0
N308,NORMET SYP,30ML,0
N323,NORMET TABS,10'S,0
NU19,NUCARNIT 500MG TABS,10'S,0
NUMLAT,NUMLO AT TAB,10'S,0
OBIC1,OBICURE POWDER,30GM,0
O203,OROFER CAPS,10'S,0
OTYJKD,OROFER FCM 1K,20ML,0
ORFCM9,OROFER FCM 500MG INJ,10ML,1
ORO,OROFER S INJ,2.5 ML,0
ORF5,OROFER S100MG INJ,5ML,5
ORO2,OROFER S200MG INJ,10ML,0
ORO1,OROFER SYRUP,200ML,0
O262,OROFER XT DROPS,15ML,0
O204,OROFER XT SYRUP,150ML,11
OROFXT,OROFER XT TAB,15'S,90
ORO21,OROFER XT TOTAL TABS,10'S,0
PANP,PANPURE TAB,10'S,0
PAU5,PAUSE 500MG,10'S,0
PAUM,PAUSE MF TABS,10'S,0
PAXT1,PAUSE XT TABS,10'S,0
R/DSR,REBEZ DSR CAPS,10'S,0
SV19,SEVCAR 400 TABS,30'S,0
SEVC1,SEVCAR 400MG TABS,10'S,0
SLDJFH,SPEGRA 30S TAB,1*30S,0
STRR9,STROCOZ PLUS TABS,10'S,0
SUST1,SUSTIMAX TABS,4'S,0
SUS11,SUSTINEX 30MG TABS,6'S,0
TAV21,TAVIN EM TABS,30'S,0
TEMC1,TEMCURE 100MG TABS,5'S,0
568,TEMCURE 20 CAPS,5,0
TEM11,TEMSAN 40MG TABS,10'S,0
TEMS2,TEMSAN AM TABS,10'S,0
TEMCT,TEMSAN CT TABS,10'S,0
TEMS1,TEMSAN H TABS,10'S,0
WEKLFN,TICAPLAT 90MG TAB,1*10,0
VIN12,VINGRAF 1MG TABS,10'S,0
VIN10,VINTOR 10000IU PFS INJ,100001U,0
V358,VINTOR 4000IU INJ,1ML,0
VIR32,VIRO 4 KIT TABS,6'S,0
VIROPI,VIROPIL TAB,30'S,0
HGFH,XILIA M1TABS,"10,S",0
X1P1,XPLODE CAPS,10'S,0
XPL2,XPLODE POWDER,200GM,0
JK500,RAREMET SR 500 TAB,10'S,60
EVIOLC,EVION LC TAB,10'S,70
NDPROT,..,1'S,0
AMI500,AMIK 500 INJ,2ML,0
KLET,ANKLET LARGE(METRO),1'S,0
ARM85,ARM SILING POUCH(L) BDB,1'S,0
ASHA,ASHOKARISHTA 450ML,450ML,0
BD76,"BANDAGE 2""",1'S,0
76BN,"BANDAGE 7.5 CM X 3 M""",10S,0
BSYRIN,BD INSULIN SYRINGE,1ML,70
BEDPAN,BEDPAN CHALU,1,0
BPLEX,BPLEX FORTE TABS,15'S,0
BRAHMI,BRAHMIVITA GRANULES,1'S,0
CEPODE,CEPODEM DT 100MG TABS,10'S,0
CLA,7 CLAVICLE BRACE SMALL,1'S,0
C1316,COTTON 100GM,1'S,0
C742,COTTON 25GM,1'S,41
C789,COTTON 50GM,1'S,0
CUTICA,CUTICARE OINT,15GM,0
DEPARS,DEPRAN-L TAB,"15""S",0
DESERL,DESVAL ER 250MG TAB,10'S,40
DESVAL,DESVAL ER 500MG TAB,10'S,20
DESVA,DESVAL ER 750 TAB,10S,60
HIK,DIGITAL THERMOMETER,1'S,0
DSYRIN,DISPOVAN 10ML SYRINGE,1'S,0
DISPO,DISPOVAN 5ML SYRINGES,1*5ML,0
D.NEED,DISPOVAN NEEDLE 22G.,1'S,0
DNEEDL,DISPOVAN NEEDLE 26G.,1'S,0
D5830,DOVE DEO ROLL ON,50ML,0
DRAK,DRAKSHARISHTA 450ML,450ML,0
EFC150,EFCAN 150MG TABS,1X10'S,0
EMC,EMCAL 500MG TAB,15'S,0
EM,EMFER XT TABS,10S,0
EMPOW,EMPRO POWDER,200GM,0
E380,EMVIT GOLD CAPS,10'S,0
ENAP10,ENAPRIL 10MG TAB,10'S,0
SODI,ENEMA 100ML,1'S,0
EUCALY,EUCALYPTUS OIL,20ML,0
FORACO,FORACORT 200 INHALER,1'S,4
FORMMI,FORMONIDE 200MDI INHALAR,120MD,0
GLO5.5,GLOVES 5.5 - DISPO,1,0
GLOVE,GLOVES 6 SENSITOUCH,1PAIR,0
S576,GLOVES 6.5 DISPOS,1PAIR,0
ITCH15,ITCHGUARD CREAM,15GM,0
KPCHOC,KIDS PRO CHOC POW,200GM,0
KIDSP,KIDS PRO VANILLA POWDER,200GM,0
KNEBRA,KNEE BRACE,1'S,0
KNEEXL,KNEE BRACE LARGE DYNE,1'S,0
NEE7,KNEE BRACE MEDIUM,1'S,0
NEE4,KNEE IMMOBILIZER,,0
KNEE32,KNEE SUP.WITH HINGES (S),1'S,0
KOFNEY,KOFNEY SYP,100ML,0
KZLOTI,KZ LOTION,50ML,8
LS56,LS BELT 27/28,1'S,0
LS1,LS BELT 28/32,1'S,0
LS4,LS BELT 30/34,1'S,2
LS3,LS BELT 32/36,1'S,0
LS2,LS BELT 34/38,1'S,0
LS9,LS BELT 36/40,1'S,0
LS76,LS BELT 38/42,1'S,0
LS75,LS BELT 42/46,1'S,0
M450,MEDIFLON 20,1'S,0
MILICA,MILICAL TAB,15'S,0
NEB5,NEBI 5MG TAB,10'S,0
C1144,NECK COLLAR COMET MEDIUM,1'S,0
NEXRD,NEXPRO RD 20MG,10'S,30
NEXR40,NEXPRO RD 40 CAPS,10'S,220
NITY,NITYAM CHURNAM,,0
NIZOTA,NIZONIDE 500 MG TAB,6'S,0
NIZOSU,NIZONIDE SUSP,30 ML,0
NORM,NORMAXIN TAB,20,290
O220,OFLOX 400MG TABS,10'S,0
OKAS,OKACET TAB (CETRIZINE),10'S,0
PANCH,PANCHATULASI LIQUID,15ML,0
PAPGLO,PAPER GLOVSES,1'S,0
P1422,PARRYS SPIRULINA CAPS,100'S,0
PIOGLI,PIOGLIT MF 7.5MG TAB,10'S,0
RABEE2,RABESEC D TAB,10'S,0
RCINEX,RCINEX CAPS,10'S,30
R072,RCOMPOUND TABS,50'S,0
RIBSML,RIB BELT,1'S,0
ROMO16,ROMOLENE,1'S,0
RYL10,RYLES TUBE ALL,1,0
S718,SESA OIL,200ML,0
S1212,SESA OIL,100ML,0
STEINJ,STEMETIL INJ 1'ML,1'S,8
STERI,STERILE EYE PAD(STANDARD) 1'S,,0
SUPRA,SUPRACAL A CAP,10'S,0
SURGI,SURGIPADS,15*10,0
SZ2,SZETALO 20MG TABS,10'S,0
TO88,TOP CREPE 6CM,1'S,0
TRANS,"TRANSPORE 1""",1'S,0
TRIPHA,TRIPHALA CHURNA,120GM,0
VIBAC,VIBACT CAP,10'S,0
VOMI,VOMISTOP TABS,10'S,0
WA5ML,WATER 5ML PLASTIC,1'S,0
WR2,WRIST BAND 8,1'S,0
WR3,WRIST BAND 9,1'S,0
WRIS7,WRIST BRACE LARGE(R),1'S,0
WR5,WRIST SPLINT,,0
END11,ENDOVAS SACHET,7GM,0
EDK1,ENDURA KIDSKILOS POWDER,200GM,0
ENDU2,ENDURA MASS CHOCOLATE,,0
ENDU1,ENDURA MASS POWDER,500GM,0
ANZ1,ANZITEL 40MG TABS,10'S,0
ENVOZ,ENVOZ MF2 TABS,10'S,0
NIT11,NITROZED 2.6MG TABS,25'S,0
GERBER,TELEDOC 20MG TAB,1*10,0
4Q,4 QUIN EYE DROPS,5ML,0
JKDFGH,AUDIOVIT CAP,1*10,0
IYHFEI,AZENATE NASAL SPRAY,1,0
B378,BETAMETH EYE DROPS,5ML,0
21,CALCIUM SANDOZ WOMEN PINE 60'S,,0
CSWSPA,CALCIUM SANDOZ WOMEN,30'S,0
CSWSSB,CALCIUM SANDOZ WOMEN,30'S,0
C694,CATAGON EYE DROPS,10ML,0
CMM0,CMC EYE GEL,10ML,0
KFGHKG,E SALIVA PLUS MOUTH SPRAY 1*1,,0
JKLHHF,ENTRAK EYE OINT,1*5GM,0
EYET1,EYETAMIN GOLD CAPS,10'S,0
ETMN,EYETAMIN TOTAL CAPS,1*10,0
HYLDKS,HYLA FUSION E/D,10ML,0
SDJKFJ,HYLA PF EYE DROPS,1*10ML,0
FKHKDD,HYSIGHT EYE DROPS 5ML,1*5ML,0
IDV1,I-DEW DS EYE DROPS,10ML,0
IDE11,I-DEW EYE DROPS,5ML,0
IDM1,I-DEW MEGA CAPS,10'S,0
IBOR,IBORIC EYE DROP,5ML,0
I160,IBORIC EYE DROPS,10ML,0
L270,LACRYL EYE DROPS,5ML,0
LACRY.,LACRYL PF GEL,5GM,0
LACTRT,LACRYL ULTRA DROPS,10ML,0
LOCN1,LOC TEARS EYE DROPS,10ML,0
LOCF1,LOC TEARS FUSION EYE,10ML,0
MOME4,MOMEFIT NASAL SPRAY,120MG,0
GHSGHJ,MONODEXA EYE DROPS,1*1,0
OLOJSJ,OLOPLUS EYE DROPS,1*10ML,0
O173,OPTIHIST EYE DROPS,5ML,0
O260,OPTIHIST PLUS EYE DROPS,5ML,0
GFKGKL,OPTIVIRAL OINT 5GM,1*5GM,0
O183,ORINASE ADULT NASAL DROPS 10ML,,0
O171,ORINASE PED NASAL DROPS,10ML,0
OR/NS,ORINASE SPRAY,10ML,0
PRE,PRESS DT TABS,10'S,0
QWDYI4,SOLINE-5 DROP,10ML,0
FDTHJ,TIMOL P DROPS,1*5ML,0
TOPRQE,TOBRACID EYE OINT,3GM,0
W57,WAXONIL EAR DROPS,10ML,0
B-KINE,B-KINASE TAB,1*10,0
BIOB1,BIO-B9 TABS,10'S,0
FB9,FAT B CAPS,10'S,0
IROF3,IROFIL XT TABS,10'S,0
MEN11,MENOCAPS CAPS,10'S,0
SDMFGJ,MENOCAPS XT CAP,1*10,0
NUVIM,NUVIT M TAB'S,10'S,0
NUV01,NUVIT TABS,15'S,0
SUL01,SULFOMAG CAPS,10'S,20
EST22,BEST 22 SYRUP,200ML,0
CEFKI,CEFKING 500MG TAB,10'S,60
ERGO,ERGOMONT-F TAB,10'S,0
ERGOSA,ERGONAC-SP TAB,10'S,200
FELS,FELASO TAB,10'S,0
NLW,UNIRAFT SY,150ML,0
DHJFFF,BENFONYLE CAP,1*10,0
HFGHGF,ERIGLIP M TAB,1*10,0
JAYRAH,GINKOCER FORTE TAB,1*10,40
LDFSDF,GLIMINYLE M1 TAB,1*15,0
LJGLHH,GLIMINYLE M2 TAB,1*15,0
HFWYFW,GLIMINYLE MV1 TAB,1*15,0
GFHFG,GLIMINYLE MV2 TAB,1*15,0
HRGE,XSULIN 50/50 VAIL,1*10ML,0
LDHFJD,XSULIN N VIAL,1*1,0
HFHWWF,ZAYO 50MG TAB,1*10,0
KJGBBF,4K PEG POWDER,1,0
ADV02,ADVOG 0.2MG TABS,10'S,0
ADVV3,ADVOG 0.3MG TABS,10'S,0
ADV11,ADVOG M0.2 TABS,10'S,0
ADV21,ADVOG M0.3 FORTE TABS,10'S,0
ADV03,ADVOG M0.3MG TABS,10'S,90
AL12,ALERFIX M TABS,15'S,0
ALFX,ALERFIX TABS,10'S,0
ALFXTT,ALERFIX TOTAL TABS,15'S,0
ALOMEG,ALFA GPC CAPS,10'S,0
BR10,ALLLLLLLLLLL,1*10,0
ATS1,ATORSAVE 10MG TAB,15'S,0
AT2,ATORSAVE 20MG TAB,15'S,45
AT40,ATORSAVE 40MG TABS,15'S,0
ATOR80,ATORSAVE 80MG TABS,10'S,0
ASSKLJ,ATORSAVE CV 10MG TAB,1*10,0
ATOR3,ATORSAVE D10 TABS,10'S,0
ATO5,ATORSAVE D20 TABS,10'S,0
ATR40,ATORSAVE D40MG TABS,10'S,0
ATT2,ATORSAVE EZ10MG TABS,10'S,0
ASF,ATORSAVE F TABS,10'S,0
GFGGFG,BAGA NT TAB,1*15,0
JBYUGI,BRICET 10MG,1*10,0
BRX1,BROXUM D SYRUP,100ML,0
BRO31,BROXUM P SYRUP,100ML,0
BR111,BROXUM SYRUP,100ML,0
CALS.,CALSHINE 60K TABS,4'S,0
CAL61,CALSHINE D TABS,1*15,0
CA311,CALSHINE P DROS,15ML,0
CARDEX,CARDEXA 50,10'S,60
CA60K,CAROL 60K TABS,4'S,0
CARP6,CARPELA TABS,21'S,0
SYV,CLISTIN BR SYRUP,100ML,45
CNFA1,CNF ACTIV TABS,10'S,0
COCKCC,COSMELITE NEXT ROLLON,50ML,0
CR110,CREVAST 10MG TABS,15'S,30
CR120,CREVAST 20MG TABS,1*15,0
CR05,CREVAST 5MG TABS,1*15,75
DJHFJN,CREVAST A 10/150MG TAB,1*10,0
CREAFA,CREVAST A 10MG TAB,1*10,0
VTFFJH,CREVAST CV 10MG TAB,1*10,0
QWGFDU,CREVAST CV 20 CAP,1*10,0
CREV1,CREVAST F10 TABS,10'S,20
CR2V,CREVAST F5MG TABS,10'S,0
LJHFHG,CREVAST GOLD 10MG CAP,1*10,0
HFYWGW,CREVAST GOLD 20MG CAP,1*15,0
CUD3,CUDCE CAPS,10'S,30
CYB21,CYBLEX 30XR TABS,15'S,0
CYB40,CYBLEX 40MG TABS,10'S,0
1CYB60,CYBLEX 60XR TABS,15'S,0
CGD,CYBLEX D 30 XR TAB,15'S,0
CYB1,CYBLEX M 30XR TABS',1*15,0
CYBKFC,CYBLEX M 60XR FORTE TAB,1*15,0
CYB3,CYBLEX M 60XR TABS,15,90
CYBM40,CYBLEX M40MG TABS,15,0
HLFHLH,CYBLEX MV 40.2MG TAB,1*15,30
GFSJSW,CYBLEX MV 80.3 TAB,1*15,0
CYBL1,CYBLEX MV80.2MG TABS,15'S,0
D50,D500CAL TAB,10S,70
KDLSGF,DAFAX M 10MG TAB,1*15,0
DECAL,DECAL TAB,15'S,0
DE32,DEEP SENZ OINT,50GM,0
DEE,DEEP SENZ OINT,25GM,0
DIVF1,DIVAFOL TABS,10'S,0
ENRD,ENREST RD 40,10'S,220
HDJHFL,ERIGLIP M TAB,1*10,0
ER89,ERINAC P TABS,10'S,0
ER56,ERINAC SR TABS,10'S,0
ER16,ERITEL 20 TABS,15'S,60
ER15,ERITEL 40 TABS,15'S,30
ER44,ERITEL 80 TABS,10'S,0
ER801,ERITEL 80AM TABS,15'S,0
ER42,ERITEL AM TABS,1*15'S,0
ERITYY,ERITEL B 25MG TAB,15'S,0
ECR1,ERITEL CH 40MG TABS,15'S,195
ERIL9,ERITEL CH40 LS TABS,10'S,0
ERCT40,ERITEL CH40 TRIO TABS,15'S,0
ERCH2,ERITEL CH80 TABS,15'S,0
ERCT9,ERITEL CH80 TRIO TABS,15'S,0
ER17,ERITEL H TABS,1*15,45
ER10,ERITEL H80 TABS,15'S,0
ERIL1,ERITEL LN HS40 TABS,10'S,0
ER000,ERITEL LN40 TABS,15'S,75
ERLN8,ERITEL LN80 TABS,15'S,0
ERT11,ERITEL TRIO TABS,15'S,0
EZZ1,EZEEPAM 10MG TABS,10'S,0
EZZ2,EZEEPAM 20MG TABS,10'S,0
EZZ3,EZEEPAM 5MG TABS,10'S,0
EZZ4,EZEEPAM PLUS10 TABS,10'S,0
EZZ5,EZEEPAM PLUS5 TABSS,10'S,50
FR111,FERIS 100 CAPS,10'S,0
FERIS.,FERIS DROPS,10ML,0
GABA,GABA 300,15'S,0
GIONCJ,GINKOCER PLUS TAB,1*10,30
GS,GLIMISAVE 1MG TAB,10S,0
GLS2,GLIMISAVE 2 TAB,1*15,0
GL4L,GLIMISAVE 4MG TABS,10'S,0
GLI05,GLIMISAVE M0.5MG TABS,15'S,45
DJKJKG,GLIMISAVE M1 850MG TAB,1*15,0
GL61,GLIMISAVE M1 FORTE TABS,15'S,0
GSM,GLIMISAVE M1 TAB,15S,90
GL52,GLIMISAVE M2 FORTE TABS,15'S,75
GLS,GLIMISAVE M2 TAB,15'S,105
GLMF3,GLIMISAVE M3 TABS,1*15,0
GLM32,GLIMISAVE M3FORTE TABS,15'S,0
GLM4F9,GLIMISAVE M4 FORTE TABS,15'S,0
RDTG,GLIMISAVE MAX 2,"15,S",0
GLIMM3,GLIMISAVE MAX 3MG TABS,15'S,0
GLMM1,GLIMISAVE MAX FORTE1 TABS 15'S,,0
HGTFY,"GLIMISAVE MAX FORTE2 TABS 15,S",,0
GLIMI,GLIMISAVE MAX FORTE3MG,15'S,0
GLLM1,GLIMISAVE MAX1 TABS,15'S,0
GLIMIS,GLIMISAVE MV 1.3 TAB,10;S,30
VGFAVU,GLIMISAVE MV 3.3 FORTE,1*15,0
GLI..,GLIMISAVE MV1MG TABS,1*15,45
GLMV2,GLIMISAVE MV2 FORTE TABS,15'S,30
GLI.,GLIMISAVE MV2 TABS,15'S,45
GLIM23,GLIMISAVE MV2.3MG TABS,1*15,0
GL/3.3,GLIMISAVE MV3.3 TAB,10'S,30
GT12,GLITARIS 15 TABS,10'S,0
GLA7.5,GLITARIS 7.5MG TABS,10'S,0
GT14,GLITARIS M 15 TABS,10'S,0
GITA,GLITARIS M 7.5 FORTE TABS 10'S,,0
FSDFHJ,GLURA 50MG TAB,1*10,0
GLUDWS,GLURA M 500MG TAB,1*15,0
FKDHSG,GLURA M XR 500MG TAB,1*15,0
GGHGFD,GLUXIT 10MG TAB,1*10,0
DLJKHG,GLUXIT M 10 FORTE 10/1000 1*10,,0
QYDFUQ,GLUXIT M 5 FORTE,1*10,0
GLJKHJ,GLUXIT M10MG TAB,1*10,0
TYUTGI,GLUXIT M5 TAB,1*10,0
AJFKJG,GLUXIT S 10/100MG TAB,1*10,0
DJAFGD,GLUXIT TRIO 10/1000MG,1*15,0
FBGVSH,GLUXIT TRIO 10/500MG TAB,1*15,0
HH1,HEPEXA 150MG TABS,10'S,0
HEP11,HEPEXA 300MG TABS,10'S,0
HIND1,HINDER CREAM,10GM,0
INZT4,INZIT 4MG TABS,10'S,30
INZ8,INZIT 8MG TABS,10'S,0
JOINTW,JOINTWELD-K27 CAPS,15'S,0
LEX11,LEXIFLOX 500MG TABS,10'S,0
LIN,LINARES 5 MG,10,10
LIN3,LINARES M TAB,10,0
LNT21,LN TRIO 10MG TABS,10'S,0
LLT21,LN TRIO20 TABS,10'S,0
LNBE1,LNBETA 2.5MG TABS,10'S,0
LNB5,LNBETA 5 TAB,10,0
LNB11,LNBLOC 10MG TABS,15'S,30
LNB20,LNBLOC 20MG TABS,15,0
LN11,LNBLOC 5MG TABS,15'S,60
LNM50,LNMET 50MG TABS,10'S,0
LRS,LORSAVE 25 TAB,10S,0
LSA,LORSAVE 50MG TAB,10S,0
LSH,LORSAVE H TAB,15'S,30
FIGUI,MAC RABONIK PLUS TAB,1*10,0
MACPT,MACPENTA CAPS,15'S,0
MACPD9,MACPENTA DSR CAPS,15'S,0
MACP,MACRABONIK PLUS CAP,10X10,0
RACR2,MACRABONIK TABS,10'S,0
MAR11,MARZON DUO TABS,6'S,0
MAR1,MARZON TABS,10'S,0
MAX1,MAXFORMIN 1000MG TABS,15'S,0
MAX75,MAXFORMIN 750MG TABS,15'S,0
MXM1,MAXUM TABS,10'S,0
MT100,METAFORT 1000MG TABS,15'S,0
MET12,METAFORT 500 TABS,15'S,0
METAFO,METAFORT G1 CP TABS,30'S,0
MEG3C,METAFORT G2 CP TABS,30'S,0
METG1,METAFORT G851 TABS,10'S,0
MTG2,METAFORT G852 TABS,10'S,0
MTG3,METAFORT G853 TABS,10'S,0
MTC14,METALOC XL 25 TABS,10'S,0
MTL14,METALOC XL 50 TABS,10'S,0
MET250,METITAL 250MG TABS,10'S,0
MET32,METITAL TABS,10'S,0
MIEN3,MIENTA CAPS,10'S,0
NK11,NIKOTRIOL TABS,10'S,0
IOKLJK,OLMIN 10MG TAB,1*10,0
OLMA20,OLMIN 20A TABS,10'S,0
OLM3,OLMIN 20AH TABS,10'S,0
OL120,OLMIN 20MG TABS,15'S,125
OLM4L1,OLMIN 40LN TABS,10'S,0
OL140,OLMIN 40MG TABS,10'S,20
OLM6,OLMIN CH20 TABS,15'S,90
OLCH1,OLMIN CH40 TABS,10'S,0
IL121,OLMIN H20 TABS,10;S,0
OLM40,OLMIN H40 TABS,10'S,0
OLI21,OLMIN TRIO TABS,10'S,20
OLMT1,OLMIN TRIO40MG TABS,10'S,30
OR22,ORLEAN 120MG CAPS,10'S,0
ORL2,ORLEAN 60MG CAPS,10'S,0
ORTS9,ORTHOSENZ CREAM,30GM,0
OTO,OTOGESIC WAXCLEAR EAR,1'S,5
PROTT1,PROTOL 50TL TABS,10'S,0
PRO11,PROTOL AM TABS,10'S,0
"PROT,",PROTOL XL 25MG TABS,10'S,0
PRO22,PROTOL XL 50MG TABS,10'S,0
FERAD,RABEPRAVEL DSR,10'S,80
RB20,RABONIK 20MG TABS,15'S,45
RAB45,RABONIK 40 PLUS TABS,10'S,0
RAB32,RABONIK 40DSR CAPS,10'S,10
RA21,RABONIK 40MG TABS,10'S,0
RB44,RABONIK DSR CAPS,15'S,90
RBP1,RABONIK PLUS CAPS,10'S,0
RMS1,RAMISAVE 10MG TABS,10'S,0
RAS,RAMISAVE 2.5 TAB,10S,0
RAS5,RAMISAVE 5MG TAB,10S,30
RAH1,RAMISAVE CH 5MG TABS,10'S,0
RA205,RAMISAVE CH2.5MG CAPS,10'S,0
RVS,RAMISAVE H5 TABS,10'S,0
DFHKHF,RARICAP 100MG TAB,1*10,0
DFKKJK,RARICAP M TAB,1*30,0
REC31,RECONTREX TABS,10'S,0
RY10,REMYLIN D TABS,15'S,45
REMYL,REMYLIN FORTE,15,0
RML,REMYLIN TABS,10'S,0
REP,TA REPOSIT TAB'S,10'S,0
RUNN9,REUNION TABS,10',0
RV21,REVLIN M CAPS,10'S,0
REVV1,REVLIN M SR 150MG TABS,10'S,0
REVLI,REVLIN M SR 75MG TABS,10'S,0
ROSHFA,ROSIFLEX C CAP,1*20,0
ROS99,ROSIFLEX TRIO TABS,14'S,0
ASDLFJ,SELZIC OD 900MG TAB,1*10,0
DNFFFF,SONAXA 50MG TAB,1*15,0
SOX10,SONAXA NT10MG TABS,15'S,0
SOX20,SONAXA NT20MG TABS,15'S,90
GKLGKG,SONAXA TRIO TAB,1*15,0
STUHDS,STUGIL D TAB,1*10,0
S129,STUGIL TABS,10`S,55
SP43,SUPERCLOP 75 TABS,10'S,0
SYB750,SYBIL DUO TABS,6'S,0
SYB375,SYBIL TABS,10'S,0
TAY11,TAYO 60K FP TABS,16'S,0
TAY3,TAYO 60K TABS,8'S,21
TADUYA,TAYO RAGA TAB,1*10,0
TY10,TAYO TABS,15'S,0
TEND8,TENDIA M FORTE TABS,15'S,0
TEN26,TENDIA M TABS,15'S,0
TEND1,TENDIA TABS,15'S,0
TY100,THYROFIT 100 TABS,30'S,0
THY21,THYROFIT 125MCG TABS,30'S,0
THYRO,THYROFIT 150MCG TAB,30'S,0
TY25,THYROFIT 25 TABS,30'S,0
TY50,THYROFIT 50 TABS,30'S,0
THY75,THYROFIT 75MCG TABS,30'S,0
TGS1,TRIGLIMISAVE 1 TABS,10'S,0
T2M1,TRIGLIMISAVE 1HS TABS,10'S,0
TGS2,TRIGLIMISAVE 2 TABS,1*15S,45
G1T2,TRIGLIMISAVE 2HS TABS,10'S,0
TRL11,TRIGLIMISAVE LS FORTE1,10'S,0
TRL13,TRIGLIMISAVE LS1 TABS,10'S,0
TRI36,TRIGLIMISAVE LS2 TABS,10'S,0
TRL6,TRIGLIMISAVE LS2FORTE,10'S,0
ULOD1,ULPRIDE OD TABS,10'S,0
VL44,VELGUT CAPS,1*15,60
VC,1 VICTADOL P TABS,10'S,0
VOM11,VOMISAVE 4MG TABS,10'S,0
XJHGSD,XSULIN 30/70 CARTIDGE 3ML 1*3ML,,0
XSULIM,XSULIN R 100IU PEN,1,0
FJJKFJ,XSULIN R VIAL,1*1,0
XYL11,XYLORIS NASAL DROPS,10ML,1
ZAFGFG,ZAC D TAB,1*15,0
ZJBCBC,ZAC D WOMEN TAB,1*15,0
QOUWGC,ZAC DAY TAB,15*SW,0
ZEEG1,ZEEGUT P SACHETS,1GM,0
ZEEGZ1,ZEEGUT Z SACHETS,1GM,0
ZEN1,ZENPRIDE 25MG TABS,10'S,0
ZOMEL,ZOMELIS DM 500 TAB,10;S,30
ZM10,ZOMELIS MET 50/500 TABS,15'S,105
ZPFHLN,ZOMELIS SG TAB,1*10,0
GUQDIJ,AMICOBAL TAB,1*10,0
BEST22,BEST 22 TAB,15'S,135
D5642,DIVON GEL,30GM,0
D5727,DIVON GEL,10GM,0
D398,DIVON SR TABS,10'S,0
L293,LYCOR 1% CREAM,15GM,0
RBS2,RABIROS 20MG,10'S,0
HDGRJH,TENDIA P TAB,1*15,90
JKGUIL,ZAYO 100 TAB,1*10,0
CH111,CHLOTRIP TABS,10'S,0
ERGONA,ERGONAC-P TAB,10'S,170
JDHBDF,QUICOBAL ORAL STRIPS,1*30,0
EOHHFH,EPRISAN DSR TAB,1*5,0
NAPRO,NAPROSYN SR750 TABS,10'S,0
JDKWET,DYNAPLASTER,1*1,0
ELCID,ELCID SUSPENSION,170ML,0
ESDSR,ESTOPAN-DSR,10'S,0
MONIZ,MONIZYME SYRUP,200ML,0
CH4258,CHROMIC 1-0 4259,1'S,0
DBNWEH,D RIDE TAB,1*10,0
YWETWE,ETHIGLO F/W,1*1,0
YTWWRT,GLUTAFINE-200GM F/W,1*200GM,0
VRY,VICRYL 1 2347(R.B HEAVY),1'S,0
AMI21,AMINOVIT TABS,15'S,0
OUGD1Q,ETHIGLO F/W,70ML,0
IRN21,IRONEXT TABS,30'S,0
JOIN1,JOINTOVIT TABS,6'S,0
MENP2,MENOPASS CAPS,10'S,0
REG32,REGULAR M CAPS,15'S,0
SAM4,SAM 400MG TABS,10'S,0
SPR3,SPERMAX TABS,15'S,0
BRI5,BRIVEX EYE DROPS,5ML,0
HDCAL,HDCAL PM TAB,10'S,0
GDWAHH,MOBIGEN GEL,1*30GM,0
SDWJWJ,DERSOL 18%,25GM,0
GFFR,KETAFUNG BAR,1*75GM,0
MINSCA,MINSCALP-5%,1*60ML,0
HJHG,MINSCALP-F MAX,1*60ML,0
EMFC,EMFOZEN OINT,5GM,0
DDULFH,I ZEN FORTE CAP,1*10,0
RENI,RENICOL EYE ONIT,5GM,3
AJSYVD,DEXIGLU-M TAB,10S,0
JWGS,FOLLIHAIR A TAB,1*15,0
ISETTH,I-SITE AF TAB,10,0
GBJHFR,PROTECTIS 5ML SYRUP,1*5ML,0
WB,WAL WAL NOODLES,1*1,0
BOROPL,BOROPLUS CREAM 40ML,40ML,0
IAL,1 AL TABS,10'S,0
A573,AMODEP 5MG TABS,15'S,0
AAT,AMODEP AT TABS,15'S,0
C226,COTARYL CREAM,50GM,1
C111,CYCLOGIK EYE DROPS 1%,5ML,0
ELEA1,ELECTRAL APPLE DRINK,200ML,0
ELEO1,ELECTRAL ORANGE DRINK,200ML,0
ELCO7,ELECTRAL ORANGE SACHET,4.4G,190
ELECTR,ELECTRAL POW,4.4G,1146
E106,ELECTRAL POWDER,1X21.8 G,0
E107,ELECTRAL POWDER SMALL,4.40G,110
E108,ETOSALBETOL TABS,10`S,0
F092,FLUNARIN 10MG TABS,10`S,90
F091,FLUNARIN 5MG TABS,10`S,0
LHKHHH,GLYPTEN M FORTE TAB,1*10,0
JFWYH,GLYPTEN-M TAB,1*10,0
H018,HYSTALIN COUGH SYRUP,120ML,0
I060,IOBET 0.5% EYE DROPS,5ML,0
I062,IOTIM 0.5% EYE DROPS,5ML,3
IOTINF,IOTIM B EYE DROPS,1*5ML,0
IOTP,IOTIM PLUS EYE DROPS,1X5ML,0
M146,MIOSOL Z EYE DROPS,5ML,0
M145,MOISOL EYE DROPS,5ML,0
MOISOL,MOISOL Z EYE DROPS,10ML,0
MOS0D,MOSI D EYE DROPS,5ML,0
MOS1,MOSI EYE DROPS,5ML,0
JDHKHF,MYCODERM C POWDER,1*100G,0
M365,MYCODERM POWDER,100GM,0
1M364,MYCODERM POWDER 150GM,150GM,0
OBB1,OBICURE POWDER,200GM,0
P198,PILOCAR 2% EYE DROPS,5ML,3
PA41,PIOPLUS 1 TABS,10'S,0
PP43,PIOPLUS 2 TABS,10'S,0
P204,PYRIMON EYE DROPS,5ML,0
S1245,SIMYL MCT OIL,50ML,1
S197,SIMYL MCT POWDER,200GM,0
S855,SIMYL MCT POWDER,400GM,0
FGFHW,VITCOFOL CAP,1*30,0
V042,VITCOFOL SYP,180ML,0
111VIT,VITCOFOL VAIL,1,0
Z443,ZATHRIN 500MG TABS,3'S,0
ZIB2,ZIBLOK 25MG TABS,14'S,0
ZIB5,ZIBLOK 50MG TABS,14'S,0
Z418,ZIFI 200MG TABS,10`S,0
ZEFI,ZIFI AZ TABS,10'S,0
Z067,ZOCON 150MG TABS,1'S,0
FG8ORF,ZOCON 400 TAB,1*1,0
Z372,ZOCON EYE DROPS,5ML,0
Z062,ZOXAN EYE EAR DROPS,5ML,0
A588,ALOEDERM CREAM,50GMS,0
B386,BOTANICA ANTI AGEING 50GM 50GM,,0
FBEACH,FEM FAIR SOFT,40GM,0
FEMHR,FEM HAIR REMOVING CREAM,40GM,0
F404,FEMCINOL A GEL,10GM,0
FEM.,FEMCINOL ACNE SOAP,75GM,0
F560,FEMITE LIQ,9ML,0
FHKTKT,FLAMINGO COMOD CHAIR,1*1,0
KE22,KERATONE HAIR OIL,100ML,0
0MAN11,MANEXIL 2% GEL,30GM,0
"MANE,",MANEXIL 5% GEL,60GM,0
NUF31,NUFACE SUN BLOCK,50GM,0
PERFS9,PERFEKT SLIM TABS,120'S,0
UP11,UPROOT LOTION,120ML,0
BVFSFG,MIB PLUS AMP,1*1,0
BFKGHH,MIB PLUS TAB,1*10,0
NDHWGE,ONCOVIT + TAB,1*10,0
AP41,ACTON PROLANGATUM VIAL,,0
D5652,DECAPEPTYL O.1MG,,0
DIFD1,DIFIDOX 100MG INJ,1,0
FAN21,FANTY XT TABS,10'S,0
LDSHLH,FERRONEMIA PLUS TAB,1*10,0
NBCHFD,FERRONEMIA TAB,1*10,0
VBFVFD,FERRONOMIC PLUS TAB,1*10,0
GES100,GESTONE 100MG INJ,2ML,0
GE19,GESTONE 200MG CAPS,10'S,0
GES11,GESTONE 400MG CAPS,10'S,0
G309,GESTONE 50MG AMP,1ML,0
MN41,MINIRIN 0.1MG TABS,15'S,0
M954,MINIRIN 0.2MG TABS,30'S,0
MINR,MINIRIN SPRAY,2.5ML,0
MIP100,MIPROGEN 100MG CAPS,10'S,0
PEN16,PENTASA 2GM SACHET,2GM,0
PN43,PENTASA 500MG TABS,10'S,0
GU450,PENTASA ENEMA 1GM,1*1,0
PEN.,PENTASA SACHET 1GM,1,0
PIXL9,PIXELUB EYE DROPS,10ML,0
OIIFHN,PROVOTIN HP POWDER 400GM,1*400,0
PTOTJJ,PROVOTIN LP POWDER,1*400G,0
SO150,SOLUBID 150MG TABS,10'S,0
SOL11,SOLUBID 300MG TABS,10'S,0
YS41,YASMIN TABS,21'S,0
ACN2,ACNEASE GEL,15GM,0
ACN22,ACNEASE GEL SPRAY,50GM,0
EPI32,EPIMOIST CREAM,50GM,0
EYEL,EYELITE CREAM,15GM,0
EYEL1,EYELITE EYE ROLL-ON,5GM,0
IREM1,IREM CREAM,5GM,0
TRI32,TRICHORGANICS LOTION,100ML,0
AMRO,AMRO TABS,20'S,0
ANT,ANTON CAPS,15'S,0
DEFAT,DEFAT CAPS,10'S,0
AEMIT,EMITAN DS TAB,10,0
FCW1,FC WHITE CREAM,20GM,0
I278,ISOCARE CAPS,10'S,0
L526,LUSEN D TABS,10`S,0
MIC,MILPRO C POWDER,200GM,0
SH14,SHIFER TABS,1*1,0
S1024,SPINNER CAPS,10`S,0
1T3,ALTRAFIZ TABS,10'S,0
COBAF1,COBAFAST CAPS,10'S,0
DIAA1,DIAAN CAPS,10'S,0
F285,FIGARO OLIVE OIL,500ML,0
FFFF,FIGARO OLIVEOIL,1000ML,0
FIGAR.,FIGARO OLIVEOIL,250ML,0
F592,FIZINORM FORTE CAPS,4`S,0
FIZI,FIZISLIM CAPS,10'S,0
NERF1,NEUROFIZ PLUS CAPS,10'S,0
ORTHO,ORTHOCAPS CAP,10'S,0
O330,ORTHOFIT CAPS,10'S,0
ORTHOF,ORTHOFIT GEL,30GM,0
OR5,ORTHOFIT OIL BIG,60ML,0
O345,ORTHOFIT OIL SMALL,30ML,0
OORT,ORTHOFIT SYRUP,220ML,0
ORT32,ORTHOFIT SYRUP,500ML,0
OZN,OZOMEN CONDOMS,3'S,0
O353,OZOMEN SPRAY,12GMS,0
COMM1,COMMOD CHAIR,1,1
COMMD,COMMODE STOOL FOLDIN,1,0
C00,COOL PACK,1,0
FLAMDO,FLAMINGO WHEEL CHAIR 2279 1,,0
FLAMIN,FLAMINGO WHEEL CHAIR 2302 1,,0
GLYC0.,GLYCIPHAGE G 0.5 TAB,10'S,60
HEEL1,HEEL CUSHION,1'S,0
SOFT09,SOFTOOLS SYRUP,200ML,5
SOFT,SOFTOOLS SYRUP,110ML,0
ZYF32,ZYFLAR CAPS,10'S,0
FOF21,FOFONE S VIAL,1GM,0
FORMO1,FORMALINE SOLUTION,5LIT,0
TINCT1,TINC IODINE LOTION,450ML,0
ALTT,ALAFIN CAPS,10,0
KLJBHS,L MONTUS KID TAB,1*10,0
FYEREQ,PRE NATAL TAB,1*10,0
AGE9,AGEIN CREAM,50GM,0
AKJHFD,ALLERBIO SACHETS,1*1,0
AR44,ARGIN GRANULES,5GM,0
CERV2,CERVCLEAR TABS,10'S,0
D5736,DIAFOOT SB CREAM,100GM,0
E381,EOFIL FORTE TABS,10'S,0
ET,EOFIL TAB,10,0
F054,FERTIBEX TABS,10'S,0
FIL9,FILVESTIN TABS,10'S,0
FILT9,FILVESTIN TOTAL POWDER,10GM,0
FOUR.,FOURTS B LAC CAPS,10'S,0
FOBO1,FOURTS B MEGA CAPS,10'S,0
F1R4,FOURTS B SYRUP,200ML,0
F280,FOURTS B TABS,1*15,0
JFHHHF,FOURTS BZ PLUS TAB,1*10,0
FREGD9,FREGID TABS,10'S,0
HA10,HAIRGRO PLUS GEL,50GM,0
HA44,HAIRGRO TABS,10'S,0
MC,4 K MAC B6 SYRUP,200ML,0
KS,K MAC SYRUP,1X200ML,0
LJHDFJ,K MAC UTI SYP,1*100ML,0
KMUTI,K MAC UTI TABS,10'S,0
LMF9,L MONTAS FLASH TABS,10'S,0
LMONTA,L MONTAS-ABL,10'S,10
KJSLDH,L MONTUS KID FORTE TAB,1*10,0
LMT9,L MONTUS SYRUP,60ML,0
LMOT,L MONTUS TAB,10X10S,0
LAI1,LAISPEG POWDER,90GM,0
LAX11,LAXOPEG POWDER,255GM,0
MAX16,MAXIZYM SYRUP,200ML,0
METFI1,METFFIL VG2 TABS,10'S,0
MU98,MUPIMET OINT 5G,5G,0
NAC6,NACFIL 600MG TAB,10'S,0
NACF,NACFIL FORTE SACHETS,5GM,0
NFF1,NEFROSAVE FORTE TABS,10'S,0
NR,NEFROSAVE TABS,15'S,30
NOCT9,NOCTURA SYRUP,100ML,0
NUT99,NUTRIHALE SYRUP,100ML,0
NUT200,NUTRIHALE SYRUP,200ML,0
NUT6,NUTRIHALE TABS,10'S,0
OX1,OXERUTE CD CAPS,10'S,0
OC41,OXERUTE CREAM,30GM,0
PP14,PREPRO HS CAPS,10'S,0
PULNOI,PULMOCLEAR LS SYP,100ML,0
PUL00,PULMOCLEAR SYRUP,60ML,2
PUL1,PULMOCLEAR TABS,1*15,120
QUAD,QUADRAJEL GEL,15GM,0
REJUIN,REJUNURON AMP,1'S,0
REJUNE,REJUNURON CAPS,30'S,0
HJHKLH,REJUNURON FORTE INJ,1*1,0
RNEUOD,REJUNURON OD CAP,10'S,0
REJP1,REJUNURON PLUS INJ,2ML,0
SRTRFK,SRFIL ENEMA 60ML,1*60ML,0
SUCRAD,SUCRAFIL ANO CREAM,20GM,0
SUCOG,SUCRAFIL O GEL SYP,200ML,2
SUCR,SUCRAFIL O GEL SYRUP,100ML,0
SUCRA,SUCRAFIL SYRUP,200ML,7
TM48,TAMFIL CAPS,10'S,0
TML1,TAMFIL S CAPS,10'S,0
HGUHJ,TOCOFIL CAP,1*15,0
UBQ100,UBI Q 100MG CAPS,10'S,0
UB44,UBI Q 300 CAPS,10'S,0
U79,UBI Q PLUS CAPS,10'S,0
UB/Q/G,UBI-Q GOLD POWDER,1'S,0
UBCO,UBICAR TABS,10S,0
UBIQ,UBIPHENE 100MG TABS,10'S,0
UB50,UBIPHENE 50MG TABS,10'S,0
UBIP,UBIPHENE N 100MG TABS,5'S,0
UBI,UBIPHENE TAB,1X10,0
UDM1,UDIMARIN FORTE SR TABS,10'S,0
UP12,UPGOLD CAPS,4'S,0
UPH,UPHOLD TABS,4'S,0
VS10,VESIACT TABS,10'S,0
QGUIQO,VILDAPHAGE M FORTE,1*15,0
IUGFEW,VILDAPHAGE M TAB,1*15,0
F403,FRANCH OIL,100ML,0
A133,AMICLINE PLUS TABS,10`S,0
ATH10,ATHEART 10MG TABS,10'S,0
B75,BENALGIS TABS,10'S,10
FDDHFK,BENALGIS FORTE CAP,1*15,0
B113,BRAKKE TABS,10`S,0
D083,DEXORANGE CAPS30'S,30'S,16
DEXPS,DEXORANGE PAEDIATRIC,60ML,0
D084,DEXORANGE SYRUP,200ML,23
D5742,DIAVIT PLUS CAPS,10'S,30
FIN,FINATE TABS,10'S,0
FIH,FINE HART TAB,10S,30
FOX40,FOXSTAT 40MG TABS,10'S,0
G041,GLIDE TABS,10`S,0
G303,GLIMET DS TABS,10'S,250
G272,GLIMET TABS,10'S,0
GPG250,GLYCIPHAGE 250MG TABS,10'S,50
G043,GLYCIPHAGE 850MG TABS,10'S,0
GLC1,GLYCIPHAGE G1 FORTE TABS,10'S,60
GLG1,GLYCIPHAGE G1 TABS,10'S,80
1GL12,GLYCIPHAGE G2 FORTE TABS,10'S,40
GLY2,GLYCIPHAGE G2 TABS,10'S,70
GLY65,GLYCIPHAGE LPG1 TABS,10'S,0
GLYC.,GLYCIPHAGE LPG2 TABS,10'S,0
GLP15,GLYCIPHAGE P15MG TABS,10'S,0
GLYP1,GLYCIPHAGE P7.5MG TABS,10'S,0
IO1,GLYCIPHAGE PG1 TABS,10X10'S,0
GLP2,GLYCIPHAGE PG2 TABS,10'S,0
GLYSR,GLYCIPHAGE SR 500MG TABS,10'S,950
GKHSGG,GLYCIPHAGE SR 850MG TAB,1*10,140
GL1G,GLYCIPHAGE SR1GM TAB,10S,150
G100,GLYCIPHAGE TABS,20'S,900
GGLV1,GLYCIPHAGE VG1 TAB,10'S,120
GLYVG2,GLYCIPHAGE VG2 TABS,10'S,110
GEJDID,GLYPTEN TAB,1*10,0
GOL11,GOLAX POWDER,75GM,0
GRO,GR8 OD CAP,1X10S,0
G299,GRILINCTUS BM P SYRUP,30ML,0
G046,GRILINCTUS BM SYRUP,100ML,34
G047,GRILINCTUS BM TABS,10`S,240
GRIDX,GRILINCTUS DX SYRUP,100ML,10
G048,GRILINCTUS PLAIN SYRUP,100ML,0
GRIL9,GRILINCUTS L SYRUP,100ML,0
H033,HEPASULFOL AA TABS,30'S,0
DFHLJH,IDOXINE OINT 10GM,1*10G,0
JRING1,J-RING 20MG TABS,10'S,0
JRIN1,J-RING M FORTE TABS,10'S,0
JRIN2,J-RING M TABS,10'S,0
LIP60,LIPOPHAGE 60GM CAPS,10'S,0
M080,MELANOCYL OINT,25GM,0
M081,MELANOCYL TABS,40`S,0
DJKFKB,MONADINE TAB,1*10,0
MN50,MONLEVO TABS,10'S,0
N353,NATVIE FORTE CAPS,10'S,0
N416,NATVIE PLUS CAPS,10'S,0
O045,OMILCAL FORTE TABS,15'S,0
O044,OMILCAL SYP,200ML,0
P12P,POZITIV 15MG TABS,10'S,0
POZ705,POZITIV 7.5MG TABS,10'S,0
PZT15,POZITIV G1 TABS,10'S,0
PI42,POZITIV G2 TABS,10'S,0
PREN1,PRENEUROLIN PLUS CAPS,10'S,0
R059,RELAXYL GEL,20GM,8
R060,RELAXYL OINT,30GM,0
R062,RELAXYL SR TABS,10`S,0
S1H1,SENSOFORM HK TOOTHPAST,50GM,0
SORB,SORBIDIOL 150MG TAB,10S,0
SOR2,SORBIDIOL 300MG TABS,10'S,0
S110,SORBILINE SYRUP BIG,200ML,11
S111,SORBILINE SYRUP SAMLL,100ML,5
S482,STIMULIV SYP BIG,200ML,6
S113,STIMULIV SYP SMALL,100ML,11
S114,STIMULIV TABS,60'S,0
DJFHNF,SURFAZ LOTION,1*15ML,0
SURFA,SURFAZ O TABS,1'S,0
S118,SURFAZ POWDER,30GM,0
S119,SURFAZ SN OINT,7GM,13
SURFEZ,SURFEZ ONT,15GM,0
TOPI15,TOPIFORT LOTION,15ML,0
VO02,VOLIPHAGE 0.2MG TABS,10'S,0
VOL03,VOLIPHAGE 0.3MG TABS,10'S,0
VOLI2,VOLIPHAGE M0.2MG TABS,10'S,0
VOL3G,VOLIPHAGE M0.3MG TABS,10'S,0
ASDBKG,AMINOVEN 10% 500ML,1*1,0
ASVMGN,AMINOVEN 10% INJ 100ML,1*100ML,0
ANDHLH,AMINOVEN 10%IV,1*500ML,0
DLHLHN,FRESUBIN DM POWDER,1*400G,0
DKLJFG,FRESUBIN HP POWDER 400G,1*400G,0
FRE21,FRESUBIN POWDER,400GM,0
HFHFHF,HINE DM POWDER 400GM,1*400GM,0
DFNLHJ,HINEX HP POWDER 400GM,1*400GM,0
FJDGFH,HINEX ST PLUS 400GM,1*400GM,0
HYDAB,HYDAB CAPS,10'S,40
LJDHFN,INTRALIPID 20% 100ML,1*100ML,0
KABI21,KABIMMUNE SACHETS,10GM,0
KAB21,KABIPRO POWDER,400GM,0
K032,KETOSTERIL TABS,"20,S",0
DFLHFN,PENTASURE DM POWDER 400GM 1*400G,,0
IODHFG,PENTASURE HP 1KG BANANA,1*1KG,0
PENHP1,PENTASURE HP POWDER,400GM,0
FRESU,QFRESUBIN DM POWDER,400GM,0
SNFJFG,SMOF KABIVEN PHERI,1*1,0
REN,RENCAP FE TAB,10S,0
ALAM,ALASPAN AM TAB,10S,0
A579,ALASPAN SYRUP,30ML,0
A288,ALASPAN TABS,10X10S,0
C171,CELESTONE TABS,10'S,0
D562,DIPGENTA CREAM,20GM,0
DIP.,DIPGENTA PLUS CREAM,20GM,0
DIPS,DIPLENE AF CREAM,20G,0
D180,DIPLENE CREAM,20GM,0
DISPA,DIPSALIC F OINT,30GM,1
DIPSA,DIPSALIC F OINT,20GM,9
E2L4,ELOCON CREAM,10GM,2
E058,ELOCON CREAM 30GM,30GM,0
E059,ELOCON LOTION,5ML,0
EL46,ELOCON OINT,10GM,2
E060,ELOCON OINT,5GM,0
LKWENL,ELOCON OINT 30GM,1*30G,0
E357,EMOLENE CREAM,100GM,0
G326,GARAMYCIN 80MG INJ,2ML,0
G147,GARAMYCIN 80MG VIAL,2ML,0
N072,NETROMYCIN 300MG INJ,3ML,0
P116,POLARMINE 2MG TABS,10'S,0
P115,POLARMINE EXP,60ML,0
P117,POLARMINE PAED SYP,60ML,0
PREG3,PREGALEO M CAPS,10'S,0
Q005,QUADRIDERM RF CREAM,5GM,11
Q003,QUADRIDERM (B) CREAM,10GM,5
S719,SHADE LOTION BIG,100ML,0
S1320,SHADE LOTION SMALL,50ML,0
T055,TINADERM LOTION,20ML,0
ADJFFF,AMPITRUST 750MG TAB,1*10,0
CTAS,CTASORIN M 50/500,10'S,30
FJKGKJ,D FEND TAB,1*20,0
SDKFGH,GLYNAMIC MV2 TAB,1*10,0
1SPEC,SPECIPIME 2.25 ING,1,0
QFHO2H,TELDAWN BETA 40/25,10*S,0
TENSIO,TENSORIN M TAB,10'S,0
KSAHKB,ZESTOVIT CAP,1*10,40
L281,LITTLES CLASSIC FEEDER,250ML,0
L279,LITTLES CLASSIC FEEDER,125ML,0
LINIP,LITTLES SIL NIPPLE,1'S,0
LITT,LITTLES SUPREME FEEDING,250ML,0
GFKGJH,3M ECG ELECTODES,1*1,0
A434,ATROPINE EYE OINT (PIL),3GM,0
A841,ATROPINE INJ (HARSON),1ML,0
A001,AXE PHOENIX SPRAY,150ML,0
B636,BED PAN STEEL,1'S,0
BOLAN,BOLAN 4MG,10;S,10
B448,BORIC POWDER,50GM,0
C1152,CERVICAL COLLAR,1'S,0
COLLAS,COLLASMART A CAPS,1*10S,0
C496,COLOSTOMY BAG,1'S,0
E2058,EKLOT 250MG TABS,10'S,0
E2059,EKLOT 500MG TABS,10'S,0
F617,FIGARO OLIVE OIL,100ML,0
H430,HAIR DYE,,0
H264,HANSAPLAST BANDAID,1*100,0
H417,HEIGHT GROW CAPS,10`S,0
K129,KNEE CAP LARGE,2'S,0
K151,KNEE CAP SMALL,2'S,0
K200,KNEE CAP SUPER X-LARGE,1'S,0
KFWRIT,LOCERYL NAIL LACQR 2.5ML,1*2.5ML,0
H2003,M VITIES BISCUITS,100GMS,0
MOOV,MOOV CREAM,30GR,3
M856,MYOCRISIN 20MG INJ,0.5ML,0
N203,NEEM GARURD F/W,60ML,0
JKFJGK,NIZOKET 2%CREAM,1*20GM,0
O551,OMU WATER,200ML,0
QUG9DQ,PELLIWASH SHAMPOO,100ML,0
P740,PEP POWDER,,0
P1320,POLLUTION MASK,1'S,0
P226,POTASSIUM PERMAGNATE,8GM,0
S1180,SAIBOL OINT,15GM,30
S1171,SAPAT LOTION,15ML,0
SEP.,SEPMAX DS TABS,10'S,0
S905,STERILE WATER,1*10ML,0
T261,TESS TUBE 5GM,5GM,0
T429,THERMOMETER B (SMIC),,0
W79,WHITFIELD OINT,25GM,0
QWUGQ2,BILUMA ADVANCE FACEWASH,100ML,0
B420,BOROLINE CREAM,21GM,0
DOC,DOCOFER D3 TAB,1*10,0
FLT,FLOXIN TAB,10,0
LIFHDF,LIFEBROX 100ML SYP,1*100ML,0
I4TGE,REMO 100MG TAB,1*15,0
SPI5L1,SPIRIT 5LITERS,5LT,0
VJGDH,CETAPHIL BABY G/W SHAMPOO 1*230ML,,0
A4725,ADAFERIN GEL OINT,15GM,0
ARC,ARCOLANE LOTION,1'S,0
B108,BENZAC AC 2.5% GEL OINT,30GM,0
B109,BENZAC AC 5% GEL OINT,15GM,1
BILU3,BILUMA CREAM,15GM,1
TTTTT,CETAHIL BHR TONER 150ML,1,0
CE4TIO,CETAPHIL BABY DIALTY,1*400ML,0
CETDHD,CETAPHIL BABY DIPER CREAM 70GM,,0
CETHSD,CETAPHIL BABY GENTLE WASH 230ML,,0
CETBMO,CETAPHIL BABY MASSAGE OIL 100ML,,0
EKLJFH,CETAPHIL BABY MILD SOAP,1*75G,4
CET,CETAPHIL BABY SHAMPOO,200ML,0
CETSHF,CETAPHIL BHR 100GM,1*100GM,0
CBHR,CETAPHIL BHR TONER 150ML,1,0
CEFHDF,CETAPHIL BRIGHT NIGHT,1*50GM,0
ASGKKH,CETAPHIL CLEANSING 500ML,1*500ML,0
C1304,CETAPHIL CLEANSING LOTION 125ML,,1
KFHHHH,CETAPHIL CLEANSING LOTION 1*250ML,,0
CETT1,CETAPHIL DAM 30GM CREAM,50GM,1
CET11,CETAPHIL DAM CREAM,100GM,0
CETRHD,CETAPHIL GENTEL CLEANSER,500ML,1
OIQWFG,CETAPHIL GENTLE FOAMING,236ML,0
CITL,CETAPHIL LOTION,60ML,0
CETAM1,CETAPHIL MOIST CREAM,80GM,1
ASJFFV,CETAPHIL MOIST CREAM,1*1,0
CETM,CETAPHIL MOIST LOTION,1X100ML,1
CE13P,CETAPHIL OIL SKIN CREAM,100GM,0
CETAP,CETAPHIL OS 125ML LOTIN,125ML,1
REHJWE,CETAPHIL REST BODY WASH,295ML,0
"CETA,",CETAPHIL REST MOS LOTION,295ML,0
CETA11,CETAPHIL SOAP,75GM,0
JFHJHC,CETAPHIL SUN KID SPF30,1*100ML,0
CEFGHJ,CETAPHIL SUN KID SPF50,1*150ML,0
C1E11,CETAPHIL UVA LOTION,50ML,0
CL010,CLINDAC A LOTION,25ML,0
ASCHKK,CLINDAC A MIST SPRAY,1*1,0
D5666,DESOWEN CREAM 0.5%,10GM,0
D664,DESOWEN LOTION,30ML,0
EF,1 EFFICORT OINT,10GM,0
DHKFGK,EPIDUO FORTE GEL 30GM,1*30G,0
EP32,EPIDUO GEL,15GM,1
GKGJSD,EPIDUO GEL 30GM,1*30G,0
GLOC1,GLOCAN CREAM,20GM,0
KERAB1,KERABOOST TABS,10'S,30
KEV11,KEVON LOTION,60ML,0
LOC11,LOCERYL 0.25% CREAM,10GM,0
1LO1,LOCERYL LIQUID,1,0
MOIZ1,MOIZ LMF48 LOTION,75ML,0
MOIZ,MOIZ SOAP,75GM,0
P630,PERLICE LOTION,60GM,0
OILBM5,QILIB MEN 5% LOTION,60ML,0
QILI2,QILIB MEN TOPICAL LOTION,80ML,0
QIW,QILIB WOMEN LOTION,,0
SA44,SOAPEX BAR,75GM,0
TACA1,TACALSIS OINT,20GM,0
TRIL9,TRILUMA OINT,15GM,0
MEBAC,MEBAWIN C TAB,10'S,0
YGHH,LORZEPAM INJ,1*2ML,0
A592,AMULYA POWDER,200GM,0
AND,ANDRIOL TESTOCAPS,3*10'S,0
ASJKCJ,ASCODEX DX SYP 100ML,1*100ML,0
001,ATROTAS AMP,1ML,0
B317,BENEDICTS SOLUTION,100ML,0
B415,BORIC POWDER,380GM,4
B414,BORIC POWDER,100GM,9
CBABCD,CAMPICILLIN 500 CAP,1*10,0
KDGGFG,CHANDRIKA SOAP 75GM,1*75GM,0
C273,COMPLAN CHOC REFIL,500GM,0
DASLHD,DOVE SOAP 75GM,1*75GM,0
ECIONF,ECOLD SR CAP,1*10,0
E303,EUCALYPTUS OIL,1'S,0
FOURJH,FOURDERM 20GM OINT,1*20G,2
GENTF9,GENFERTILE M CAPS,10'S,0
GER11,GERCEK S TABS,10'S,0
G202,GLYCERIN,50GM,0
G200,GLYCERIN BIG,400GM,0
G199,GLYCERIN MEDIUM,200GM,0
GLYC,GLYCEROL ORAL,400ML,0
H014,HYDROGEN PEROXIDE BIG,400ML,5
H219,HYDROGEN PEROXIDE SMALL,100ML,0
IEFJNF,INDIPER SOAP 75GM,1*75G,0
HGLJHL,JOHNSON BABY OIL 100ML,1*1,0
L,SE L-SEIZ 500MG,10,0
NFJKBK,LEVOZET M TAB,1*10,0
L122,LINK OINT,25GM,0
LIQUI,LIQUID PARAFIN 5LTS,1,0
LOH,LODHRA SYP,300ML,0
JFGSRJ,MAGNISIUM SULPHATE,1*20GM,0
M475,MIGHTY GOLD CAPS,10'S,0
KGHKGH,MY DR PAIN RELIEF OINT,1*15GM,0
NEOM,NEOMYCIN CREAM,10GM,0
CJLGNN,NFLOX B TAB,1*10,0
KFHLHL,NO KAS 100ML,1*100ML,0
FEHUHF,ORAFAST TAB,1*10,160
G192,ORAL GLYCEROL,100ML,0
O181,ORAL GLYCEROL,200ML,0
P409,POTASSIUM CHLORIDE AMP,10`ML,0
RNL3,RENVELA 800MG TABS,30'S,0
RES,RESPIROMETER,1,0
R331,RHUMASYL OIL,50ML,0
RRRR,RHUMASYL OIL 100ML,100ML,0
R334,RHUMASYL OINT.,25GM,0
ROZY,ROZYCAL CAP,10'S,20
RUJNNK,RUMATAS OIL 60ML,1*60ML,0
SURSP,SPIRIT,400ML,0
S563,SUGAR FREE TABS,100`S,2
S696,SURGICAL BLADE 11G,1'S,25
S716,SURGICAL BLADE 15G,1'S,25
S1121,SURGICAL BLADE 21G,1'S,0
S660,SURGICAL BLADE 22G,1'S,25
T398,TINC IODINE,7ML,0
DCGIOU,VOLICAD OINT,30GM,0
JFURFF,VOMINIL MD TAB,1*10,0
WHI2,WHITFIELD'S OINT BIG,20GM,0
WHI1,WHITFIELD'S OINT SMALL,10GM,0
HFKBFF,ZINK VIT SYP,1*200ML,0
VITA,A&D CAPS,10'S,0
ACL1,ACELORAN PLUS TABS,10'S,0
A600,AMULYA POWDER,500GMS,0
CHLO,APPLICAPS CHLOR LOOSE,100'S,0
CHLOR,APPLICAPS CHLOR STRIP,10'S,0
A121,BREAST PUMP,1'S,0
B455,BRYLCREEM PROTEIN CREAM,75GM,0
EAR,BUDS BIG PACK 23/-,1,0
GKBKKH,CELLO BOTTLE,1*1,0
CGHJDG,CHICCO BUDS ALL,1*60,0
COFZ,COFOL Z CAPS,15,0
COFVYN,COFVYN TAB,15'S,0
UHG,CORN CAPS,1*1,20
C747,CORN PLAST,4`S,0
CJKJGC,COSMOTICS ITEMS,1*1,0
DADJGK,DABUR GULABARI 59ML,1*59ML,0
EJFBHJ,DETTOL LIQUID 5 LTR,1*5LTR,0
DEJGKH,DETTOL LOTION 331.41,1*1LT,0
D1659,DEXAMETHASONE TABS,10'S,0
DSIAPF,DISPO BEDSHEETS,1,0
564,DORA 2ML,2ML,205
DORA,DORA 3ML SYRINGE,1'S,2789
KDHGFK,DOUBLEMINT PEPPARMIN,1*1,0
EF,EASYFIX PLASTER,1'S,481
E526,EQUIO TABS,10'S,0
DKJFHJ,EUCALYPTIUS OIL 75ML,1*75ML,0
B128,FEEDER BRUSH,1'S,0
FLORKD,FEEDING BOTTLE (FLORITE),1,0
KGFKGH,FRIENDS UNDERPADS,1*10,0
GAU3,GAUGE 3/-,1'S,0
G6,GAUGE 6/-,1'S,50
GAU5,GAUGE 7.5CM,1'S,0
GAUZE,GAUZE 90CM BIG,1'S,0
GLO6,GLOVES 6 DISPOS,1'S,0
GLO6.5,GLOVES 6.5 SENSITOUCH,1PAIR,0
GLUCON,GLUCON D 1KG PLAIN,200GM,0
GLUL2,GLUCON D 1KG PLAIN REFIL,400GM,0
G190,GLUCON D ORANGE,500GM,0
GLUCO9,GLUCON D ORANGE 1KG,1KG,0
G203,GLUCON D ORANGE 200G,200GM,0
G321,GLUCON D ORANGE 500G JAR,500GM,0
FHHHDF,GUBB COTTON BALLS 50S,1*1,0
LDJFKF,GUBB COTTON BUDS 100S,1*1,0
GKKHHG,GUBB SAFETY SCISSOR,1*1,0
JFKGKH,GUBB SILICONE EAR PLUGS,1*1,0
FGGGFF,GUBB TRAVEL BOTTLE WITH,1*100ML,0
HFHHHG,GUBB TUNG CLEANER COPPER,1*1,0
KSDGKG,HEAD&SHOULDER SHAMPPO,1*72ML,0
JKFGGJ,HELLO BABY BABY KIT,1*1,0
HEFHLH,HELLO BABY CHEEPAL,1*1,0
FHLGHL,HELLO BABY MINI FEEDER,1*1,0
HKLHFF,HELLO BABY MITTEN SET,1*1,0
HEJKHE,HELLO BABY MOM MUM PACK,1*1,0
DKLJFH,HELLO BABY PILLOW MATS,1*1,0
DFFJHG,HELLO BABY RING RATTLE,1*1,0
JFGKFF,HELLO BABY SMILE PACK,1*1,0
JGFKGK,HELLO BABY TOY BUDDY,1*1,0
JKHLHH,HELLO BABY TOY SET BIG,1*1,0
HFKGHK,HELLO BABY TOY TEDDY,1*1,0
JKFGKG,HELLO BABY WATER SOOTHER,1*1,0
DJFKHL,HIM WATER BOTTLE,1*1,0
KL;FHL,HORLICKS DIABITES PLUS,1*400G,0
HOL,HORLICKS LITE JAR 500GM,,0
H091,HORLICKS LITE REFIL 450GM 500GMS,,0
K117,KAYAMCHURNA,100GM,0
JFHLHH,KINLEY WATER BOTTLE 500ML 1*500ML',,0
K268,KNEE CAP EXTRA LARGE,2'S,0
L343,LACTO CALAMINE 120ML,10ML,0
L305,LACTO CALAMINE 30ML,,0
L342,LACTO CALAMINE 60ML,60ML,0
DKGFKG,LAYS,1*1,0
FHHDFH,LUVLAP BABY COM BRUSH,1*1,0
JDGKGF,LUVLAP NAIL CUTTER,1*1,0
GDGKFK,LUVLAP TUNG CLEANER,1*1,0
MADHU,MADHU RIHA,175GM,0
M763,MAGNESIUM SULFATE 25% AMP 2ML,,0
MAXPOR,MAX PROTEIN CHOCLATE,1*1,0
SDDMFH,MEE MEE NAIL CUTTER,1*1,0
JBKLJG,MILKYBAR CHOCLATE,1*1,0
ML,MORTEIN 60NIGHTS,1,0
TISSUE,NAMPKINS,1*1,0
N1531,NYCIL CLASSIC EXLPF,150GM,0
N167,NYCIL CLASSIC POWDER,150GM,0
NYCL,NYCIL COOL HERBAL,1*60G,0
KFHGKG,OATS QUAKER,1*1,0
O11,ORBIT CHOWING GUM,1*1,0
DFLIHL,ORS L SUGAR FREE,1*1,0
PAM,PAM AMP,20ML,0
IHOHHH,PAMPERS PREMIUM,1*1,0
PNK,PANKAJAKASTHURI GRANUL3ES 1X200ML,,0
PANTIN,PANTIN IV,1;S,582
IOHHHS,PANTINE SHAMPOO,1*200ML,0
PAPER,"PAPER PLASTER 1""",1'S,0
PAPPLA,"PAPER PLASTER 1/2""",1'S,0
LJFHLH,PATANJALI HONEY 100GM,1*100GM,0
DGHFKG,PATANJALI HONEY 250GM,1*250GM,0
FHGKJL,PATANJALI HONEY 500GM,,0
OPHSDH,PHILIPS AVENT BOTTLE,1*1,0
LDHFLH,PHILIPS AVENT BREAST PUMP 1*1,,0
R-DA,RELAXYL DA THERMOGEL,30GM,0
DFKGFG,SANTOOR HAND WASH 200ML,1*200ML,0
SBFBGF,SANTOOR HAND WASH 750ML,1*750ML,0
TEDHFH,SENSODYNE GUM PASTE,1*70GM,0
SIPD,SIPDERM OINT SMALL,5GM,0
DHGFKG,SNICKERS CHOCLATE,1*1,0
S427,SODIUM BI CARB AMP,10ML,0
S1296,SUGAR FREE GOLD POWDER,100GM,6
S249,SUPER VASMOL 33,100ML,0
H345,SURGIPADS,10*10,50
SURHC,SURGIPADS,7.5*5,20
H181,SURGIPADS,14*8,0
SDJKGH,TEDDY WIPES,1*1,0
T440,TIGER BALM SMALL,8GM,0
TR12,"TRANSPORE 1/2""",1'S,0
WAT,WATER 10ML PLASTIC,1'S,160
KJJKFK,ZANDU NITYAM TAB,1*1,0
ZDCGHJ,ZANDU PANCHARISHTA,1*450ML,0
CVJFJC,ZANDU VIGOREX GOLD TAB,1*10,0
Z170,ZINDA TILISMATH,1`S,0
LKHFLH,ADBAK CAP,1*10,0
ADLHJH,AMOXYCLAV SAFE SYP 30ML,1*30ML,0
FHFFFG,ASCODEX PLUS SYP 100ML,1*100ML,10
DKJGFB,AXEGLIPTIN 20MG TAB,1*10,0
FHHGHH,BETNEVIN 1ML AMP,1*1,0
BIGHKH,BIG FUN CONDOM,1*1,0
JKHGHH,BIG FUN CONDOMS 3S,1*1,0
KJKHFJ,BREATHSKY CAP,1*10,0
XHVJHV,CALCIGEN 500MG TAB,1*15,0
JKFGHJ,CALCIGEN D3 CAP,1*4,0
CALCJH,CALCIQUICK 500MG TAB,1*15,0
CALC60,CALCIQUICK D3 60K CAPS,4'S,0
CALCI1,CALCIQUICK D3 SACHETS,1GM,0
DKFHOH,CALNIF RETARD TAB,1*10,0
KJAFGK,CEFIX O TAB,1*10,0
CJKBCB,CEFLOX CF CRFEAM,1*15GM,0
CERESK,CEFROTUX 500MG TAB,1*10,0
CEP250,CEPHADEX 500MG CAPS,10'S,0
CEPOCE,CEPOCEF 100MG TAB,1*10,0
SRAJBG,CEPOCEF 200MG TAB,1*10,0
CH11,CHESTON COLD TABS,10'S,0
CHYMOK,CHYMOKEM FORTETAB,20'S,0
JGFGHF,CLINDANOL 300MG CAP,1*10,0
CKLJHS,COBAFAST FORTE TAB,1*10,0
DJSGKJ,ERICH CAP,21069099,0
GHKJFS,FLUSID B CREAM,1*10GM,0
HFLHHF,FREELAC SYP 200ML,1*200ML,0
FGDJKG,GENTARIK D DROPS,1*10ML,0
DJKGKB,GENTARIK D EYE DROPS,1*10ML,0
FJFLLN,GLIMED MF1 1000 SR TAB,1*10,0
JHGKHG,GLIMED MF2 SR 1000MG TAB,1*10,0
DFLJHH,GLIMP M2 SR TAB,1*10,0
JDFJKH,HUNGREE SYP 200ML,1*200ML,0
KLJASG,LACTIBAC DS TAB,1*15,0
SJFLHL,LACTOCIP DS TAB,1*15,0
FGKGKH,LUPICEF O TAB,1*10,0
HFHGKG,METRON 400MG TAB,1*15,0
SHIDGK,NASELIN DROPS,1*10ML,0
KAJHFK,NASELIN SPRAY,1*10ML,0
DFDHFH,NUTRICEE TAB,1*15,0
SDGFKK,PAZOM 40MG TAB,1*10,0
DIFKBF,PIROX DT TAB,1*10,0
JBNDFK,PIROX GEL 3,1*1,0
HHHJJH,PODOXZTIL 200MG TAB,1*10,0
DFLKHJ,POVIROS O OUINT,1*1,0
KLJHHF,RABOLUP DSR CAP,1*10,0
KJFHKG,RESOURCE HIGH PROTEIN,1*200G,0
HHFFFF,RIBOLYN TAB,1*10,0
JHFJHH,SILIDON TAB,1*10,0
KFFFGD,T MUCE OINT 5GM,1*5GM,0
JFUQ,TELCONOL-H TAB,10*S,0
ELHLJH,TELKONOL 20MG TAB,1*10,0
F1UEDY,TELKONOL 40MG,10*S,0
FHJHDH,TELKONOL H TAB,1*10,0
HHHHFG,TENEPLA M 500MG TAB,1*10,0
DFJHKJ,TENEPLA TAB,1*10,0
VICKS,VICKS COUGHDROPS MENTHOL,20'S,0
HGGGDL,VOGLIBOZ GM1 TAB,1*10,0
DHGFJK,ZINKOVIT SYP,1*200ML,0
DJKFGH,ZOBRA EYE OINT 5GM,1*5GM,0
ZGJJHJ,ZOSTER 800M TAB,1*10,0
AMF2.5,AMLOSAFE 2.5,15'S,0
AMLSF5,AMLOSAFE 5,1*15,0
A516,AMLOSAFE AT TABS,10'S,0
AMTM40,AMLOSAFE TM 40,1*10,20
B384,BIGOMET 500MG TABS,10'S,0
BIGSR1,BIGOMET SR 1000MG TAB,10'S,0
BIGSR5,BIGOMET SR 500 TABS,10'S,0
C1015,CROMOPLEX FORTE CAPS,10'S,0
FGFGKG,GALCYTOVIR 500MG INJ,1*1,0
I281,IMAX XT CAPS,10'S,0
I280,IMAX XT SYRUP,150ML,0
MGN,MEGANEURON AMP,1ML,0
MEGANE,MEGANEURON CAPS,10'S,0
M614,METAGLEZ FORTE TABS,10'S,0
M542,METAGLEZ TABS,10'S,0
O266,OSTEBON SYP,200ML,0
ZINJKJ,ZINKENVIT TAB,1*15,0
GCFTDY,AIRZ FB R/C,1*1,0
CF44,C-FURO 250MG TABS,10'S,0
COGN2,COGNITIN CAPS,10'S,0
COG11,COGNIX TABS,10'S,0
GENX10,GENXVAST 10MG TABS,10'S,0
GN21',GENXVAST F TABS,10'S,0
LAMIS,LAMISTAR 30MG TABS,10'S,0
LAZ11,LAZ AX500 TABS,3'S,0
LZ22,LAZINE M TABS,10'S,0
M796,MOISTE CREAM,50GM,9
N1631,NEVILAST 30MG TABS,10'S,0
N1632,NEVILAST 40MG TABS,10'S,0
PANT20,PANTIN 20MG TABS,10'S,0
P674,PANTIN 40MG TABS,10'S,0
PE250,PENVIR 250MG TAB,"6,S",0
PD22,PENVIR 500MG TABS,3'S,0
RAZ,RABEZ D CAP,1X10S,0
TR42,TRUSTIVA TABS,30'S,0
ZIDON,ZIDOLAM N TABS,10'S,0
Z358,ZIDOLAM TABS,10'S,0
ACE01,ACCEMOL TABS,10'S,0
BRT,BRUPAL TAB,10S,0
C055,CYPON CAPS,10'S,0
C056,CYPON DROPS,15ML,2
C057,CYPON SYRUP,200ML,7
FLUNER,FLUNER 10MG TABS,10'S,0
FUSIEN,FUSIGEN OINT,10GMS,0
FU77,FUSIGEN SPRAY,20GM,15
GE14,GENCITROL K2 TABS,10'S,0
S656,GLOVES 7.5 DISPOS,1PAIR,0
M020,MYOLAXIN D OINT,15GM,12
M021,MYOLAXIN OINT,15GM,9
R023,RESPIRA D SYRUP,100ML,0
R024,RESPIRA SYRUP,100ML,0
S510,SPIRIT,100ML,3
TRCO,TRICOBAL CAPS,10X1,0
TRO,TRICOBAL OD CAPS,1X10S,0
V286,VERTIDOM TABS,10`S,0
V009,VERTIGON 25MG TABS,10'S,40
V010,VERTIGON FORTE 75MG TABS,10'S,0
BET80,BETAGRAIN 80 TR TABS,10'S,0
BERT1,BETAGRAIN TR 40MG TABS,10'S,0
CASD3,CALSHOT D3 CAPS,1'0S,0
CL111,CLOCALM 0.5MG TABS,10'S,0
CCL41,CLOCALM PLUS TABS,10'S,0
COP11,CLOPIPIL 75MG TABS,10'S,0
CLP11,CLOPIZIDE A75 CAPS,10'S,0
ESL6,ESLOPAM 10MG TABS,10'S,0
ESL20,ESLOPAM 20MG TABS,10'S,0
ESL55,ESLOPAM 5MG TABS,10'S,0
ESP11,ESLOPAM PLUS TABS,10'S,30
LYS21,LYCOSAI CAPS,10'S,0
NEDNT1,NERVDUCE NT TABS,10'S,0
NU120,NUBRAIN 1200MG TABS,10'S,0
NU800,NUBRAIN 800MG TABS,10'S,0
ULCDR9,ULCIPIL DSR CAPS,10'S,0
VII1N,VITMINPIL CAPS,15'S,15
A140,ANACIN TABS,"10""S",0
A232,ANNE FRENCH FLORAL,40ML,0
A231,ANNE FRENCH LEMON,40ML,0
A570,ANNE FRENCH LOTION,45ML,0
A234,ANNE FRENCH ROSE,40ML,0
A233,ANNE FRENCH SANDAL,40ML,0
M092,MEDI-TAPE 300,1'S,0
AMO125,AMOXIL 125MG TABS,10'S,0
A213,ASA 50MG TABS,14'S,0
CE2,CEEFIX(CEFEXIME)200 TAB,10X10S,0
CUTI9,CUTICELL C PADS,1,0
DEPH,DERIPHYLLIN 100ML SYP,100ML,0
DYGDDD,DYDROGEST 10MG TAB,1*10,20
ENNDP,ENDOXAN N 200MG VIAL,1'S,0
ENND,ENDOXAN N 500MG VIAL,500MG,0
DLJFHF,FORGLYN INHALER,1*1,0
FORG9,FORGLYN ROTACAPS,30'S,0
FORM1,FORMONIDE 100 RESIPCAPS,30'S,0
GER,GERBISA SUPPOSITORIES,5'S,5
GERM1,GERMAX 500MG CAPS,10'S,0
SDJFHJ,GLYNIUM RESPICAPS,1*1,0
H2020,HAPPI 10MG TAB,10'S,0
H2021,HAPPI 20MG TAB,15,250
NAT200,NATUROGEST 200MG CAPS.,10'S,0
P523,PROGYNOVA 2MG TABS,28'S,1
RADSR,RABASTOL DSR CAPS,10'S,0
VIG11,VIGORAM SPRAY,10ML,0
AMB21,AERODIL LP SYRUP,100ML,0
AR110,AERODIL SYRUP,100ML,0
A,M AEROMASK,1,0
AIR11,AIRTEC FB200 R/C,30'S,2
ALF,ALFATAM D TABS,10'S,0
A533,ALUPENT TABS,10`S,0
A210,AMOXIL 250 CAPS,6'S,0
A211,AMOXIL 500 CAPS,10'S,0
ARZS,ARZEP NASAL SPRAY,10ML,0
BIL11,BILOVAS PLUS TABS,10'S,0
BIOT9,BILOVAS TOTAL TABS,10'S,0
BUS1,BUSCOGAST AMP,2ML,40
BPP,BUSCOGAST PLUS TABS,10S,0
B170,BUSCOPAN TABS,10'S,0
C679,CATAPRES 150MG TABS,10'S,0
DFKJHK,COMBIMIST L RESPULES,1*1,0
CM17,COMBINASE AQ NASAL SPRAY,70MD,0
COMBFT,COMBINASE FT NASAL SPRAY,9.8GM,0
C227,COMPLAMINA AMPS,2ML,0
C229,COMPLAMINA RETARD TABS,10'S,0
C228,COMPLAMINA TABS,10'S,100
DET1,DEPOTEX 16MG TAB,10S,0
DE11,DERINIDE AQ NASAL SPRAY,64MD,0
DERIP,DERIPHYLIN BM SYRUP,100ML,0
D152,DERIPHYLLIN AMP,2`ML,740
D151,DERIPHYLLIN M TABS,10'S,0
DERI,DERIPHYLLIN OD 300 TABS,10'S,0
D154,DERIPHYLLIN RTD150 TABS,30'S,1090
D153,DERIPHYLLIN RTD300 TABS,1*30,30
D155,DERIPHYLLIN SYRUP,100ML,0
DERIPH,DERIPHYLLIN TAB,1*30'S,1650
D5842,DIANE 35 TABS,21'S,0
DOXT,DOXOLIN 400MG TABS,30'S,60
D179,DULCOFLEX SUPPO ADULTS,5'S,17
D605,DULCOFLEX SUPPO PEAD,5'S,30
D150,DULCOFLEX TABS,15S,1455
D156,DUOLUTON L TABS,21'S,2
E297,ENDOXAN ASTA 200MG VIAL,1'S,0
E276,ENDOXAN ASTA 50 TABS,10`S,0
F1L2,FLUTICONE FT NASAL SPRAY,1*6.OGM,0
FDVHBH,FLUTICONE OX NASAL SPRAY,1*1,0
FOLSSG,FOLSAFE D TAB,1*10,0
FOLL1,FOLSAFE L CAPS,10'S,0
FL,2 FOLSAFE+ CAPS,10'S,0
FOR100,FORAIR 100 RESPICAPS,30'S,0
FORAIR,FORAIR 250 INHALER,MDI,0
FOR250,FORAIR 250 RESPICAPS,30'S,0
FO25,FORAIR 250 ROTACAPS,1X30S,0
FOR500,FORAIR 500 RESPICAPS,30'S,0
FO325,FORENZA 325MG TABS,10'S,0
FLIHLH,FORGLYN PLUS INHALER,1*1,0
HFLHLF,FORGLYN PLUS ROTOCAPS,1*30,4
FOR05,FORMONIDE 0.5MG RESPULES,2ML,0
FOR2,FORMONIDE 200 INHALER,1'S,0
FT20,FORMONIDE 200 NOV,1'S,0
FORMO,FORMONIDE 400 INHALER,1'S,0
FOR5,FORMONIDE 400 NOV,1'S,0
FOR4,FORMONIDE 400 RESIPCAPS,30'S,0
FORM3,FORMONIDE FORTE R/C,30'S,1
FRK2,FORMOSONE 250(30'S),30'S,0
ADJKLF,FORMOSONE FORTE R/C,1*30,0
FOR11,FORMOST 200MG ROTACAPS,030'S,0
FOR32,FORMOST 400 REDICAPS,30'S,0
GN14,GENEW PLUS TABS,10'S,0
GER13,GERBISA SUPPOSITTE,5,30
GLX,GLOBAC XT TAB,15S,0
GR111,GRILUTO CR TABS,10'S,0
GYA11,GYARGIN SACHET,10GM,0
HAPP,HAPPI D CAP,1*15'S,0
HAPL1,HAPPI L CAPS,10'S,0
HAC,HAPPICID 120ML SYRUP,120ML,0
B169,HYOCIMAX AMP,1ML,0
HYMF1,HYOCIMAX MF TABS,10'S,50
HYOC.,HYOCIMAX PLUS TABS,10'S,0
HYCR1,HYOCIMAX S CR TABS,10'S,0
HYO11,HYOCIMAX S TABS,010'S,40
J011,JONAC GEL,30GM,1
J009,JONAC PLUS TABS,10'S,0
J008,JONAC TABS,10'S,30
J010,JONAC{DICLOFENAC} AMP,3ML,3164
MET,METATOP NASAL SPRAY,12ML,0
MILI2,MILIANA TABS,21'S,0
MUCOE1,MUCOTAB ET TABS,10'S,0
MUC11,MUCOTAB PLUS TABS,10'S,0
MUCO1,MUCOTAB TABS,10'S,0
NAT100,NATUROGEST 100MG CAPS,10'S,0
NAU,NATUROGEST 200MG AMP,4ML,0
NATU2,NATUROGEST 8% GEL,1.35GR,0
JYU,NATUROGEST SR 300MG CAPS,"10,S",0
NA200,NATUROGEST SR200 TABS,10'S,0
N123,NEUROTRAT LM CAPS,10'S,0
FGDGGG,ODIMONT AL TAB,1*10,0
ODF1,ODIMONT FX TABS,10'S,0
ODN1,ODIMONT LC KID TABS,10'S,0
OD44,ODIMONT LC TABS,15'S,0
OXY21,OXYSPRAY NASAL SPRAY,120GM,0
PNZ11,PANZYNORM HS TABS,10'S,0
P214,PANZYNORM N TABS,10'S,0
P212,PERSANTIN 100MG TABS,10'S,0
P211,PERSANTIN 25MG TABS,10'S,0
PIR11,PIRFETAB 200MG TABS,10'S,0
P215,PRIMOLUT N TABS,10'S,190
P643,PROGYNOVA 1MG TABS,28'S,0
P216,PROLUTON DEPOT 250MG AMP,1ML,3
P217,PROLUTON DEPOT 500MG AMP,2ML,4
PP,PROTIMED POWDER CHOCOLATE 200GM,,0
P218,PROVIRONUM TABS,10'S,0
PUL32,PULMOFIT POWDER,200GM,0
RESP,RESPIHALER,1'S,0
SAMM1,SMARTI M TABS,10'S,0
SAMT,SMARTI TABS,10'S,0
SUC,SUCRACE O SYRUP,1,1
T118,TESTO-DEPOT 250 MG,,0
T119,TESTOVIRON DEPOT 100MG,1*1ML,0
TES1,TESTOVIRON DEPOT 250MG,1*1ML,0
T420,THROMBOPHOB GEL,20GM,0
T117,THROMBOPHOB OINT,20GM,13
T1M2,TIOMIST NOVACORT,100MD,0
T120,TRIQUILAR TABS,21'S,1
ULT21,ULTITAR CS LOTION,100ML,0
UL111,ULTITAR CS OINT,30GM,0
124,URSODIL SR 500 TABS,10S,0
URS14,URSODIL TABS,10'S,0
XYL1,XYLOMIST 0.1% NASAL SPRAY 1*10ML,,1
XYP,XYLOMIST-P NASAL SPRAY,1*10ML,0
ZYH20,ZYHCG 2K INJ,2000IU,0
ZY,ZYHMG 150HP IU,1,0
O196,ORAL B INTERDENTAL SET,1'S,0
O194,ORAL B KIDS BRUSH,1'S,0
O192,ORAL B PLUS BRUSH,1'S,0
DETEUK,DETTOL LOTION MRP 195,550ML,0
SFRIEN,FRIENDS ADULT PANTS (M),,0
FSDVC,PAMPERS WIPES,1,0
HTYE4,GLADVERT TAB,1*15,0
JDBHFF,HOMISURE TAB,1*10,0
DHFGFG,PIRINEU P TAB,1*10,0
DJFBKB,PIRINEU TAB,1*10,0
C1573,CUTENOX 0.6ML/60MG AMP,0.6ML,0
GLA,K GLANIKINASE INJ,1,0
GL1T1,GLUTAMAC SACHET,15GM1,0
1HPA,HEP 25 AMP,1'S,0
HPA,HEP 5 AMP,1S,0
FGJHGH,MYOGLAD TAB,10,0
CALPOL,CALPOL 250MG SYP,60ML,0
E308,EFADERM CREAM,60GM,0
I026,IONAX T SCALP LOTION,60ML,0
S498,SEBIFIN 250MG TABS,15'S,0
S497,SEBIFIN CREAM 1%,10GM,0
T051,TECZINE SYP,60ML,0
AUGD1,AUGMENTIN DDS SYRUP,30ML,2
HDGF,BANOCIDE TAB,1*20,0
CR14,CARZEC 6.25 TABS,10'S,0
ELTN,ELTROXIN 25MCG TABS,60'S,5
LHLHGG,PHYSIOGEL CR AI LOTION,1*100ML,0
R1O5,ROSUTEC 5MG TABS,10'S,0
TKHAFB,T BACT 15GM OIUNT,1*15GM,8
AR13,ARIXTRA 2.5 INJ,05ML,0
WD2RBA,BANOCIDE FORTE TABS,30'S,0
CALT1,CALPOL T TABS,15'S,0
ELOG,ELOGEN TAB,21'S,0
E460,ELTROXIN 50MCG TABS,100'S,8
OLV20,OLVANCE H40 TABS,10'S,0
PART,PARIT TAB,10'S,0
QEF,SENSTIVITYGUM,1*70GM,0
JFDHKJ,SUPACEF 250MG AMP,1*1,0
SYNF11,SYNFLORIX VACCINE,0.5ML,0
VOZET,VOZET TAB,10S,0
A186,ALPHA D3 0.25MG CAPS,10'S,0
AL,ALPHA D3 0.5 CAPS,10',0
A394,AUGMENTIN 1.2GM VIAL,VIAL,0
A654,AUGMENTIN 300MG VIAL,VIAL,0
A391,AUGMENTIN 375MG TABS,10'S,0
A393,AUGMENTIN 600MG VIAL,VIAL,0
A390,AUGMENTIN DUO 625MG TABS,10'S,180
A775,AUGMENTIN DUO SYRUP,30ML,3
A662,AUGMENTIN DUO1000MG TABS,10'S,0
B417,BACTROBAN OINTMENT,5GM,0
B092,BECADEXAMINE CAPS,30'S,4
BTH,BENITEC H-20 TAB,10'S,0
BEIT,BENITEC H-40 TAB,7'S,0
BENNT,BENITEC-20 TAB,10;S,0
BENC,BENITEC-40 TAB,7'S,0
GSK,BETNELAN TABS,20'S,0
G.SK,BETNESOL AMP,1ML,176
B096,BETNESOL FORTE TABS,20'S,2560
B098,BETNESOL N EYE DROPS,1*5ML,0
B097,BETNESOL ORAL DROPS,15ML,0
B099,BETNESOL TABS,20'S,3560
B102,BETNOVATE C CREAM,30GM,27
B103,BETNOVATE GM OINT,20GM,9
B105,BETNOVATE N OINT,20GM,54
B101,BETNOVATE OINT,20GM,18
B106,BETNOVATE S OINT,20GM,4
CA25,CALPOL-250MG SYRUP,1X60ML,0
CCM,CCM TABS,30'S,0
C181,CEFTUM 250MG TABS,4'S,4
C182,CEFTUM 500MG TABS,4'S,14
C148,CELIN 500MG TABS,10'S,0
C149,CELIN CHEWTABS,20'S,0
CENTIF,CENTRUM MEN TAB,1*30,1
CENTUH,CENTRUM SILVER TAB,1*30,0
CHWGRF,CENTRUM WOMEN TAB,1*30,0
C150,CETZINE SYRUP,60ML,4
CEA,CETZINE A TABS,10'S,0
C151,CETZINE TABS,1*15,435
CCZS,COBADEX CZS TABS,15'S,210
C1216,COBADEX FORTE CAPS,20'S,0
C153,COBADEX SYRUP,120ML,0
C155,COBADEX Z CAPS,15'S,0
C333,CROCIN DROPS,15ML,0
CRODS,CROCIN DS SYP,60ML,0
CRPR,CROCIN PAIN RELIEF TABS,15'S,0
C219,CROCIN SYRUP,60ML,0
C67,CROCIN TABS,15'S,0
D333,DEPENDAL M SYRUP,60ML,0
D334,DEPENDAL M TABS,10,0
DE21,DERMOCALM LOTION,100ML,0
DBM,DILO BM EXPE SYP,100ML,0
D106,DILOSYN EXPT SYRUP,115ML,0
D107,DILOSYN SYRUP,120ML,0
D335,DITIDE TABS,10'S,0
E082,ELTROXIN 100MCG TABS,100'S,10
E480,EMODERM CREAM,50GM,0
E206,ENGERIX-B PAED VIAL,0.5ML,0
E205,ENGERIX-B VIAL,1ML,0
E471,ENO COLA SACHET,6'S,0
E210,ESPAZINE 1MG TABS,10'S,0
E211,ESPAZINE 5MG TABS,10'S,0
E212,ESPAZINE PLUS TABS,10'S,0
E045,EUMOSONE CREAM,15GM,0
E047,EUMOSONE M CREAM,15MG,2
F226,FEFOL CAPS,15'S,0
F227,FEFOL Z CAPS,15'S,0
F048,FERSOLATE CM TABS,30'S,0
F228,FESOVIT CAPS,30'S,0
F543,FLIXONASE NASAL SPRAY,12G,0
HDFHGG,FLUARIX TETRA VACCVINE,1*1,0
F677,FLUTIBACT CREAM,5GM,0
FLUTIB,FLUTIBACT SKIN OINT,5GM,0
FLUTI2,FLUTIBACT SKIN OINT,10GM,0
F049,FLUTIVATE CREAM,15GM,0
FLUE,FLUTIVATE E CREAM,1X10GM,1
F644,FLUTIVATE OINT,20GM,0
F341,FLUTIVATE OINT,10GMS,0
F062,FORTUM 1G VIAL,1'S,0
F063,FORTUM 250MG VIAL,1'S,0
F234,FUROXONE SYRUP,60ML,0
F235,FUROXONE TABS,10'S,0
G555,GLACE X CAPS,10'S,0
G125,GRISOVIN FP 250MG TABS,10'S,0
H305,HAVRIX 720 VIAL,0.5ML,0
H391,HAVRIX VIAL 1440,1ML,0
H341,HIBERIX INJ,0.5ML,0
H212,HORLICKS CHOCO JAR,500GM,0
H241,HORLICKS JAR,2KG,0
H102,HORLICKS JR123 JAR VANILA 500GM,,0
H231,HORLICKS REFIL,200GM,0
H088,HORLICKS REGLAR JAR,500GM,0
HU,C HYCAMTIN 1MG CAPS,10,0
IN19,INFLAPEN TABS,10'S,0
I130,IODEX POWER CREAM,10GM,0
IOD.,IODEX ULTRAGEL,30GM,0
M504,MALTOVA JAR,500GMS,0
MOTHE,MOTHER HORLICKS REF,500GM,0
OSZ,OSTOCALCIUM TABS,1*1,0
O039,OSTOCALCIUM BANANA SYP,200ML,0
O036,OSTOCALCIUM FORTE TABS,15'S,0
O037,OSTOCALCIUM TABS,60'S,0
O055,OTINA EAR DROPS,5ML,0
PRE1,PARIT D CAPS,10'S,0
KFBHFK,PHEXIN 125 REDIS SYP,1*60ML,2
LHFHF;,PHEXIN 250 REDIS SYP 60ML 1*60ML,,0
P105,PHEXIN 250MG CAPS,10'S,0
P106,PHEXIN 500MG CAPS,10'S,40
P672,PHEXIN BD 375MG TABS,10'S,0
P621,PHEXIN BD 750MG TABS,10'S,0
P108,PHEXIN KID 250MG TABS,10'S,0
IFHLHF,PHYSIOGEL DMT LOTION,1*100ML,0
PIRI,PIRITON CS SYP,100ML,0
P111,PIRITON EXPT SYP,120ML,0
FGGHFL,PRIORIX MONO VACCINE,1*1,0
PLUS,PROPYSALIC PLUS 3% LOTION 1,,2
RO19,ROTARIX INJ,1ML,0
S1141,SERETIDE 125 EVOHALER,1'S,0
S1179,SERETIDE 250 EVOHALER,1'S,0
SERA1,SERETIDE 50/250 ACCUHALER 50/250,,0
S372,SHIELD OINT.,15GM,0
S145,SUPACEF 1.5GM AMP,1'S,0
S147,SUPACEF 750MG AMP,1'S,0
T,B T BACT OINT,5G,22
TBA9,TBACT CREAM,7.5GM,0
T046,TBACT OINT,5GM,17
TENV,TENOVATE CREAM,30GM,2
T049,TENOVATE M CREAM,15GM,0
GXTC,TENOVATE OINT,15GM,4
V353,VARILRIX VACCINE,VIAL,0
V027,VENTORLIN EXP,120ML,0
V134,VENTORLIN INHALER,1'S,0
V028,VENTORLIN SYRUP,100ML,0
V031,VIBELAN FORTE CAPS,15'S,0
V024,VITNEURIN AQ AMP,2ML,0
Z006,ZEMETRIL 500MG TABS,6'S,0
Z126,ZENTEL (ALBENDAZOL)400MG,1`S,0
Z127,ZENTEL(ENVORM) SYRUP,10ML,0
Z250,ZIMIG 250MG TABS,7'S,0
Z029,ZINETAC 150MG TABS,30'S,0
Z030,ZINETAC 300MG TABS,10'S,0
ZOD,ZODERM E CREAM,30GM,2
Z050,ZUPAR TABS,10'S,0
BNM3,BENITEC A TABS,10'S,0
B189,BOOST BIG JAR,500GM,0
C1189,CROCIN 650 TABS,10'S,0
C1695,CROCIN STRAWBERRY FLAVOUR 60ML,,0
E124,ENO LEMON BOTTLE,100GMS,0
E286,ENO LEMON SACHET,1'S,0
E470,ENO REGU SACHET,6GM,0
E285,ENO REGULAR BOTTLE,100GM,0
E123,ENO REGULAR SACHET,1'S,0
HORLI.,HORLICKS CHOC MILLET,400GM,0
H227,HORLICKS CHOCO JAR,200GM,0
H223,HORLICKS JAR SMALL,200GM,0
HORJUN,HORLICKS JR123 REFIL,500GMS,0
JRH,HORLICKS JUNR CHOC JAR,500GM,0
HOR4,HORLICKS PLAIN BISCUIT,,0
"HORLI,",HORLICKS PROMIND,200GM,0
H089,HORLICKS REFIL,500GM,0
H222,HORLICKS REFILL,1KG,0
HOV,HORLICKS VANNILA JAR,200GM,0
HOS,HORLICKS VANNILA REFILL,500GM,0
HORTOF,HORLICKS WOMEN JAR,500 G,0
I127,IODEX RAPID ACTION SPRAY,,0
I129,IODEX SMALL,10GM,0
TEGO,TENOVATE GN CREAM,1X20GM,8
SDFSDS,VICKS VAPORUB 25ML,25ML,0
ZIM,ZIMIG 1% CREAM/OINT,10GMS,0
GFHKJA,ASCODEX LS SYP,1*1,10
MD,ASCORIL LD SYP,100ML,25
COLDCE,COLDCET P TAB,10'S,0
DAC1,DACNE FACEWASH,60GM,0
DBK9,DUBIX K TABS,6'S,0
ETRO,ETROBAX 90MG TAB,10'S,0
GIN,GINMARK CAPS,10'S,0
GLI1L,GLINZO L TABS,10'S,0
H/CPX,HAIR 4 U CPX SERUM,1'S,0
IMI1,IMIQUAD CREAM,1GM,0
PAAR.,PAARMOL IV,100ML,0
MEVI,ZITA DM 1000 TABLETS,"10""S",0
ZITP1,ZITA PLUS TABS,15'S,0
A2222,A2222222,200ML,0
KGKLGL,ABIRAPRO 250MG TAB,1*120,0
ABZOHF,ABZORB BAR 100GM,1*100G,0
ADC11,ADCLEAR CREAM,60GM,0
AIR31,AIRLEVO INHALER,120MD,0
ART21,AIRTEC FB200 INHALER,150MD,0
AIR21,AIRTEC FB400 R/C,30'S,1
ART2,AIRTEC FF125 INHALER,150MD,0
ART12,AIRTEC FF250 INHALER,15MD,0
AIRT1,AIRTEC SF 250 R/C,30'S,0
AIR12,AIRTEC SF125 INHALER,150MDI,0
AIRT4,AIRTEC SF250 INHALER,150MD,0
AIT1,AIRTEC SF500 R/C,30'S,0
AIRTEE,AIRZ 25F ROTACAPS,30,0
FLKHSG,AIRZ 50MG ROTOCAPS,1*30,0
SDJSDF,AIRZ F DIGIHALER,1*1,0
AIRZFS,AIRZ F ROTOCAPS,1*30,0
AIRJHS,AIRZ FF ROTOCAP,1*30,0
A041,ALEX CHEWABLE TABS,10`S,65
ALEELF,ALEX COLD SYRUP,1*60ML,0
AL21,ALEX DROPS,15ML,2
EGFGGG,ALEX JUNIOR DS SYP 60ML,1*60ML,0
ALEX1,ALEX JUNIOR SYRUP,60ML,0
ALEXK9,ALEX KIDZO SYRUP,60ML,0
A726,ALEX P DROPS,15ML,0
AL100,ALEX SUGARFREE SYRUP,100ML,0
ALP1,ALPECIN LIQUID,200ML,0
ALP11,ALPECIN SHAMPOO,250ML,0
A947,ALTACEF 125MG TABS,10S,0
A683,ALTACEF 250MG TABS,10'S,0
A684,ALTACEF 500MG TABS,10'S,0
A853,ALTACEF CV 250MG CAPS,6'S,0
ALT11,ALTACEF CV500TABS,6'S,0
A761,ALTACEF SYRUP,30ML,0
AJLDFF,APREZO 30MG TAB,1*10,0
AR91,ARNINE SACHET,10GM,0
DWFNFA,ASCORIL C SYP,1*120ML,0
ASCD,ASCORIL D SYRUP,100ML,6
ASCOD1,ASCORIL D COUGH LOGENGES,10'S,0
ASDJ9,ASCORIL D JUNIOR SURYP,60ML,0
A431,ASCORIL EXP SYRUP,100ML,4
ASCORT,ASCORIL FLU DROPS,15ML,0
ASF1,ASCORIL FLU KIDZ SYRUP,60ML,0
ASDKCN,ASCORIL FLU SYP 60ML,1*60ML,0
ASC.,ASCORIL LS DROPS,15ML,9
ASCLS9,ASCORIL LS JUNIOR SYRUP,60ML,0
ASC1,ASCORIL LS SYRUP..,100ML,29
ASC11,ASCORIL SF SYRUP,100ML,0
A464,ASCORIL TABS,1*15'S,0
ASCO,ASCOVENT SR TAB,10'S,0
AZIF1,AZIFINE 100MG SYRUP,15ML,0
AZI,AZIFINE 250MG TABLETS,10'S,22
AZIF,AZIFINE 500MG TABLETS,5'S,157
AZIC1,AZIFINE C250MG TABS,10'S,0
AZIF6,AZIFINE C500MG TABS,10'S,0
AZIFIN,AZIFINE L 250MG TABS,10'S,0
AZI.,AZIFINE L 500MG TABS,5'S,0
HFGVHG,BELTAS FORTE TAB,1*10,0
KEKHGH,BELTAS TAB,1*10,0
BEP22,BEPOZIC 10MG TABS,10'S,0
BHXZUO,BILAZAP 20MG TAB,1*10,40
UWYEII,BILAZAP M TAB,1*10,90
BONDL9,BON D LIGHT DROPS,30ML,0
BON211,BON DK 2K TABS,10'S,0
BON60,BON DK 60K CAPS,4'S,0
BON2,BONE K2 TABS,10'S,0
BONTRE,BONTRESS PRO HAIR SERUM,60ML,0
BY-ALL,BYE-ALLERGY TAB'S,10'S,0
C692,CANDIBIOTIC EAR DROPS,5ML,1
CANDIS,CANDIBIOTIC PLUS E/D,5ML,7
CAN11,CANDID B CREAM,10GM,7
C708,CANDID B CREAM,20GM,6
CAN11,CANDID B CREAM,10GM,11
C708,CANDID B CREAM,20GM,6
C612,CANDID B LOTION,30ML,1
CANDC1,CANDID CL GEL,30GM,0
CD23,CANDID CL VEGINAL CAPS,3'S,6
C707,CANDID CREAM,20GM,4
C1588,CANDID GEL OINT,15GM,0
TRTYG,CANDID GOLD POWDER,50GM,0
DJHFKB,CANDID K SHAMPOO 75ML,1*75ML,0
C613,CANDID MOUTH PAINT,15ML,8
CAN3,CANDID O EAR DROPS,5ML,0
C825,CANDID POWDER BIG,100GM,2
C610,CANDID POWDER SMALL,50GM,1
CAN2,CANDID SOAP,75GM,0
C614,CANDID SOLUTION,15ML,2
CAN71,CANDID TOTAL OINT,20GM,0
C611,CANDID TV SHAMPOO,60ML,2
C687,CANDID V GEL OINT,30GM,8
C616,CANDID V1 TABS,1'S,0
C615,CANDID V3 TABS,3'S,1
C617,CANDID V6 TABS,1*6,4
C706,CANDIDERMA CREAM,20GM,6
C737,CANDIDERMA CREAM SMALL,10GM,5
CADKJD,CANDIDOX SHAMPOO,100ML,0
DFJGJK,CANDITRAL SB 130MG TAB,1*10,50
CABDKG,CANDITRAL 200MG CAP,1*10,10
C637,CANDITRAL CAPS,10'S,0
CJKGHK,CANDITRAL SB 50MG TAB,1*10,0
CLOF12,CLOFF 125MG SYRUP,30ML,0
COLI,COLI-MONUS 3 MIU INJ,1,0
FGVSHJ,D ACNE GEL PLUS CREAM,1*15GM,0
DAC20,DACNE 20MG CAPS,10'S,0
DC21,DACNE GEL,10GM,0
DACP1,DACNE PLUS OINT,15GM,0
D,AC DACNE SOAP,1,0
ADS,DAPAONE S 10/100 TAB,"10"" S",60
DENJFJ,DEMELAN LITE 50ML,1*50ML,0
DE212,DERIVA BPO GEL,15GM,0
DIGI,DIGIHALER FB 200MG,1,0
FVHFHF,DIGIHALER SF 250INHALER,1*1,0
D338,DIZIRON 25MG TABS,20`S,560
DIZID1,DIZIRON D TABS,10'S,70
DOSET1,DOSETIL CREAM,10GM,0
DOS.,DOSETIL LOTION,30ML,0
DXNO,DOXOVENT 400MG TABS,10'S,0
DUB200,DUBAGEST 200 MG CAPS,10'S,0
"DUBA.,",DUBAGEST 400MG CAPS,10'S,0
DUB.,DUBAGEST SR 200MG TABS,10'S,0
DU300,DUBAGEST SR300MG TABS,10'S,0
JFLKJF,DUBINOR OINT 30GM,1*30G,0
DUB99,DUBINOR TABS,10'S,0
D561,DUOLAXIN SYRUP,200ML,0
TUY,DYCERIN A TABS,10'S,0
DYC,DYCERIN CAP,1X10'S,0
ELOM11,ELOSMOOTH LOTION,80ML,0
"ELO,",ELOVERA BABY CREAM,50GM,0
E369,ELOVERA BABY LOTION],100ML,0
ELV11,ELOVERA BAR,75GM,0
EL41,ELOVERA BODY WASH,150ML,0
ELO.,ELOVERA CREAM,75GM,0
ELOGV1,ELOVERA IMF LOTION,100ML,0
ELO11,ELOVERA LOTION,150ML,0
1201,ELOVERA LOTION,75ML,0
ELOVER,ELOVERA PRO CREAM,1*75GM,0
EPIL9,EPILYNO LOTION,50GM,0
EPIAC9,EPISOFT AC CREAM,75GM,1
EPIA9,EPISOFT AMF CREAM,100GM,0
EPOS,EPISOFT OC GEL,1,0
EP2,EPTUS 25MG TAS,15'S,0
EPT5,EPTUS 50TAB,10'S,0
EPTT10,EPTUS T10MG TABS,1*20'S,0
E2079,ESOZ 20MG TABS,1X15'S,0
E017,ESOZ 40MG TABS,15'S,0
ESO1,ESOZ D 20 MG CAPS,1*15,0
ESZD40,ESOZ D 40 CAPS,15'S,0
ESL13,ESOZ L CAPS,1*10'S,0
FABIFL,FABIFLU 400MG TAB,17'S,0
FISIO,FISOATIVE CREAM,1,0
FLEXIO,FLEXILOR 8 TABS,10'S,0
FL40,FLEXISPAZ 4MG CAPS,10'S,0
FL10,FLEXISPAZ 8 CAPS,10'S,0
FLX11,FLEXISPAZ CAPS,10'S,0
FLUB21,FLUBLOCK AZ NASAL SPRAY,7ML,0
FL111,FLUBLOCK NASAL SPRAY,120MD,0
FU2,FLUCORT 20GM CREAM,1X20GM,0
FLUCOR,FLUCORT LOTION 0.01%,30ML,0
FL201,FOLIGLO CAPS,10'S,0
FOLIC9,FOLIGLO CONDITIONOR,100ML,0
FOLIG9,FOLIGLO SHAMPOO,100ML,0
GB44,GABAFIT 75MG CAPS,10'S,0
GEMI,GEMIZ 320 TABS,5'S,0
GERB1,GERBISA L SYRUP',120ML,0
GET33,GETLITE OINT,20GM,0
GIN31,GINKOSTAR M TABS,10'S,0
GEL11,GLEMONT F TABS,10'S,0
GLE5,GLENCET TABS,10'S,0
GLE250,GLEVO 250MG TABS,10'S,0
G453,GLEVO 500MG TABS,10'S,60
GLE750,GLEVO 750MG TABS,10'S,0
GLEY,GLEVO EYE/EAR DROPS,5ML,0
G1015,GLEVO IV,100ML,0
GLV1,GLEVO POD TABS,10'S,0
GLI22,GLIMULIN 3MF FORTE TABS,10'S,0
GLIMFU,GLIMULIN MV2 TAB,1*10,0
HA32,HAIR 4U 10% SPRAY,60ML,0
AHI12,HAIR 4U 5% SPRAY,60ML,0
H4UC,HAIR 4U CONDITIONER,100GM,0
DKLFHK,HAIR 4U PRO 60ML LOTION,1*1,1
HAI4U,HAIR 4U SHAMPOO,50ML,0
HL46,HALOVATE CREAM,30GM,1
JKLHDF,HALOVATE LOTION 30ML,,0
HALO1,HALOX F OINT,10GM,0
HEPKFJ,HEP 5 12% AMP,VAIL,0
JEHJHH,I-WIN 100MG TAB,1*10,0
FJKHBK,I-WIN 200MG CAP,1*10,0
IFIN5,IFIN 500MG TABS,7'S,0
HHSDJF,INDAMET 160 ROTOCAPS,1*30,0
SCYJSG,INSTAHALER P,1*1,0
K016,KEFNIR(CEFDINIR) SYRUP,30ML,0
KEFP2,KEFPOD 200MG TABS,10'S,0
KEFA1,KEFPOD AZ TABS,10'S,0
KFOP,KEFPOD CV 200 TABS,10'S,30
KERAD,KERAGLO AD LOTION,50ML,0
KIDG,KIDGLO BABY CREAM,50 GRMS,0
KIDGLO,KIDGLO BABY LOTION,100G,0
KID11,KIDGLO BATHING BAR,75GM,0
KTS,KRETOS TABS,10'S,0
KRE,KRETOS-120MG TAB,10,0
KIT-2,KRETOS-60 TAB,10'S,0
JHHHFG,LA MATISEE SHAMPOO 240ML,1*240ML,0
LASH1,LA SHIELD SUNSCREEN GEL,60ML,0
LIPB1,LIPBLESS CREAM,10GM,0
LULC99,LULICAN CREAM,10GM,0
LULI20,LULICAN CREAM,20GM,0
DGKGHK,LULICAN SHAMPOO,1*100ML,0
SDJHFL,LULICAN XL 50GM CREAM,1*50GM,1
LULC9,LULICAN XL CREAM,30GM,0
LFHLHL,MAXRICH CREAM 150GM,1*150G,0
LNFLDF,MAXRICH LOTION 150GM,1*150,0
MIG1,MIGNAR 25MF TABS,10'S,0
MIG2,MIGNAR 25MG,15'S,0
MILI,MILICLAV-625,10'S,0
MIL2,MILIXIM 200MG TAB,1X10S,0
MIL11,MILIXIM CV200MG TABS,10'S,0
ML11,MILIXIM O 200 TABS,10'S,0
MMF1,MOMATE F OINT,10GM,0
MOMA40,MOMATE ONIT,40GM,2
MOM3,MOMATE XL CREAM,30GM,0
MUCLS9,MUCARYL LS DROPS,15ML,0
MUC1,MUCARYL LS SYRUP,100ML,0
MUMD3,MUMFER D3 TABS,10'S,0
M637,MUMFER SYP,150ML,0
MM,1 MUMFER XT TABS,10'S,0
MUM,MUMFER-F TAB,10'S,0
JFKGKJ,NEBZAMART B RESPULES,1*1,6
NEBLFA,NEBZMART FB 0.5MG,7*2ML,0
NEBBL,NEBZMART-BL,8'S,2
NEBGFB,NEBZMART-GFB REP,5*2ML,0
GFGHJK,NEBZMART-IL SMARTULES,1*5,0
FVBWYG,NINDANIB 100MG TAB,1*10,0
OLFT9,OLFIT SYRUP,60ML,0
OL20,OLMAX 20MG TABS,15'S,0
OL3D,OLMAX 3D 20MG TABS,10'S,0
OL111,OLMAX 3D 40MG TABS,10'S,0
OL31,OLMAX 40MG TABS,15'S,0
OLAM1,OLMAX AM TABS,15'S,0
OLMA1,OLMAX AM40 TABS,15'S,0
OCH40,OLMAX CH20/12.5MG TABS,10'S,0
OLM20,OLMAX CH20/6.25MG TABS,10'S,0
OCH20,OLMAX CH40/6.25MG TABS,10'S,0
OLH1,OLMAX H TABS,15'S,0
OLH40,OLMAX H40 TABS,15'S,0
OLM25,OLMAX M25 TABS,15'S,0
OLM21,OLMAX M50 TABS,15;S,0
ONNB1,ONABET B CREAM,10GM,0
ONB1,ONABET CREAM,15GM,2
ON/30,ONABET CREAM,30GM,1
41,B ONABET LOTION,30ML,0
ON23,ONABET LOTION,60ML,0
ONABET,ONABET POWDER,50GMS,0
INA01,ONABET SD LOTION,15ML,0
OND11,ONABET V1 TABS,1'S,0
OXU32,OXUBA CAPS,10'S,0
OXU01,OXUBA OD 600MG TABS,10'S,0
QWIOPH,POWERCORT S 3% LOTION,1*30ML,0
IODDDF,POWERCORT S 6% LOTION,1*30ML,0
SDKGFK,POWERCORT S6 OINT,1*30G,0
RAZ1\,RAZEL 20MG TABS,10'S,0
RAZEZ,RAZEL EZ 10 TAB,10'S,0
LRAZE,RAZEL F 20 FORTE TABLETS,10'S,0
RZ10,RAZEL F10 TABS,1*15,0
RZ11,RAZEL F5 TABS,10'S,0
RAZG9,RAZEL GOLD TABS,10'S,0
RAZ20,RAZEL GOLD20MG CAPS,15'S,15
RACV10,RAZEL-CV10/75MG CAP,10,0
RACV20,RAZEL-CV20/75 MG CAP,10,0
R250,RELCER GEL SYRUP,180ML,0
RELC,RELCER MPS GEL,170ML,0
REMO,REMO MV 500,10'S,60
REMO-V,REMO-V,10'S,0
REMISG,REMOZEN 1000MG TAB,1*15,0
REMNJH,REMOZEN M 1000MG TAB,1*10,0
REMIOH,REMOZEN M 500MG TAB,1*15,0
REMNKH,REMOZEN MV 1000MG TAB,1*10,0
REMPIH,REMOZEN MV 500 TAB,1*10,50
REJKGF,REMOZEN V TAB,1*10,0
REVFHW,REVIZE MICRO 0.025% GEL,20GM,0
KJSDHF,RYLATRIS AZ SPRAY,1*9.5,0
S410,SCABOMA LOTION,5OML,2
S409,SCABOMA LOTION,100ML,18
S410,SCABOMA LOTION,5OML,12
S031,SENSUR OINTMENT,10GM,0
"ND,.B.",SITAZIT 100MG TAB,1*10,0
SITG,SITAZIT M50/500 TAB,10'S,120
SITA,SITAZIT-D,10,0
SO12,SORVATE C OINT,10GM,0
SORV11,SORVATE OINT,20GM,0
GFSDKB,SREYAS TAB,1*10,0
STI100,STILOZ 100 MG TABS,15'S,30
STIL50,STILOZ 50 MG TABS,15'S,15
STR9,STRONAT SACHETS,4GM,0
SU44,SUNGRACE SUNSCN LOTION,100ML,0
SUNA,SUNGRACE TOTAL,60ML,0
SKJDFH,SUNGRACE ULTRA 60GM,1*60GM,0
S741,SUPIROCIN B OINT,5GM,0
"SUPI.,",SUPIROCIN B PLUS OINT,5GM,0
S738,SUPIROCIN OINT,5GM,0
DJFHHH,SYNTRAN 100MG CAP,1*10,0
SYFGBD,SYNTRAN 200MG TAB,1*10,0
FHJKHJ,SYNTRAN SB 130MG TAB,1*10,0
HFDSSD,SYNTRAN SB 50 TAB,1*10,0
TACFL1,TACROZ FORTE LOTION,20ML,0
TAC11,TACROZ FORTE OINT,20GM,0
GHGGGG,TACROZ OINT 20GM,1*20G,2
TELAZ1,TELMA -AZ16,10'S,0
TELM,TELMA 20MG TABS,15'S,990
TELMA4,TELMA 40MG TAB,15'S,840
TL,80 TELMA 80MG TABS,15'S,210
C641,TELMA AM TABS,15'S,60
TEAM8,TELMA AM80 TABS,1*15,0
TELM.,TELMA AMH 40MG TABS,15'S,0
11TEL,TELMA AMH80 TABS,1*15,0
TAZ,TELMA AZ TABS,10'S,30
FLWEHN,TELMA BETA 25MG TAB,1*10,70
REJHHE,TELMA BETA 50MG TAB,1*10,50
VFYJH,TELMA CT 80/12.5,1*15,75
"TEL.,",TELMA CT 80/6.25MG TABS,15'S,75
TCT12.,TELMA CT40/12.5MG TABS,15'S,390
TELC4,TELMA CT40/6.25MG TABS,15'S,300
LIOHOH,TELMA D TAB,1*10,0
TL12,TELMA H 80 TABS,15'S,60
TGLDNL,TELMA LN 40MG TAB,1*15,105
TLM25,TELMAXX 25MG TABS,10'S,0
TEM50,TELMAXX 50MG TABS,10'S,0
T,R2 TRIGLOW CREAM,15GM,0
TRI6,TRIGLOW M CREAM,15GM,0
TRIG,TRIGULIN 1MG TAB,15'S,0
TRIU,TRIGULIN 2MG TAB,15'S,0
TRFF1,TRIGULIN LD FORTE 1 TABS,15'S,0
TRFF2,TRIGULIN LD FORTE 2 TABS,15'S,0
TRI22,TRIGULIN LD2 TABS,15'S,0
T1R11,TRIGULUN LD1 TABS,15'S,0
URE1,UREATIV 10 CREAM,50GM,0
UREA,UREATIV 20 CREAM,50GM,0
URE11,UREATIV 3 LOTION,150ML,0
VW12,V WASH LIQUIDE SOAP,100ML,0
VJKLVJ,V WASH PLUS 20ML LOTION,1*20ML,0
VILOOP,VILOR F 200MG ROTACAPS,1*15,0
VILORF,VILOR-F R/C,30'S,2
V181,VITARAL CAPS,10'S,0
VIVA11,VIVALOL XL 50MG TABS,10'S,0
VIVA1,VIVALOL XL25 TABS,10'S,0
VCB1,VOCARB MF0.2 TABS,10'S,0
VOR10,VORTH TP50MG TABS,10'S,0
WUN21,WUNDER EYE ADVANCE,15GM,0
O4002,WUNDER EYE CREAM,15GM,0
XAR11,XARIA KID TABS,10'S,0
XA11,XARIA PLUS TABS,10'S,0
XA14,XARIA TABS,10'S,0
XMEP1,XMET P1GM TABS,10'S,0
XMESR,XMET SR 1G TAB,15'S,0
XYZ1,XYZAL M KID TABS,10'S,0
ZIN1,ZINOX 200MG TABS,10'S,0
ZIT31,ZITA 100MG TABS,7'S,0
ZITA,ZITA 50MG TABS,7'S,0
FJBJJH,ZITA PIO MET 1000MG TAB,1*10,0
AGGHLL,ZITA PIO MET 500MG TAB,1*10,0
ZKXHGC,ZITA PLUS PIO 20/15MG TAB 1*10,,0
ZIT1,ZITAMET 50/500MG TABS,10'S,0
ZITMP1,ZITAMET PLUS 20/1000MG,10'S,0
ZIT50,ZITAMET PLUS 20/500MG,15'S,0
ZIT32,ZITEN 20MG TABS,15'S,0
ZITE1,ZITEN M20/1000MG TABS,15'S,75
ZITM20,ZITEN M20/500MG TABS,15'S,90
FER69,FEREDON TABS,10'S,0
GC02,GLOSTAR FIBER CASTING,1,0
VOTR2,VOTRIENT 400MG TABS,30'S,0
3214,APIN 5MG,10S,0
L286,LACTO CALAMINE SMALL,30ML,0
L285,LACTO-CALAMINE LOT,60ML,0
METHG,METHYLGLO TABS,15'S,0
DEC8,DECMAX 8MG INJ,1ML,0
IRN1,IRONEX XT TABS,10'S,0
MEC9,MECONEX GP TABS,10'S,0
MEPG,MECONEX PG CAPS,10'S,0
MEC32,MECONEX PLUS CAPS,10'S,0
CN44,CANDIFEM TABS,6'S,0
CANV1,CANVAZ GEL,15GM,0
CUTIL1,CUTILITE CREAM,20GM,0
G2L1,GLOCIN GEL,20GM,0
ISOP2,ISOPIL 20MG TABS,10'S,0
M1M2,MOIZ CREAM,50GM,0
HIGI,MOIZ XL-200GM,1*200GM,0
2365,MOIZ XL-500GM,1-500GM,0
MT12,MONE CREAM,10GM,0
GSFRW,REVIZE MICRO 0.04%,1-20GM,0
TR17,TERGOSIL CREAM,20GM,0
TGB14,TEZCORT 6S OINT,15GM,0
TE22,TEZCORT CREAM,30GM,0
TEZC,TEZCORT-3S OIN,1;S,0
FIB.,FIBROGESIC ALA TABS,10'S,0
FIB32,FIBROGESIC SR TABS,10'S,0
KFDEKJ,N ETHI 10G TAB,1*10,0
POLIS1,POLISITOL OD CAPS,10'S,0
PROB3,PROBLAST CAPS,10'S,0
PROBLA,PROBLAST SR 200MG TAB,1*10,0
PROB1,PROBLAST STRONG CAPS,10'S,0
PROG9,PROGOD POWDER,200GM,0
TEKJFV,TECHGEST 300MG TAB,1*10,0
ZECGM,ZECEREIN GM TABS,10'S,0
G1213,GOOD KINGHT 45 NIGHTS,1'S,0
GOOT,GOOD KNIGHT 90N,1X45ML,0
G444,GOOD KNIGHT KITS,1'S,0
G366,GOOD KNIGHT M/R 45,1'S,0
GONI,GOOD KNIGHT TURBO 45+1,1+1,0
GON,GOODKNIGHT ELE GEL COMBI,1'S,0
H242,HIT COCKROACHES SPRAY,320ML,0
H2067,HIT SPRAY BIG,500ML,0
H206,HIT SPRAY MEDIUM,320ML,0
H2066,HIT SPRAY SMALL,160ML,0
BACTI,BACTIGRAS DRESSINGS,10CM,0
DERM,DERMA-5 OINTMENT,5GM,0
NSTALT,NS TAL TABS,10'S,0
CABND,CANDIDOX CREAM,30GM,2
CANDI,CANDIDOX CREAM,50GM,0
DM14,DEMELAN CREAM,15GM,0
DERV,DERIVA MS GEL,1'S,0
DE3,DERIVA-C MS GEL,15GM,1
EBOV,EBOV-90 TAB,10'S,0
GWESL,ELOVERA SPF LOTION,60ML,0
BCXZF,EPISOFT CLENSING LOTION,1*125ML,0
F552,FINTOP CREAM,15GM,0
F021,FLUCORT C CREAM,10GM,2
F026,FLUCORT CREAM,15GM,0
F022,FLUCORT H CREAM,15GM,0
F025,FLUCORT N CREAM,15GM,0
F506,FLUCORT N OINT,15GM,0
GRAV,GRAVIPRIDE M 0.5 TAB,10'S,20
GRABWL,GRAVIPRIDE M3 TAB,10'S,40
HA2%,HAIR 4U 2% LOTION,60ML,0
H4O,HAIR 4U 5% LOTION,60ML,0
HVAL,HALOVATE CREAM,15 GM,0
H1F1,HALOVATE F OINT,10GM,0
HL!1,HALOVATE OINT,30GM,0
HAV,HALOVATE OINTMENT,1X15GM,0
HLV,HALOVATE S 30GM OINT,10G,0
L1033,LIZOLID 600MG TABS,10'S,0
LIZOLI,LIZOLID IV,100ML,0
LIZ,LIZOLID IV,300ML,0
M3,MACLAR 250MG TAB,10'S,0
M681,MACLAR 500MG TABS,10,0
M672,MACLAR DT 125MG TABS,10'S,0
M006,MACLAR SYRUP,30ML,0
MR43,MELACARE FORTE CREAM,15GM,0
MOM,C MOMATE CREAM,20GM,2
M673,MOMATE CREAM,5GM,0
MOML,MOMATE LOTION,30ML,0
MOM,O MOMATE OINT 15,15GM,0
METOS,MOMATE S CREAM,5GGM,0
MOMN,MOMATE S OINT,20GM,0
MOMATE,MOMATE-S OINT,10GM,0
MUCA,MUCARYL AX EXPECTORANT,100ML,0
S737,SCALPE SHAMPOO,60ML,4
S030,SENSUR OIL,10ML,0
TACROZ,TACROZ FORTE OINT 10GM,10GM,2
TACR,TACROZ OINT,10GM,1
TF,TAZRET FORTE CREAM,15GM,0
TA,TAZRET GEL,15GM,0
GRIS9,GRISO CZ TABS,10'S,0
GRAVSF,GRAVIPRIDE M1 TAB,10'S,50
3D,3D OHA TABS,10'S,0
ADR,ADRIDE-1 TAB,10;S,0
AMB,AMBRO PD,50ML,0
CAM5,CAMLO 5MG TABS,10'S,0
COGP,COGNIX PLUS CAP,1*15'S,0
COMPL,COMPLATT TABS,10'S,0
IN23,INDOLAN 10MG TABS,10'S,0
ISCFOR,ISCEPT FORTE TABS,10'S,0
ISCL,ISCEPT L TABS,10'S,0
NER10,NERVEPEN GEL,30GM,0
NEL00,NEVILAST 30MG TABS,"60,S",0
NUPP9,NUPRIN PLUS TABS,10'S,0
RE11,RECOGNIX TABS,10'S,0
RMAX,RENERVE 24 TABS,10'S,0
FWEKJB,RENERVE AMP,1*1,19
GDRR,RENERVE CAPS,15'S,0
REND,RENERVE D TABS,10'S,0
RENPLU,RENERVE PLUS AMP,2ML,80
RENCAP,RENERVE PLUS CAPS,15'S,75
FULG9,FULGAIN CAPS,10'S,0
FLU99,FULICIOUS LIP CREAM,15GM,0
FERRI,FERRONINE 60MG TABS,15'S,0
SAF11,SAFEGEST DSR TABS,7'S,0
SDT,SOLONEX DT TABS,10'S,0
CEFFAA,CEFCARE O TAB,1*10,0
ESODSR,ESOLIFE DSR CAP,10'S,0
GABA1,GABALIFE N TABS,10'S,0
GJGHJH,GREENPOD CV TAB,1*10,0
GR/ZN,GREENZONE INJ,1GM,0
LIF32,LIFE-RICH CAPS,10'S,10
LIFEG1,LIFEGUT CAPS,10S,0
LIFT1,LIFETEL H40MG TABS,10'S,40
ZINC/,ZINCOLIFE SYRUP,200ML,0
D649,DOLOGEL CT GEL,10GM,0
D435,DOLOGEL MOUTH GEL,15GM,0
F401,FITTY DENT TABS,4'S,0
S239,SENQUEL BIG TOOTH PASTE,100GM,0
S237,SENQUEL F BIG TOOTHPASTE,100GM,7
S238,SENQUEL SMALL TOOTH PASTE 50GM,,0
S241,STOLIN TOOTH PASTE BIG,100.GM,0
APA,APIN AT TAB,1X10,0
AZM,AZIDE M TAB,10'S,0
OXOI,OXIAN TABS,10'S,0
SART2,SART 25MG TABS,10'S,0
SART1,SART H TABS,10'S,0
ACT11,ACTIGROW POWDER,400GM,0
B329,BANOCIDE PEAD SYRUP,60ML,0
B328,BANOCIDE SYRUP,100ML,0
BLSS1,BLISDERM S OINT,15GM,0
BOOT01,BOOSTRIX VACCINE,0.5ML,0
C677,CALPOL 500MG TAB,15'S,2940
CAL650,CALPOL 650 TABS,15'S,1280
C1036,CALPOL DROPS,15ML,3
C574,CALPOL SYRUP,60ML,0
CENTUM,CENTRUM KIDS GUMMIES,1*30,0
CER1,CERVARIX 0.5ML INJ,0.5ML,0
CRON1,CROCIN ADVANCE TABS,20'S,0
CRC,CROCIN COLD N'FLU TAB,15,0
D438,DAPSONE 100MG TABS,1000'S,0
DER32,DERMOCALM LOTION,50ML,0
ELTYR1,ELTROXIN 12.5 TAB,120'S,2
ELT125,ELTROXIN 125MCG TABS,60'S,4
ELT75,ELTROXIN 75MCG TABS,100'S,2
ELT88,ELTROXIN 88MCG TABS,60'S,0
ENOO10,ENO ORANGE BOTTLE,90GM,0
ENOO9,ENO ORANGE SACHETS,5GM,0
EUSON,EUMOSONE M 0.5/2 % CREAM,15GM,0
HRW01,HORLICKS GROWTH POWDER,400GM,0
HORLR1,HORLICKS LITE 450GM JAR,450GM,0
HORL32,HORLICKS OATS,1KG,0
HOL9,HORLICKS OATS,500GM,0
INFLV1,INFLAVAC VACCINE,0.25ML,0
IVF100,IV-FER 100MG INJ,5ML,0
IVF50,IV-FER 50MG INJ,5ML,0
LA10,LAMICTAL 100MG TABS,14'S,0
L1A5,LAMICTAL 25MG TABS,14'S,0
LAMICT,LAMICTAL 50MG TABS,14'S,0
LAX100,LAMICTAL XR100MG TABS,30'S,0
LAX50,LAMICTAL XR200MG TABS,30'S,0
LAM50,LAMICTAL XR50MG TABS,30'S,0
L267,LANOXIN TABS,10'S,785
MOTH,MOTHER HORLICKS DHA,200GM,0
N479,NEOSPORIN EYE SKIN OINT,5GM,13
N310,NEOSPORIN H EAR DROPS,5ML,0
N348,NEOSPORIN OPTH OINT,5GM,0
N347,NEOSPORIN POWDER,10GM,10
N350,NEOSPORIN SKIN ONIT,10GM,0
NEO16,NEOSURF INJ,5ML,0
OAT1K1,OATS 1KG,1KG,0
OILKID,OILATUM KID SOAP,50GM,0
HREGYU,OTRIVIN BABY NASAL SPRAY,1*10ML,0
JFFR,OTRIVIN MOISTURIZING,1*10ML,0
GREGG,OTRIVIN MOISTURIZING PAED 1*10ML,,0
PHES9,PHEXIN DRY SYRUP,30ML,0
POLP1,POLPROTEC PFS VACCINE,0.5ML,0
RISP2,RISPERDAL 2MG TABS,10'S,0
RO1S1,ROSUTEC 10MG TABS,10'S,0
ROTA1,ROTAVAC 0.5ML VACCINE,0.5ML,0
SENR40,SENSODYNE RAPID REFIL,40GM,0
SERP,SENSODYNE RAPID RELIF,80M,0
SSRP01,SENSODYNE REPAIR&PROTECT,100GM,0
SESTH,SENSODYNE TOOTH BRUSH,2+1,0
SESW1,SENSODYNE WHITENING PAST,80GM,0
S462,SEPMAX TABS,10'S,0
S468,SEPTRAN SYP,50ML,0
S463,SEPTRAN TABS,10'S,0
S830,SERETIDE ACCUH 50/250MCG,60'S,0
FJFGFV,TELKONOL-M50 TAB,1*10,0
URI40,URICOSTAT 40MG TABS,10'S,0
V061,VIVA JAR,500GM,0
V250,VIVA REF,500GM,0
1000,WOMEN HORLICKS 400GM,400GM,0
Z160,ZOVIRAX 200MG TABS,5'S,0
Z434,ZOVIRAX 400MG TABS,10`S,0
Z280,ZOVIRAX 800MG TABS,5'S,0
Z196,ZOVIRAX SYRUP,100ML,0
Z161,ZYLORIC 100MG TABS,10'S,80
Z281,ZYLORIC 300MG TABS,10'S,0
GUDSHD,GUBB EYEBROW RAZOR FOR,1,0
GUSDYU,GUBB OIL OBSERVING SHEET,1,0
CA1D1,CALNEX D CAPS,10'S,0
SDHFKG,ESTOFER 2MG TAB,1*1,0
W8WW,GUBB SOOTHING EYE MASK,1*1,0
M528,MOX 250GM DRY SYRUP,60ML,0
M351,MOX 500MG CAPS,15`S,0
SA400,SALLAKI 400MG TABS,10'S,0
SA400F,SALLAKI FORTE TABS,10'S,0
KJDSAG,SALLAKI LINIMENT LOTION,,0
TAZP45,TAZOFIC PLUS 4.5G VIAL,4.5GM,0
TOGERE,TIGEFIC 50MG INJ,VAIL,0
DJKJKH,TIGEFIC PLUS NJ,1*1,0
A584,AMULSPRAY REF,200GM,0
A544,AMULSPRAY REFIL,500GM,0
A546,AMULSPRAY TIN,500GM,0
C12,CIPRALEX 10MG TAB,7'S,0
CIP10,CIPRALEX 5 TABS,1*15,0
AGLG,APGEL GEL 10GM,1X10GM,0
AQHANC,AQUAHANCE ADV NIGHT,25L,0
AR,AR-EZY DUO,7GM,0
AR-EZ,AR-EZY NASALSPRAY,1,1
B472,BENGEL 2.5 GEL OINT,30G,0
CALP1,CALCIPOWER TABS,10'S,0
CLEJHA,CLEAR GEL CREAM,1*1,3
GKJHGN,CLEAR GEL NICO GEL 20GM,1*20G,0
FHGKSH,CLEARGEL AP GEL 15GM,1*15GM,1
CLOI,CLONATE F CREAM,10G,2
CLO21,CLONATE F ONIT,20GM,0
CLO4,CLONATE LOTION 25ML,25ML,0
CLON,CLONATE OINT,20GM,3
C696,CLONATE OINT,30GM,0
C1026,CLOSONE OINT,20GM,0
COCO12,CONCOR COR 1.25MG,10,0
DGFILG,CORSANGO D3 SYP,1*100ML,0
CNJKGK,CORSANGO D3 TAB,1*15,0
KTURGI,CUDOHENZ CAP,10*S,0
JNNMKL,CZHH POWDER 100GM,1*100G,0
DDBFBB,DERMADEW ACNE FACE WASH,1*100ML,2
DEDA,DERMADEW ACNE SOAP,75G,2
DSJFJK,DERMADEW AHF SHAMPOO,1*50ML,0
DERLO,DERMADEW ALOE CREAM,50G,2
D5656,DERMADEW ALOE CREAM,150GM,0
DERL,DERMADEW ALOE LOTION,50ML,2
DD,DERMADEW ALOE PLUS CREAM,80GM,2
JKHDLH,DERMADEW B BAR,1*75G,1
DRRJNH,DERMADEW BABY CREAM 80GM,1*80G,3
BRB1,DERMADEW BABY LOTION,80GM,7
DEMAB,DERMADEW BABY SHAMPOO,80ML,2
]RB10,DERMADEW BABY SOAP,75GM,6
GSFKLG,DERMADEW BABY SOAP 125GM,1*125G,0
DQUB1,DERMADEW BACT SOAP,75GM,1
DER11,DERMADEW CALOE LOTION,60ML,2
LDER,DERMADEW CALOE LOTION,100ML,0
DERD9,DERMADEW DIPER CREAM,50GM,0
DERF9,DERMADEW FACE WASH,100GM,0
DERGL1,DERMADEW GLOW CREAM,50GM,0
A661,DERMADEW GLOW FASH WASH,1*100ML,0
DER3,DERMADEW LITE SOAP,75GM,2
DER0,DERMADEW SHAMPOO,80ML,0
DM120,DERMADEW SHOWER GEL,100ML,0
DERS,DERMADEW SOAP,75GM,6
DERMAF,DERMADEW VG WASH,100ML,1
DEWH,DEWHANCE LOTION,80ML,0
FGT,DICLOGEL OINT,30G,0
D556,DK GEL,30GM,16
DJKHDN,DK GEL POWDER,1*100GM,2
ECJFDF,EC GLOW G 600MG TAB,1*10'S,0
EZHH,EZHH CREAM,30GM,1
JFGILW,FLUVIR 75ML DRY SYP,1*75ML,0
FUDICB,FUDIC BNF CREAM,10GM,4
FUD1,FUDIC BNF OINT,20GM,0
FUDIC,FUDIC CREAM,10GM,3
FUD11,FUDIC CREAM,5GM,0
FZHH,FZHH 150MG TABS,1'S,0
FZH1,FZHH TABS,1'S,0
H2O2,H2O2 SEMUNS,100ML,0
GGSG,HH OMEGA CAP,1*10,20
HHA625,HHAMCLAV 625MG TABS,10'S,0
HHAS1,HHAMCLAVE DRY SYRUP,30ML,0
HHAZ2,HHAZI 250MG TABS,10'S,0
HHAZ1,HHAZI 500MG TABS,5'S,0
HHT1,HHCAL TROL CAPS,15'S,0
PP42,HHDERM CREAM,10GM,2
FHAFAG,HHFEXO 180MG TAB,1*10,10
HHF,HHFUDIC CREAM,10G,5
HHG1,HHGLIM M1 TABS,15'S,0
HHG2,HHGLIM M2 TABS,15'S,0
HHL11,HHLEVO TABS,10'S,30
YRGFYH,HHLEVO-M TABS,"10,S",30
HLEX0,HHLINCTUS EX SYRUP,100ML,0
HHL09,HHLINCTUS SYRUP,100ML,0
HHL3,HHLITE CREAM,20GM,3
HHM,HHMITE CREAM,30G,4
HHM1,HHMITE SOAP,75GM,3
JHGHGG,HHMUS 0.1% OINT,1*10GM,1
JHJHGG,HHMUS 0.3% OINT,1*10GM,0
HHOM,HHOMEGA CAPS,10'S,60
HHR1,HHROSU 10MG TABS,10'S,0
HHS1,HHSALIC 6 OINT,10GM,0
HCL,HHSALIC LOTION,10ML,0
HSL,HHSALIC OINT,10G,3
HHC,HHSONE CREAM,10GM,3
HHS,HHSONE LOTION,10ML,0
HHT3,HHTELM 40MG TABS,10'S,0
HHT2,HHTELM H TABS,10'S,0
HHZ,HHZOLE CREAM,10G,2
IGLL1,I-GLOW CREAM,20GM,1
ITZH1,ITZHH 200 CAPS,10'S,20
I,Z IZEB CREAM,30GM,4
K229,KZ CREAM,30GM,11
LJHNNG,KZ POWDER 100G,1*100G,3
LKJHHJ,KZ SOAP 125GM,1*125G,0
LS10,LSDEW SOAP,75GM,2
LZHH,3 LZHH CREAM,30GM;,0
KLFHHH,LZHH LOTION 30ML,1*30ML,0
LZHH,LZHH XL CREAM 50GM,50GM,0
IUGQIW,MELIN M 0.5MG TAB,100ML,0
MOMA,MOMATE F CREAM,15GM,3
MU11,MUPI OINT,5GM,3
LKHLHD,MUPI XL OINT 15GM,1*15G,1
MX51,MX 5 LOTION,60ML,1
HKHKSD,MX F5 LOTION,1*60ML,1
MX10,MX-10 LOTION,60ML,0
MX26,MX-2 LOTION,60ML,0
PRO,PROPYDERM NF CREAM,10GM,4
P587,PROPYDERM NF CREAM,15GM,0
P629,PROPYGENTA NF CREAM,20GM,1
P442,PROPYGENTA NF CREAM BIG,30GM,1
P578,PROPYNATE NF CREAM,30GM,0
P688,PROPYNATE NF CREAM,20GM,0
PRPE,PROPYNATE NF LOTION,25ML,0
PROPY3,PROPYSALIC E 30GM OINTM,30GM,0
PRP14,PROPYSALIC NF CREAM,30GM,15
PROPY,PROPYSALIC NF LOTION,30ML,3
PROPYN,PROPYSALIC NF OINT,20GM,4
PROJUP,PROPYSALIC NF OINT 30GM,1*30G,0
PRN2,PROPYSALIC NF6 OINTMENT,20GM,5
FGGHHH,PROPYSALIC SOAP 100GM,1*100G,2
P506,PROPYZOLE NF CREAM,15GMS,2
QWGIOH,PROTEININA KID POWDER,200GM,0
PMP,PROTEININA MOM POWDER,1*200,0
JLUJHJ,PROTEININA POWDER,200GM,1
JYJHK,PURE HANDS,1,0
SEB01,SEBUM CLEAR N GEL,20GM,1
S1249,SUNBAN CREAM,60ML,0
SUNF,SUNBAN FORTE CREAM,1X60G,3
SUBSND,SUNBAN LOTION 60ML,,0
SDFDDG,SUNBAN MATTI GEL 75GM,,0
SUNBAN,SUNBAN PRO LOTION,60ML,3
SUNB1,SUNBAN ULTRA GEL,60ML,0
JGEGW,SZHH CREAM,1*30GML,0
T670,TRETIN 0.05% CREAM,30GM,2
T523,TRETIN 0.25% CREAM,30GM,2
TRETI,TRETIN ISO 10MG CAPS,10'S,0
TRT20,TRETIN ISO 20MG CAPS,10'S,0
TRF11,TRFY 250MG TABS,7'S,0
TR29,TRFY CREAM,15GM,3
UTYD2Q,ZIHIUM XL 100MG SYP,30ML,0
HFGEWE,ZITHIUM XL 200MG,30ML,0
DELUX,DELUX GADI TENT,1'S,0
HYGGII,HAYSHINE POWDER,1*105GM,0
BIX,BINRED-XT CAP,10S,0
HAIR,G HAIRGENN TAB,10'S,0
CQFLAV,CQ FLAV TAB,10'S,0
GLIMM2,GLIM M2 TABS,10'S,0
JHFKJN,GN M1 FORTE TAB,1*10,0
GNM1,GNM 1MG TABS,1*10,0
GNM2,GNM 2MG TABS,10'S,0
HAL123,HALCIUM TABS,10'S,0
JHASDF,HALNAC GEL,1*10,0
HAL21,HALONEURON CAPS,10'S,0
HAL32,HALONEURON PG CAPS,10'S,0
HALNT,HALWIN NT TAB,10'S,0
HAL/D,HALZIM D TAB,10'S,0
FA,HALZIM PLUS TABS,10'S,0
DJSGHK,HAYSHINE 60 SOLUTION,1*4,0
MUM21,MUMINS L CAPS,10'S,0
POLED,POLE DSR CAPS,10'S,0
YFB21,YFRAB DSR CAPS,10'S,0
C828,CINKARA SYRUP,500ML,0
B1647,ROGAN BADAM SHIRIN,50ML,0
B1648,ROGAN BADAM SHIRIN,25ML,0
S571,SAFI BIG,500ML,0
S483,SAFI MEDIUM,200ML,0
S484,SAFI SMALL,100ML,0
PENTSU,PENTASURE VANILLA,400G,0
T533,THERMOMETER DOCTOR,1'S,0
HLFLHL,PCOSET TAB,1*10,0
FGFHJJ,RBCYTE ORAL DROPS,1*15ML,0
JKHFKH,ELUGIA CLEANSING LOTION,1*125ML,0
DLHHGG,ELUGIA MAX LOTION,1*200M,0
FJHFHF,EUGIA MAX LOTION,1*200ML,0
AFHFGA,ACERAPID S TAB,1*10,0
FDGJHJ,ACERAPID TH4 TAB,1*10,0
HFGFRR,CITROKING HD TAB,1*15,0
OLIBER,LIBERO JOINT,1*10,0
SDKHFH,LIBERO JOINT PLUS TAB,1*10,0
HNHFGH,LIBERO PG,1*10,0
LIBER,LIBEROCAL D3,1*4,0
DJFBNS,LIBEROCAL PLUS TAB,1*10,0
STCSP,STERILE COMB DRESSING PAD 10CM,,17
SURGB,SURGIPADS,20*10,260
LJVJHL,VIVAVIT L CAP,1*10,0
G451,GLINATE 60MG TABS,10'S,0
G399,GLUCAR 25MG TABS,10'S,0
BEF,BENFREE CAP,10'S,0
DHFGKL,BREAKHEAL 750MG TAB,1*10,60
GFUM,GLIMULIN 1MF FORTE TABS,15'S,0
GLMF,GLIMULIN 2 MF TABS,15'S,0
G,GLIMULIN 2MF FORTE TABS,15'S,0
G401,GLIMULIN 2MG TABS,10'S,0
GLIML,GLIMULIN 4MF FORTE TABS,15'S,0
GLIMFT,GLIMULIN MF TABS,15'S,0
G398,GLIMULIN(GLIMIPRIDE)1MG,15'S,0
MG21,MIGNAR 50MF TABS,10'S,0
MIG5,MIGNAR 50MG TABS,10'S,0
PERIGD,PERIGARD D TAB,10,0
RAZE,RAZEL 10MG TAB,1*15,60
RAZ5,RAZEL 5MG TABS,1*15,0
TEL,TELMA H TABS,15'S,300
X30,XMET 250MG TABS,15'S,0
X31,XMET 500MG TABS,15'S,0
X32,XMET 850MG TABS,15'S,0
XMET,XMET SR 500MG TAB,15'S,0
FB,FEBRINIL VIAL,15ML,0
C736,COMPLAN CHOC 1KG REF,1KG,0
C294,COMPLAN CHOC JAR,500GM,0
C1132,COMPLAN CHOC JAR,200GM,0
C272,COMPLAN CHOC REFIL,200GM,0
COMF,COMPLAN FAMILY LITE,1X500GM,0
C1700,COMPLAN KULFI POWDER,400GM,0
C295,COMPLAN MANGO REFIL,500GM,0
COML1,COMPLAN NUTRI GRO,400GM,0
C1501,COMPLAN POUCH,500GM,0
C274,COMPLAN REGULAR REFIL,200GM,0
C275,COMPLAN REGULAR REFIL,500GM,0
F467,FAREX RAGI RICE POWDER,400GM,0
F322,FAREX RICE REFILL,400GM,0
F369,FAREX WHEAT APPLE REF,400MG,0
G089,GLUCON D 100GM PLAIN,100GM,0
G091,GLUCON D 200GM PLAIN,200GM,0
G1187,GLUCON D 250GM PLAIN,100GM,0
G090,GLUCON D 500GM PLAIN,500GM,0
GL1KG,GLUCON D LEMON POWDER,1KG,0
G205,GLUCON D ORANGE,100GM,0
GLU1KG,GLUCON D PLAIN 1000G,1KG,0
GLUCRI,GLUCON D REFIL,500GM,0
GLUOR5,GLUCON D REFILL(ORANGE),500GM,0
GLDV1,GLUCON D VOLT ORANGE BOLT 1,,0
GLU,GLUCON D(L)REFIL,1KG,0
HEN11,HEINZ POWER SPROUTS,500GM,0
N1640,NYCIL COOL GULABARI,75GM,0
N166,NYCIL LAVENDER POWDER,150GM,0
NYP,NYCIL POWDER 40GM,1X40GM,0
N1597,NYCIL SANDAL,75GM,0
N168,NYCIL SANDAL POWDER,150GM,0
TELIST,TELISTA CL TAB,10'S,30
ACEP9,ACENET T TABS,10'S,0
DFOSHF,FLYRAB DSR CAP,1*10,0
FGLKGJ,FLYRAB LS TAB,1*10,0
HEC21,HECOB P TABS,10'S,0
JKDHFF,HELIA PHARMACEUTICALS,1*10,0
MCBF1,MCB FORTE CAPS,10'S,0
MCB11,MCB PLUS CAPS,10'S,0
MCBIN,MCB PLUS INJ,2ML,0
MECO1,MECOARK P CAPS,10'S,0
OYGGGG,ORTHOCERIN CP TAB,1*10,0
ORT12,ORTHOCERIN GM TABS,10'S,0
QUHGGG,QROT TAB,1*10,0
ROX31,ROXINAZ 500MG TABS,10'S,0
LOR13,LORVIS P TABS,10'S,0
PRED11,PREGABAL 75MG CAPS,10'S,0
Z255,ZYCARE CREAM,15GM,0
UHIL3T,CALCIFIL 5G,1*10,20
CAL26,CALCIFIL TABS,10'S,0
CE31,CELINOR CAPS,10'S,0
ELMELI,ELMELIN 10/5 TAB,10'S,60
GABAJH,GABAMAB NT TAB,1*10,0
H50,HIXITA-50 MG,10'S,0
ISTMF,ISTAPIN M FORTE TABS,10'S,0
LIP33,LIPORID TABS,10'S,0
MEE1,MELIN G 1MF TABS,10'S,0
MEE2,MELIN G 2MF TABS,10'S,0
MELG05,MELIN G M0.5MG TABS,10'S,0
MOT32,MONTEBLAZE LC TABS,10'S,0
ONS11,ONSLIM CAPS,10'S,0
PB44,PEBLIN 75MG CAPS,10'S,0
PEB,ME PEBLIN ME75 CAPS,10'S,30
PROK1,PROKIND POWDER,200GM,0
RZ20,RZOES 20MG TABS,10'S,0
TER4,TELRON 40 H TABS,10'S,30
TER3,TELRON 40MG TABS,10'S,0
TRM11,TRIMELIN 1MG TABS,10'S,140
TRM2,TRIMELIN 2MG TABS,10'S,40
ZOMA1,ZOMAC 40MG TABS,10,0
ZYLF09,ZYLOFER FORTE CAPS,10'S,0
ZYL21,ZYLOFER XT CAPS,10'S,0
HEFJSD,HELLO BABY APPLE PILLO,1,0
HRJBFJ,HELLO BABY BED,,0
NHFGSJ,HELLO BABY BRUSH,1,0
KHDLON,HELLO BABY DELUXE BRUSH,1,0
HELOOP,HELLO BABY HOOD TOWEL,1'S,0
FSDFSK,HELLO BABY LITTLE PRIMIUM 1,,0
MUSICA,HELLO BABY MUSICAL SHOE,1,0
MNVBCD,HELLO BABY MY CUP,1,0
GTRH,HELLO BABY MY CUP SPCL,1,0
NDFDHG,HELLO BABY NECK PILLOW,1,0
HELLON,HELLO BABY NET BED BAG,1'S,0
HDSDHK,HELLO BABY NIPPLE SHIELD,1,0
HNGKRG,HELLO BABY PIYO PIYO,1,0
HEJTGO,HELLO BABY POWDER PUFF,1,0
QUICK,HELLO BABY QUICK DRY WOOD 1,,0
HE;LOK,HELLO BABY SLEEPING BED,1,0
BJDDSG,HELLO BABY SOAP DISH,1,0
BNCJSD,HELLO BABY SPOON FEEDER,1,0
HEMLD,HELLO BABY TOY PRINCE CUP 1,,0
URTTT,HELLOBABY HONEY NIPPLE,1*1,0
HON,HONEY NIPPLE (HELLO BABY) 1'S,,0
NOG1,NOGESTOL TABS,21'S,0
RAZ21,RZOES DSR CAPS,10'S,0
BHDJGH,FLUVIR 75MG CAPSULES,10,0
CFF1,C-FURO 500MG TABS,10'S,0
DAR40,DARCEPT 40MG INJ,1S,0
ERL11,ERLISOL INJ,10ML,0
GEF1,GEFITERO 250MG TABS,10S,0
GNXC,GENXVAST 20MG TAB,1*10,0
IMB1,IMATERO 40MG TABS,10'S,0
HDFHSD,JAKURA 5MG TAB,1*1,0
LAZINE,LAZINE 5MG TABS,10'S,190
LEVD,LEVOCET D TAB,10'S,0
LVM1,LEVOCET M TABS,10'S,150
LEVC,LEVOCET SYRUP,60 ML,0
LEVO,LEVOCET TABS,10'S,140
MCLIHB,MOVFOR 200MG CAP,1*40,0
NEV11,NEVIR TABS,60'S,0
PANTL,PANTIN-L CAPS,10'S,0
RABL,RABEZ-L CAPS,10'S,170
TAMOCI,TAMTERO TABS,10'S,0
TET100,TEMOTERO 100MG TABS,5'S,0
TEJHEF,TENOF 300MG TAB,1*30S,0
SFGKKL,TENOF EM TAB,1*30,0
TENN1,TENOLAM E TABS,30'S,0
VELS99,VELASOF TABS,28'S,0
VEGDJH,VESIFA 5MG TAB,1*10,0
ZIDO,ZIDOLAM N TAB,60'S,0
NT12,NUTRIVA TABS,15'S,0
HCSDGF,CIPROFLOXACIN IV,1*100ML,13
TMNICD,T-MINIC DROPS(ORAL),15ML,0
TMNICS,T-MINIC SYP,60ML,0
T534,HICKS OVAL THERMOMETER,1'S,0
HEXAG,HEXAGLIM-M1,15'S,75
HEXA2,HEXAGLIM-M2,15'S,150
HEXA3,HEXAGLIM-M3,15'S,150
HECA,HEXARTIN-40,10'S,0
HEXAM,HEXARTIN-AM,10'S,70
HEXA,HEXARTIN-H,10'S,50
HICXAM,HICXAMET SR 500 TAB,15'S,165
HIM50,HIXITA-M50,10'S,95
NEO,NEOPROLOL-XL 50,10'S,20
ORIO,OROGLIC-M80,10'S,20
A435,ABANA TABS,1*1,0
BB15,BABY POWDER,100GM,0
BABP9,BABY POWDER,200GM,0
BABP2,BABY POWDER,400GM,0
BABP50,BABY PRICKLY HEAT POWDER,50GM,0
HBS01,BABY SHAMPOO,200ML,0
BB11,BABY SOAP,70GM,0
BB16,BABY SOAP,115GM,0
BLE11,BLEMINOR ANIT OINT,30GM,0
B568,BONNISAN DROPS,30ML,0
KNS,BONNISAN SY,200ML,3
B390,BONNISAN SYRUP,120ML,0
BRE1,BRESOL SYRUP,100ML,0
DFJLJH,BRESOL TAB,1*60,0
C1605,CLARINA CREAM,30GM,0
CLEG14,CLEAR GUT POWDER,14KG,0
C953,CONFIDO TABS,60'S,1
CYDGDF,CYSTONE FORTE TAB,1*30,0
CYS200,CYSTONE SF SYRUP,200ML,0
CYST,CYSTONE SYP,100ML,0
C618,CYSTONE TABS,60`S,5
DIAB.,DIABECON DS TABS,60'S,0
D480,DIABECON TABS,60`S,0
A949,DIGESTIVE BISCUITS,120ML,0
E449,EVECARE CAPS,30'S,0
EVECAR,EVECARE FORTE SYP,200ML,0
E364,EVECARE SYRUP,200ML,0
F520,FACE WASH CREAM,50GM,0
F519,FACE WASH NEEM,50GM,0
FACE,W FACE WASH(NEEM) CREAM,100GM,0
GAX,GASEX SYRUP,1X200ML,3
G168,GASEX TABS,100`S,2
G169,GERIFORTE SYRUP,1*200ML,0
G167,GERIFORTE TABS,100`S,0
A956,HAIR SHAMOO,120ML,0
CLERAG,HH CLEAR GUT(8KGS),1,0
HIMAWC,HIM ACTIVE MOUTH WASH,215ML,0
HAD09,HIM ANTI DANDRUFF SHAMPOO 200ML,,0
KJHFHF,HIM ASWAGHANDHA TAB,1*1,0
BB9,HIM BABY LITIONS ALL,,0
HIAT9,HIM BABY SOAPS ALL,,0
DJFLKJ,HIM BRAHMI,1*1,0
H2014,HIM DANDRUFF SHAMPOO,100ML,0
HID9,HIM DIAPER RASH CREAM,1,0
HSDGJS,HIM HADJOD TAB,1*60,0
JDDHLG,HIM PRICKLY HET POWDER,1*200,0
JHGRRQ,HIM REFRESH & CLARIFYING,1*100ML,0
HIMP2,HIM SCRUB LOTON,50ML;,0
HIMA2,HIM SOAP,75GM,0
NFHJRY,HIM TAN REMOVAL MASK,1*50GM,0
BAB1,HIM TAN REMOVAL ORANGE,,0
HIMA7,HIM TOOTHPAST,150GM,0
DLDKFH,HIM TRIPHALA,1*1,0
HIMC,HIMCOCID SYRUP,200ML,0
H277,HIMCOLIN GEL (HIMALAYA,30GM,0
HIP01,HIMPLASIA TABS,10'S,0
HIOK9,HIORA K MOUTHWASH,150ML,0
HIO32,HIORA K TOOTHPAST,100GM,0
HIOK1,HIORA K TOOTHPAST,50GM,0
HIMW1,HIORA MOUTH WASH,150ML,0
HIOSG,HIORA SG OINT,10GM,0
HIO11,HIORA TOOTHPAST,50GM,0
HIO100,HIORA TOOTHPAST,100GM,0
HIW11,HIOWNA KIDZ POWDER,200GM,0
K88,KOFLET COUGH SYRUP,100ML,0
L214,LIV52 100ML SYRUP,100ML,4
L215,LIV52 120ML DROPS,120ML,1
L213,LIV52 200ML SYRUP,200ML,21
LIV6,LIV52 60ML DROPS,60ML,0
C1175,LIV52 DS 100ML SYRUP,100 ML,5
LIV200,LIV52 DS SYRUP,200ML,0
L217,LIV52 DS TABS,60`S,4
L216,LIV52 TABS,100`S,3
LI1B,LIV52HB CAPS,10'S,0
L218,LUKOL TABS,60`S,720
MEN/DS,MENTAT DS SYRUP,1'S,0
M364,MENTAT SYP,200ML,1
M620,MENTAT TABS,60'S,0
NEEM.,NEEM FACE WASH,50ML,0
NEE2,NEEM FACEWASH,100ML,0
O073,OPHTHACARE EYE DROPS,10ML,0
OPTHA,OPTHACARE EYE DROUPS,1'S,0
OXTD1,OXITARD CAPS,10'S,0
P441,PILEX OINT,30GM,0
P392,PILEX TABS,60`S,3
R469,RENALKA SYP,100ML,0
REOS,REOSTO TABS,30'S,0
RUMFOR,RUMALAYA FORTE TAB,30'S,0
R346,RUMALAYA GEL/OINT,30GM,2
RHUM1,RUMALAYA OIL,60ML,27
R253,RUMALAYA TABS,60`S,0
S411,SEPTILIN SYP,100ML,0
S377,SEPTILIN SYRUP,200ML,0
S412,SEPTILIN TABS,1`S,4
S415,SPEMAN TABS,60`S,60
T310,TENTEX FORTE TABS,10`S,30
T767,TENTEX ROYAL CAPS,10'S,0
TULAS9,TULASI TABS,60'S,0
A4841,ANTI DANDRUF SAHMPOO(AC),100ML,0
A4836,ANTI DANDRUF SHAMPOO(AC),40ML,0
BAP21,BABY PRICKLY HEAT POWDER,100GM,0
BABY9,BABY PRICKLY HEAT POWDER,200GM,0
BO4,BOROPLUS CREAM 19ML,19ML,0
CHY,CHYAWANPRASH HIMALAYA,500GM,0
BCJKSD,HAIMALAYA HAIR CREAM,100ML,0
FKLFJA,HIM AGE DEFYING CREAM,,0
HIFGFD,HIM ALOEVERA FACE GEL,100ML,0
HIJDKL,HIM ALOVERA FACE WASH,50ML,0
NDFVH,HIM ANTI HAIR LOSS CREAM,,0
HUEFKN,HIM ANTI SEPTIC CREAM,20GM,0
KGHGKG,HIM AYURVEDA GUM CARE,,0
HIMAHF,HIM AYURVEDA SOAP 125GM,125GM,0
HISFMS,HIM AYURVEDA SOAP 75GM,75GM,0
HIOJFK,HIM BABY CREAM 100ML,100ML,0
HUHF,HIM BABY CREAM 200ML,200ML,0
HUKFLD,HIM BABY CREAM 50ML,50ML,0
BB5,HIM BABY CREAMS ALL,1*1,0
GIFH9,HIM BABY GIFT PACK,ALL,0
HIUMAJ,HIM BABY HAIR OIL,50ML,0
HIMLAJ,HIM BABY HAIR OIL,100ML,0
HIMALJ,HIM BABY HAIR OIL,200ML,0
BB10,HIM BABY LAUNDRY WASH,1LTR,0
HIMHDK,HIM BABY LOTION 100ML,100ML,0
HIDNSM,HIM BABY LOTIONS 400ML,400ML,0
HIMLAD,HIM BABY MASSAGE OIL,200ML,0
HIAMSH,HIM BABY MASSAGE OIL,50ML,0
ADHIMA,HIM BABY MASSAGE OIL,100ML,0
HIM,HIM BABY MASSAGE OILS ALL,,0
HIMADJ,HIM BABY POWDER 100GM,100GM,0
HIANMA,HIM BABY POWDER 12%,100&200G,0
HIMLAU,HIM BABY POWDER 200GM,200GM,0
HIMLDH,HIM BABY POWDER 400GM,400GM,0
BB13,HIM BABY POWDERS 50GM,50GM,0
HIMLAK,HIM BABY SHAMPOO 100ML,100ML,0
SFHIML,HIM BABY SHAMPOO 200ML,200ML,0
HIMLHS,HIM BABY SHAMPOO 400ML,400ML,0
HIMLDJ,HIM BABY SOAP,75GM,0
HINDFK,HIM BABY SOAP 125GM,125GM,0
"HIDMS,",HIM BABY WASH 200ML,200ML,0
BAB100,HIM BABY WASH ALL,,0
BABYW2,HIM BABY WIPES ALL,10'S20'S,0
HIMAL1,HIM BATISA 1KG,200GM,0
NDFBOR,HIM BODY LOTION ALL,,0
BB8,HIM CODITIONER ALL,100GM,0
JGOPRR,HIM CREAM PROTIEN,100ML,0
HIMAL,HIM DIAPERS,1,0
HIAMLA,HIM FACE WASH,50ML,0
HIMLAY,HIM FACIAL WIPES,25'S,0
HDIADN,HIM FACIAL WIPES ALL,,0
FTT1,HIM FOOT CREAM,,0
H354,HIM HAIR CREAM,100ML,0
ASLKRH,HIM HAIR CREAM 100ML,100ML,0
HSMHF,HIM HAIR OIL AD 100ML,100ML,0
HDLGH,HIM HAIR OIL AHF 100ML,,0
HIGMGM,HIM HONEY SOAP,75GM,0
3HIMAK,HIM HONEY SOAP 125GM,125GM,0
GFHDG.,HIM LIP BALM,,0
HFYHJK,HIM LIP CARE ALL,,0
HIADFJ,HIM NATURAL GLOW FACE GEL 1,,0
HINALD,HIM NEEM FACE WASH,100ML,0
HIMALY,HIM NEEM SOAP,75GM,0
HHJL,HIM NOURISHING SKIN CREAM,,0
HIMKDA,HIM OILCLEAR MUD FACE,1,0
HIAMDN,HIM ORANGE FACE SCRUB,,0
HLHLHD,HIM PRICKLY HEAAT POWDER,1*100G,0
NSDOIF,HIM RICH COCO CREAM,,0
HIAT1,HIM SHAMPOO ALL,,0
GHFKGH,HIM SHISU BABY PANTS,1*1,0
HFERUI,HIM SUN SCREEN LOTION ALL,,0
HGIREG,HIM TULASI SOAP,75GM,0
HFSIFS,HIM UNDER EYE CREAM,15ML,0
HIMKLJ,HIM WINTER DEFENSE CREAM,,0
LB,LIP BALM,10GM,0
NEE,NEEM CAPS(HIMALAYA),60'S,0
OHFGGH,PILEX FORTE OINT,1*30G,4
TARA1,TARA COLIC AID 1KG,,0
B1852,BOROPLUS BODY LOTION,25 GM,0
B1649,BOROPLUS POWDER ICE BIG,150GMS,0
BORO,BOROPLUS POWDER ICE SMALL 50GM,,0
JKHDFG,EVECARE FORTE CAP,1*10,0
F434,FAST RELIEF OINT,25GM,0
F455,FAST RELIEF OINT,12GM,0
HIMA25,HIMANI FST RELEIF CREAM,25GM,0
HIMA12,HIMANI FST RLF(12GM),12G,0
N561,NAVRATNA OIL,100ML,0
N991,NAVRATNA OIL,50ML,0
NAV3,NAVRATNA OIL 300ML,1X300ML,0
VKJGHG,BIOCET M TAB,1*10,0
BIOTGW,BIORAB 20MG TAB,10'S,0
BIORA,BIORAB D TAB,10'S,0
BIRAB,BIORAB DSR TAB,10'S,0
CALZ1,CAL CZ TABS,10'S,0
CAC5,CARNICARE 500MG TABS,6'S,0
COLP9,COLGATE PAINOUT GEL,10GM,0
DIS2,DISPOVAN 20CC,1X20CC,0
D098,DISPOVAN 2ML SYRENGES,1,0
DI5,DISPOVAN 50CC,1*1,0
DSIM,DISPOVAN SYRING 1ML,1X1ML,3
IZ-LUL,IZ-LULI,30 G,3
IZ-L,IZ-LULI,75 G,1
KOFL1,KOFLET SF LOZENGES,6'S,0
LAKM1,LAKME SUNSCREEN,60ML,0
HIVIT,HIVITAL TAB,10'S,0
PREZD,PREZO D TABS,10'S,0
DYYFY,FRIENDS MATERNITY PADS,1*1,0
ISHFHS,I-SALIC 6 OINTMENT,20GM,4
M440,MOODS CONDOMS,1`S,0
M774,MOODS SUPREME CONDOMS,10'S,0
C289,CLOSE UP PASTE RED,150GM,0
C290,CLOSE UP PASTE RED,250GM,0
C291,CLOSE UP PASTE RED,40GM,0
C769,CLOSE UP PASTE RED,80GM,0
D463,DOVE SOAP,100GM,0
H268,HORLICKS JUNIOR,500GM,0
P014,PEARS SOAP,45GM,0
P511,PEPSODENT TOOTH PASTE ALL 200GM,,0
P695,PONDS BODY LOTION,100ML,0
P244,PONDS SANDAL POWDER,100GM,0
P243,PONDS WHITE BEAUTY,25GM,0
S649,SUNSILK SACHET (PINK),8ML,0
S232,SUNSILK SACHET (YELLOW),8ML,0
VASL,VASELINE LIP CARE,10GM,0
V163,VASELINE MINI,7G,0
VASW,VASELINE(WHITE,42GM,0
VAS2,VASELINE(WHITE,20GM,0
V390,VASLEEN TALC,100 GM,0
BOOFSD,BOOST REFIL 400GM,500GM,0
HORLI,HORLICKS 1KG ALL,1KG,0
HOR,JUNR HORLICKS ALL,ALL,0
M724,MALTOVA REF,500GM,0
DIS3,DISPOVAN 3ML,1*3ML,100
SCALP,S.V SET,1'S,100
APTITE,APPETITE DROPS,15ML,0
APPSYP,APPETITE SYRUP,200ML,13
BASJ,BREATH DX SY,60ML,0
BREATH,BREATH SYP,60ML,0
BREADX,BREATH-DX SYP,60ML,25
WUJGHI,BREATHE T EXPT,100ML,0
CMXX,CMXX 500MG TAB,10'S,0
CT10,CT10,10'S,0
HI,F HI-FER SYRUP,200ML,0
HIFT,HI-FER TAB,10'S,0
HIGDGD,HIFER XT SYRUP,200ML,0
HI11,HIFLO SYRUP,60ML,0
HIPZX,HIPLEX Z SYRUP,180ML,0
VIM11,HIVIT DROPS,15ML,0
HYTE,HYTE SYP,150'ML,0
MINO,MINOBOOST-F SOLUTION,1,0
NFJHHF,NERVON OD TAB,1*10,0
PEPD9,PEP DF POWDER,200GM,0
PD11,POD 200MG TABS,10'S,30
JUSDRG,POD 50 DRY SYP,1*30ML,0
ELJHLN,POD CV TAB,1*6,0
RIKID,R.I.KID TAB,10'S,0
S,F SEA FORTE,10,0
U-FLOR,U-FLORA SACHETS,1GM,0
VITD9,VITOXY PLUS CAPS,15'S,0
LFDFKG,AQUIM EYE DROPS 5ML,1*5ML,0
FHKLHL,AQUIM EYE WIPES,1*10,0
AQDFFF,AQUIM GEL 10GM,1*10GM,0
DFHFFF,AQUIM PF EYE DROPS,1*10ML,0
WHFHFH,AQUIM T EYE DROPS,1*5ML,0
EYENED,EYENESS WIPES,1*20,0
MAXIMO,MAXIM EYE DROPS,5ML,0
VCT,VCOLUX TAB,10,0
FERR1,FERRO PLUS TABS,30'S,0
FE20,FERTEX 50MG TABS,10'S,0
FER61,FERTEX M TABS,30'S,0
GR321,GRAPEZ CAPS,10'S,0
HIL1,HILGESTRONE 200MG CAPS,10'S,0
HIL11,HILNOR 5MG TABS,10'S,0
N106,NAUSILEX TABS,10'S,0
NOV11,NOVEX TABS,1*10,0
ABYR9,ABHAYRAB VACCINE,0.5ML,0
HUAL9,HUMAN ALBUMIN 20% VIAL,200MG,0
EFJHJH,PROGESHIELD 500MG INJ,1*1,0
FUWYWR,HARPIC 10X MAX CLEAN,1*1,0
LOSA,LOSANORM 25TAB,10S,0
LOSN,LOSANORM 50 MG TABS,1X10,0
LSH2,LOSANORM H 25MG TAB,10S,0
MIG66,MIGRATE Q10 TABS,10'S,0
NA,NAPPY SHIELD CREAM,1,1
NUG100,NUGEST 100MG CAPS,10'S,0
OVIN,OVIN D3 60K,8'S,0
MGHDRU,OXEPIN 300MG TAB,1*10,0
HRTRYT,PACIMOL DS SYP,1*60ML,0
AWKJDG,SOFTBAN,,0
ST41,STAMINA OD TABS,15'S,0
STZ1,STAMINA-Z SYRP,150ML,0
ZECAL,ZECALMAX TAB,30'S,0
FHJHE,RECITA FORTE TAB,1*15,45
JSDJHJ,ADD EPA TAB,1*30,0
AM16,AMICON 10 TABS,10'S,50
AM14,AMICON 25 TABS,10'S,120
AML3,AMICON FORTE TABS,10'S,0
AM43,AMICON PLUS,10'S,30
AMI50,AMIDE-50 MG,10 *S,0
AMLS1,AMIGABA LS TABS,10'S,0
AMIG2,AMIGABA TABS,10'S,0
ARIF1,ARIFINE 10MG TABS,10'S,0
DJDHFL,ARIFINE 2.5MGTAB,1*10,0
VGVVJU,ARIFINE 5MG TAB,1*10,0
BAVFJN,BACFEN 10MG TAB,1*10,0
IGUFTW,BACFEN XL 20MG TAB,10S,0
BIOH9,BIOHOMIN LS TABS,10'S,0
BIOH1,BIOHOMIN TABS,10'S,30
VEGRGH,BRIVUP 50MG TAB,1*10,0
DHFLKG,BVERT 16MG TAB,,0
DFFKLH,BVERT 8MG TAB,1*10,0
CIL12,CILOTAB 100MG TABS,10'S,0
CILL1,CILOTAB 50MG TABS,10'S,0
KJEHFK,CLOBIUM 10MG TAB,1*10,0
CJHFHH,CLOBIUM 5MG TAB,1*10,0
CLO0.5,CLONAM-0.5,10'S,0
COGB21,COGNIFAST TABS,10'S,0
JKWHTU,DIPRO OD 250 TAB,1*10,0
DIZI21,DIZILIV TABS,10'S,0
KFGKGK,DULOTIN 10MG TAB,1*10,0
DUOT,DULOTIN 20MG TABS,10'S,50
DL42,DULOTIN 30MG TABS,10'S,90
ECT1,ECT FORTE TABS,10'S,0
ESL10,ESCLO FORTE TABS,10'S,0
ET0,ETINAP 0.5MG,10'S,0
JFGHKF,FLOATIN 10MG TAB,1*10,0
AJDFHJ,FLOATIN 20MG TAB,1*10,0
GAW25,GABAWIN 25MG TABS,10'S,0
WEKJHF,GABAWIN 75MG TAB,1*10,0
EKJHFJ,GABAWIN M 75MG TAB,1*10,0
GABM25,GABAWIN M25MG TABS,10'S,0
GABW1,GABAWIN M50MG TAB,10'S,0
GABNT,GABAWIN NT TAB,10,0
HOM3,HOMIN D3 TABS,10'S,70
HM14,HOMIN TABS,1*15,135
LACO,LACOPTAL 50MG TAB,10'S,0
LITH4,LITHIC SR450MG TABS,10'S,0
LORI1,LORICON 1 MG TAB,10'S,0
LR51,LORICON 2 TABS,10'S,0
JGGHGW,LUMISE CLEANSER,1*1,0
LUR93,LURACE 80MG TABS,10'S,0
F,SHGH MINAL-TD TAB,1*15,0
MP1GM,MP 1GM INJ,IM/IV,0
HFFFHH,NEFGUARD TAB,1*10,0
NEUB1,NEUBEN PLUS CAPS,10'S,0
NCF,NEUCITI FORTE TAB,10,0
NEUCI1,NEUCITI PLUS SYRUP,60ML,0
NEU32,NEUCITI PLUS TABS,10'S,0
HGGKGF,NEWBEN PLUS TAB,1*10,0
KDFDGF,PREGATHREE TAB,1*10,0
PRGA9,PROGABA GEL,30GM,0
QU21,QUSER XL300 TABS,10'S,0
RISF9,RISCON FORTE TABS,10'S,10
RISL1,RISCON LS TABS,10'S,20
RISC1,RISCON PLUS TABS,10'S,130
TFL1,T-FIL 10MG TABS,4'S,0
ICON,TAROVIT TAB,10'S,0
TR112,TAROVIT Z SYRUP,150ML,0
T3001,TORPIDO 75MG TABS,10'S,0
ULT5,ULTRA PLUS H TABS,10'S,0
ULT6,ULTRA PLUS TABS,10'S,0
XENA1,XENADOM 250MG TABS,10'S,0
XEN50,XENADOM 500MG TABS,10'S,0
ZKJHGJ,ZAPORIL 50MG TAB,1*10,0
'KPTLU,CLINSODENT TABS,1*4,0
SKDJGK,FIXON CREAM,1*50GM,0
F224,FIXON POWDER,15GM,0
GAB1,GABAWIN 50MG TABS,10'S,0
H095,HEXIDINE MOUTH WASH,1X80ML,2
H370,HEXIDINE MOUTH WASH,160 ML,0
H327,HEXIGEL GEL,15GM,2
H188,HEXIGEL GEL,25GM,0
MOY23,MOYZEN CREAM,100GM,0
MOJHFF,MOYZEN LIQUID,1*1,0
MOY,MOYZEN OIL,1X200ML,0
MU15,MUCOPAIN OINT,1X15GM,5
P423,PILON TABS,10'S,0
T147,RA THERMOSEAL TOOTPASTE,50GM,2
RA,TH RA THERMOSEAL TOOTPASTE,100GM,2
T147,RA THERMOSEAL TOOTPASTE,50GM,3
S496,SHINE N SMILE TOOTHPAST,75 GM,0
T486,THERMOSEA TOOTHBRUSH,50GM,0
SDJKDN,THERMOSEAL FLOSS,1*1,0
HGDFKL,THERMOSEAL ORTHO BRUSH,1*1,0
TJRTJH,THERMOSEAL PROXA NS,1*1,0
JHHLHH,THERMOSEAL REPAIR 50GM,1*50G,0
FLKGJG,THERMOSEAL RPIAR 100GM,1*100G,0
T146,THERMOSEAL TOOTHPASTE,50GM,3
DSKGKK,WET MOUTH LIQUID 200ML,1*200ML,0
Z177,ZINGISOL LOTION,15ML,0
CVAAJK,METOPOLE XL 12.5 TAB,1*10,0
I128,IODEX PAIN BALAM ALL,,0
CRBR1,COREST BR SYRUP,60ML,0
FE180,FEXOZIDE 180MG TABS,10'S,0
HYLON,HYLON EYE DROPS,10ML,1
MO325,MONTEGO CV325MG TABS,10'S,0
ORTM9,ORTHOMOL GEL,30GM,0
SORF9,SOFTFLORA POWDER,100GMS,0
TRU625,TRUCLAVE 625MG TABS,10',0
ZIN99,ZINCOMAX TABS,10',0
ENG,ENTEROGERMINA SUP,5ML,41
RAKPPR,RAKSHA PPR VAILS,5ML,3
TAM31,TAMSIN D TABS,10'S,0
HFEGRT,LIPITAS 5MG TAB,1*10,0
GFSDFS,PRUWEL 1 TAB,1*10,20
WITF23,SILOTIME D CAP,10,0
QU9DQU,VITAZIL SYP,200ML,0
I2WEDY,VITAZIL TAB,1*10,0
ZINCOM,ZINKOMIN SYP,200ML,0
BRO,BROXY-P,10'S,250
CAWF,CALSWIFT SYRUP,1X200ML,0
CLARIT,CLARIE DRY SYRUP,60MLS,0
C,CLOBENATE CREAM,15GM,0
CLOGM,CLOBENATE GM CREAM,10GM,0
GEW,GENTASWIFT EYE,1X10ML,0
NVIT1,N-VIT CAPS,15'S,0
NVT,NEUROVIT CAPS,10'S,250
REEV,REEVETA CAPS,10X1,0
A704,AMARYL 1MG TABS,30'S,60
EWTWHG,GASVENZ TAB,1*15,0
A1020,AGECLO-GEL OINT,30GM,0
A966,ANIN 500 AMP,2ML,0
A612,ANIN 5MG TABS,10`S,0
D726,DECA NEUROPHEN 25MG AMP,1ML,0
DISTON,DISTONE CAPS,24'S,0
OLIAD,OLIADE MASSAGE OIL 100ML,100ML,0
624,OXO E/E DROPS,1,0
TEHFFF,RETIGLOW NIGHT SERUM 30ML 1*30G,,0
S1072,SUPROX SR TABS,10'S,0
B656,BONESTAT CAPS,10`S,0
C608,CITAL SYRUP,100ML,0
CLICAP,CLINICIN CAPS,8'S,0
C577,CYCLOPAM TABS,10'S,1140
G122,GRD POWDER/GR,200GM,0
LOSA1,LOSAMAX H TABS,10'S,0
C201,CHERI CAPS,1*15S,0
C1169,CHERI FOL CAPS,15'S,0
C202,CHERI SYRUP,200ML,17
CHI,CHERI XT TABS,10'S,0
JNNNVL,CITAL UTI SYP 100ML,1*100ML,0
C1136,CODESOFT CAPS,10'S,50
COD11,CODESOFT EPO CAPS,15'S,105
CYCUHC,CYCLOPAM SYRUP 60ML,60ML,10
DV111,DV 400 SYRUP,30ML,0
DV32,DV 60K TABS,1*8,0
HOMOCH,HOMOCHEK CAPS,10'S,0
IND,INDCLAV 625 TAB,10,0
X,INDCLAV LB 625 TABS,10'S,0
M582,MUSCODAC GEL,30GM,0
N535,NORVENT D SYRUP,100ML,0
DFGBFV,PEPTARD- D CAP,1*10,0
ASCJKC,SCABEX S CREAM 20GM,1*1,18
RGF5,SIMCON TABS,1*15,45
ASDKLH,ZECAL 500MG TAB,1*15,0
EFFGGG,ZECAL FEM TAB,1*10,0
IND1,INDOCETAM 800MG TABS,10'S,0
IND3,INDOCIT S10MG TABS,10'S,0
T4018,INDOLAM 15MG TABS,10'S,0
IN31,INDOMATE 50MG TABS,10'S,0
IND10,INDPROEX OD 750 TABS,10'S,0
IND12,INDVAL CHRONO 500 TABS,10'S,0
SC11,SCHIDON PLUS TABS,10'S,0
GFGHH,TUSPEL LS SYP,1*100ML,0
VEN21,VENLITE OD50 TABS,10;S,0
AZZ,AZID 500MG TABS,3'S,0
CLI150,CLINCIN 150MG CAPS,10'S,0
CLI300,CLINCIN 300MG CAPS,10'S,0
CLINA1,CLINCIN AMPS,4ML,0
CLIN2,CLINCIN AMPS,2ML,0
C1592,CLINCIN GEL,10GM,0
C1429,COLISTOP SYRUP,30ML,0
FY,FUSIDERM B CREAM,10GM,0
FUSID,FUSIDERM OINT,10GM,0
F368,FUSIDERM OINT,5GM,0
G442,GLIX M TABS,10`S,0
G,M 30 GLIX MR 30,10,0
JUS,JUSGO GEL,20GM,0
JUSGO.,JUSGO SPRAY,75GM,0
J864,JUSGO SPRAY,35GM,0
JUS75,JUSGOPAN TABS,10'S,0
MNSBKB,MANDISA FOAM FACE WASH,1*100ML,0
HOTGER,HORLICKS PROTEIN PLUS,200GM,0
DMNVNN,MINOPEP EVA SOLUTION,1*90ML,0
MIONOF,MINOPEP SOLUTION 90ML,1*90ML,0
OX13,OXIGAT EYE DROPS,5ML,0
OMEG11,OMEGA CHEK CAPS,15'S,0
ALKHKN,ALOJA 25MG TAB,1*10,0
ABDBFF,ALOJA M 12.5/500MG TAB,1*10,0
DFHLFJ,CAL AID CAP,1*15,0
C591,CARMICIDE SYRUP ADULTS,100ML,0
C592,CARMICIDE SYRUP PAED,100ML,0
CIT9,CITAL H TABS,60'S,0
C635,CLOBEN G CREAM,5GM,2
C634,CLOBEN G CREAM,15GM,3
C1183,CYCLOPAM AMPULE,1'S,39
C880,CYCLOPAM DROPS,10ML,0
C609,CYCLOPAM SYRUP,30ML,0
FEB32,FEBREX CCF SYRUP,60ML,0
FEBR1,FEBREX PLUS AF DROPS,15ML,0
F254,FEBREX PLUS AF SYRUP,60ML,0
F495,FEBREX PLUS DROPS,15ML,0
F410,FEBREX PLUS DS SYRUP,60ML,0
F117,FEBREX PLUS SYRUP,60ML,4
DLFHJH,FLAMAR 3D TAB,1*10,0
G457,GLYCHEK 40MG TABS,10'S,0
G402,GLYCHEK M FORTE TABS,10'S,0
G423,GLYCHEK M TABS,10'S,30
EFJUHG,IRIMIST EYE DROPS 10ML,1*10ML,0
IRIV,IRIVISC DS DROPS,10ML,0
IRV1,IRIVISC EYE DROPS,10ML,0
KIDD,KIDODENT TOOTH PASTE,50GM,8
HGFYHF,MACUCHEK CAP,1*15,0
MACU,MACUCHEK FORTE CAPS,10'S,0
MCB69,MCBM 69 OD TABS,10'S,0
N1590,NOSIC TAB,10'S,0
OH-D3,OH-D3 DROPS,30ML,0
P1365,PHENERGAN SYP,100ML,0
PRI1,PRICHEK 1MG TABS,10'S,0
PREK,PRICHEK M1 TABS,10'S,0
LKPRM2,PRICHEK M2 TAB,10S,0
SCALO,SCABEX S LOTION,100ML,0
SENAC2,SENSODENT ACIPRO,80GM,6
SMB11,SM FIBRO CAPS,20'S,160
FJGHGG,TURBOCORT 15GM OINT,1*15GM,0
T308,TUSPEL PLUS SYP,100ML,0
T489,TUSPEL PX SYP,100ML,0
ZIT20,ZILENTA 20MG TABS,10'S,0
ZILMF1,ZILENTA M FORTE TABS,10'S,0
ZIM20,ZILENTA M TABS,10'S,0
AMAT,AMCHECK AT TABS,10'S,0
AMCHEL,AMCHECK L TABS,10'S,0
AMCHEZ,AMCHECK Z TABS,10'S,0
AMC1,AMCLAID 625 TABS,6'S,0
CHOL,CHOLECHEK-10MG TAB,10'S,0
GNO,G NEURO TAB,10X10S,0
PNC11,PANOFECT D TABS,10'S,0
SCABE,SCABEX LOTION BIG,100ML,17
SCA21,SCAREX LOTION,60ML,0
AC441,ACECLOREN P TABS,10'S,0
ACE3,ACECLOREN TABS,10'S,0
ALER1,ALERCHEK EYE DROPS,5ML,0
AMFG1,AMFY GEL,15GM,0
CYC,CYCLOPAM DROPS,10ML,0
CYC5,CYCLOPAM INJ,10ML,5
CYCL4,CYCLOPAM INJ,30ML,26
F253,FEBREX PLUS TABS,10'S,90
LIG2,LIGNOX 2% A,30ML,16
LOS11,LOSAMAX 50MG TABS,10'S,0
LO11,LOTECHEK EYE DROPS,5ML,0
NIN,NINAF CREAM,10GM,0
NOXA,NOXA CREAM,5GM,0
1OB1,OBIX 60'S TABS,60,0
OT46,OTICHEK EAR DROPS,5ML,0
HFGEYH,REXIDIN SRS M/W,1*150ML,5
SCA50,SCABEX LOTION,50ML,9
SENACI,SENSODENT ACIPRO,40GM,0
GSYGFR,SENSODENT K M/W,1*150ML,0
SENSOF,SENSODYNE TOOTHPASTES ALL,,0
SNOW,SNOWDENT TOOTHPAST,100GM,0
PEP20,PEPTARD 20MG TABS,1*15,0
DSJFHK,COLD OFF DROPS,1*15ML,0
HORH,HORLICKS BISCUITS ALL,1*1,0
DUL/NA,DULCOFLEX NATURAL,10'S,0
G403,GOUTNIL TABS,10'S,30
M394,MIGRANIL EC TABS,10'S,0
BIOO1,BIOSULIN 50/50 VIAL,10ML,0
FE,10I FE 10MG INJ,5ML,0
INVV1,T3 CAPS,10'S,0
JKHJHG,ZEINCVIT-SYP,200ML,0
BEXT1,BEXTRIN TABS,10'S,0
DERH9,DERMACOL H CAPS,10'S,0
EDRIVE,EDRIVE SACHET,1,0
FET300,FERTILIX 300MG CAPS,10'S,0
FET9,FERTILIX TABS,10'S,0
INNV1,INNOVFOL CAPS,10'S,0
INNH9,INNOVFOL HP TABS,10'S,0
INNG8,INNOVGOLD CAPS,15'S,0
INNOV9,INNOVLIV TABS,10'S,0
INSH1,INSTAFLEX AT TABS,5'S,0
INST6,INSTAFLEX P TABS,12'S,0
METIN9,MET INNOVFOL TABS,10'S,0
NAC-,NAC-INNOVFOL CAPS,10,0
T3D1,T3 D3 CAPS,15'S,0
TENDS9,TENDOSHOT CAPS,10'S,0
THYF50,THYROFAST 50MG TABS,10'S,0
SDGHKG,FOLIN PLUS TAB,1*10,0
CAV11,CAVMOX 625MG TABS,6'S,0
COB31,COBANERVE G TABS,10'S,0
MOT3,MONTLEVO TABS,10'S,0
AP13,APP-UP PLUS SYRUP,200ML,0
APU,APP-UP TAB,1X10'S,0
BEVAC,BEVAC 10ML,10ML,0
CLG11,CALGEL DS CAPS,10'S,0
CCCA1,CC CAP NF TABS,10'S,0
CEFT1,CEFMITAS CV325MG TABS,6'S,0
CEP32,CEPOCEF CV325,6'S,0
CLAS75,CLAVIX AS 75 TABS,15'S,90
DDO,DORTAS 3ML EYE DROPS,3ML,2
"DOR.,",DORTAS T EYE DROPS,5ML,0
END28,ENDOFERT H TAB,28,0
EV44,EVIN 400MG CAPS,10'S,110
FL52,FALCIART IV,10ML,0
FE511,FERROGEN XT TABS,10'S,0
GBNT,GABANYL NT TABS,10'S,50
GB10,GABANYL TABS,10'S,0
HEAL1,HAELTHRICH CAPS,10'S,0
HB,2 HB 29X TAB,10;S,110
HE10\,HEALTHRICH CAPS,10'S,0
HICD,HISTACET COLD TAB,10S,0
HC14,HISTACET SYRUP,60ML,0
INTA21,INTABION-L SYRUP,200ML,0
IN0T1,INTADINE O OINT,15GM,0
IT50,INTAGESIC SPRAY,30ML,0
INTA1,INTAPLEX L SYRUP,200ML,0
INTP1,INTAPROT POWDER,200GM,0
ITA11,INTAVITAL CAPS,10'S,0
ITE,ITEL 50MG TABS,14'S,0
KU11,KUFF Q SYRUP,100ML,0
78,KUFF Q TABS,1X10'S,0
SDDFJH,LACOTIDE INJ 20ML,1*20ML,0
LOXP,LOXITAS P TAB,"10,S",0
LUP69,LUPIPARA AMPS,2ML,0
MF1L,MECOFOL OD CAPS,10'S,0
MC110,MECOFOL PLUS CAPS,10'S,0
MEC2,MECOFOL PLUS INJ,2ML,0
MEM3,MECOFOL TABS,10'S,0
GFGGGG,MONTAS L TAB,1*10,0
MOXC1,MOXINTA CLAV 625 TABS,6'S,0
MOL1,MOXINTA CLAV TABS,6'S,0
MUL31,MULTICHERRY SYRUP,200ML,0
NIC13,NICEF AZ TABS,10'S,0
NUC11,NUCET TABS,10'S,0
OFL21,OFLOTAS IV INJ,100ML,0
OFL11,OFLOTAS OZ VAIL,100ML,0
OLR1,ORLIMAX 120MG TABS,10'S,0
PCM1,PCM IV AMP,100ML,25
PL21,PILES CURE OINT,30GM,0
PR59,PREGABANYL CAPS,10'S,0
GFJHU,PREGICOB FORTE,1*10,0
QUD56,QUICKHALE FB 400 R\C,30'S,1
SUCRAT,SUCRATAS-O SY,200ML,19
TELNO,TELNOX TRIO TAB,10;S,30
TAM13,TRAMATAS INJ,2ML,0
ZUB123,ZUBITIN TAB,30,0
FAB,FB 400 R\C,1'S,0
ANDRE,I- KUL EYE DROPS,10ML,0
ACMP1,ACAMPTASS 333 TABS,6'S,0
1IDWFU,ACTOID 10MG TAB,10S,0
ACT25,ACTOID 25MG TABS,10'S,0
AC19,ACUTROL 400MG TABS,15'S,0
AC801,ACUTROL 800MG TABS,10'S,0
ACUT1,ACUTROL C400MG TABS,15'S,0
SEV80,ACUTROL C800MG TABS,10'S,0
ADI11,ADILIP 135MG TABS,10'S,0
ADILIP,ADILIP 45,10'S,0
ALZ11,ALZIL 10MG TABS,10'S,0
ALKNFN,ALZIL 5MG TAB,1*10,0
ALZM10,ALZIL M10 TABS,10'S,0
ALZM5,ALZIL M5 TABS,10'S,30
VGGDJ,AMANTEX 100MG TAB,1*15,15
A655,AMITONE 10MG,10'S,30
A752,AMITONE 25MG,10'S,60
A891,AMITONE PLUS TABS,10'S,0
AMT10,AMTAS 10MG,15'S,0
AMT2.5,AMTAS 2.5MG,30'S,0
AMT5,AMTAS 5MG,1*30,150
AMSAT,AMTAS AT,15'S,120
A446,AMTAS E TABS,15'S,0
A717,AMTAS HT TABS,10'S,70
A577,AMTAS LP TABS,10`S,0
AMTM25,AMTAS M 25 TABS,15'S,60
AMTM50,AMTAS M 50MG,15'S,30
AMTP1,AMTAS PRP TABS,10'S,0
AND1,ANDRE PLUS EYE DROPS,10ML,0
ATGYM,ANTEGY M TAB,1*10,0
APIX,APIXAPIL 2.5MG TAB,10;S,40
APP-UP,APP-UP SYRUP,200ML,0
ALKFHH,AQUATEL 40MG TAB,1*10,0
ARN,ARNEY 100 MG TABS,14'S,14
ARNEY5,ARNEY 50,14'S,28
AR,ARORAFT SYRUP,200ML,8
ARRE,ARRENO CAPS,10'S,0
GFGGGF,ARVAST 10MG TAB,1*15,225
ARTHAF,ARVAST 15MG TAB,1*10,0
T4022,ARVAST 20MG TABS,10'S,0
ARVST5,ARVAST 5,10'S,0
ARVADG,ARVAST A 150MG TAB,1*10,30
ARVA70,ARVAST A75MG CAPS,10'S,0
TRUTUY,ARVAST CF 10MG,10,30
ARVF1,ARVAST CF5MG TABS,10'S,0
MOX4,ARVAST CV 10MG TAB,1*10,0
ARVA1,ARVAST F10 TABS,10'S,0
ARV11,ARVAST F5 TABS,10'S,0
AGDFGK,ARVAST GOLD 10,1*10,0
ARA20,ARVAST GOLD 20,10,0
AR01,ARZU 10MG TABS,10'S,0
ASSPT4,ASPRITO 5MG TAB,15'S,15
ASDBNA,ASTIN 20MG TAB,1*30,0
AS45,ASTIN 40MG TABS,10'S,0
ATDJSD,ATZ50 MG TAB,1*10,0
AXPT10,AXEPTA 10 TABS,10'S,60
AXPT18,AXEPTA 18 TABS,10'S,0
AXPT25,AXEPTA 25MG,10'S,0
AZ1,AZERVA 10MG TABS,10'S,0
AN12,AZERVA 20 TABS,10'S,0
ADHDFL,AZTRIC 40MG TAB,1*10,0
BC14,BACLOF 10 TABS,15'S,75
BAC32,BACLOF 25MG TABS,10'S,0
BC12,BACLOF OD20 TABS,15;S,75
BC30,BACLOF OD30 TABS,10'S,0
KJSDFK,BACLOF SYP,1*100ML,0
BAKF,BAKFLEX A TAB,10S,0
BK14,BAKFLOX A CAPS,10'S,0
BK55,BAKFLOX PLUS TABS,10'S,0
B1445,BEXOL 2MG TABS,10'S,9
BIGB1,BIGBRO OD TABS,10'S,0
BIG11,BIGBRO TABS,10'S,0
B1760,BISELECT 5MG,10'S,0
BLO11,BLONITAS 2MG TABS,10'S,0
WWWEEE,BLONITAS 4MG TABS,10'S,0
BLON8,BLONITAS 8MG TABS,10'S,0
BONM1,BONIMET INJ,10ML,0
BROC1,BROCLEAR TABS,10'S,60
CNC1,C-NAC EYE DROPS,10ML,0
C1L4,CALCITAB TABS,15'S,0
CZ14,CALGEL CAPS,15'S,0
CAL22,CALINEPT TABS,15'S,0
CALNF1,CALINTA FRAC TABS,15'S,15
CL42,CALINTA KIT,30'S,1
CALM1,CALINTA MAX CAPS,10'S,0
CL21,CALINTA TABS,10'S,0
CLA,CALINTA XT TABS,15'S,30
CALT3\,CALTIVE 0.25MG CAPS,10'S,0
CAP44,CAPSY 500MG TABS,10'S,0
C1018,CARCA 12.5MG TABS,10'S,0
C1067,CARCA 3.125MG TABS,15'S,0
C1052,CARCA 6.25MG TABS,15'S,0
CARCA,CARCA CR 20MG TABS,10'S,0
CRC10,CARCA CR10 TABS,15'S,0
C1642,CEFTAS 100 TAB,10'S,170
C1641,CEFTAS 200 TAB,10'S,50
C1298,CEFTAS 400 TABS,4'S,0
CEFT/,CEFTAS AZ 250MG TABS,10'S,0
C858,CEFTAS CL 200MG TABS,10'S,0
CEFT,CEFTAS CV 200 TAB,10'S,30
CE21,CEFTAS O TABS,10'S,180
CELE1,CELETION 100MG TABS,100'S,0
C1403,CERECETAM 800MG TABS,10`S,0
CEREC,CERECETAM SYRUP,100ML,0
C1404,CETADOM TABS,10`S,0
JHDJHS,CETROLIX 0.25 INJ,1*1,0
DJKBGG,CILNY 10MG TAB,1*15,0
CIOKLH,CILNY 5MG TAB,1*15,0
CISDKA,CILNY M 25MG TAB,1*10,0
DJBHHL,CILNY M 50MG TAB,1*10,0
GBJVJK,CILNY T 40MG TAB,1*10,0
CLAV2,CLAVILIP 10 CAPS,15'S,45
CLA20,CLAVILIP 20MG TABS,15'S,0
CL151,CLAVIX 150MG TABS,10'S,0
CAS150,CLAVIX AS 150 TABS,15'S,45
CNASBN,CLAVIX GOLD 10MG TAB,1*15,0
CLKHHN,CLAVIX GOLD 20MG TAB,1*15,0
C1646,CLOBA 10MG TAB,1*15,45
C1644,CLOBA 5MG TAB,1*15,0
C364,CLONIL 25MG TABS,10'S,0
C365,CLONIL 50MG TABS,10'S,0
C1017,CLONIL SR 75MG TABS,10'S,0
SKJFHH,COLTRO AS 150MG TAB,1*10,0
COU,CORUS CAP,10S,0
CY14,CYSTINA CAPS,10'S,0
C1093,CYSTRAN 2.5MG TABS,10'S,0
C1191,CYSTRAN 5MG TABS,10'S,0
DFDSNN,DAPARYL 10MG TAB,15'S,75
DARAKD,DAPARYL 5MG TAB,1*10,15
DAHDHA,DAPARYL M 10/1000MG TAB,1*10,0
DADND,DAPARYL M 5/1000MG TAB,1*10,30
FJBHZB,DAPARYL M10/500MG TAB,1*10,0
DAKHDF,DAPARYL M5/500MG TAB,1*10,30
JGREGT,DAPARYL V 10/100 TAB,1*10,0
GMHGV,DAPARYL V 5/100 TAB,1*10,30
DAPLAS,DAPARYL VM 1000MG TAB,1*10,20
DAUDHA,DAPARYL VM 500MG TAB,1*10,0
DBFBFD,DAPAVEL 10MG TAB,10'S,20
DAOPA,DAPAVEL L 10/5,10'S,20
DAHDAN,DAPAVEL M 10/500MG TAB,1*10,30
DAHDFN,DAPAVEL M 5/500G TAB,1*10,0
DASAKS,DASLEMIA 50MG TAB,1,0
DEC11,DECOTAZ 6MG TABS,10'S,0
DFL1,DEFLAZ 6GM TABS,6'S,0
DP11,DEPRAN 10 TABS,15'S,15
DP14,DEPRAN 5 TABS,1*15,0
DP12,DEPRAN H TABS,10'S,0
FVDJFJ,DEPRANEX 10MG TAB,1*10,0
DIV250,DIVAA 250MG TABS,10'S,0
15,DIVAA OD1000MG TABS,10'S,0
DIOD,DIVAA OD250MG TABS,15'S,90
546,DIVAA OD500MG TABS,10'S,0
DI7,DIVAA OD750MG TABS,10'S,0
DKJFKH,DUVANTA 30MG TAB,1*10,0
OEC,ECO TEARS DROP,10ML,0
EC121,ECO TERAS GEL,5ML,0
EFL1,EFETIL TABS,10'S,0
ELIP1,ELIPRAN 40MG TABS,2'S,0
ELP1,ELIPRAN TABS,2'S,0
EMB24,EMBETA AM25 TABS,10'S,0
EMB1,EMBETA AM50 TABS,10'S,0
EMB11,EMBETA TH50MG TABS,10'S,0
EMBM25,EMBETA TM25MG TABS,15'S,0
EMB2,EMBETA TM50 TABS,10'S,0
EMX2,EMBETA XR-25 TAB,1*30,0
EMBX,EMBETA XR-50 TAB,30'S,60
EME1,EME OD TABS,10'S,0
EEMPHA,EMPANEO LM 1000,10'S,10
EMPA,EMPANEO-L 10,10'S,60
SHN,EMPHA 10MG TAB,10'S,30
EMPHA2,EMPHA 25 TAB,10'S,30
E157,ENAPRIL 10MG TABS,10'S,0
E155,ENAPRIL 2.5MG TABS,"15,S",0
E156,ENAPRIL 5MG TABS,15'S,0
E159,ENAPRIL HT TABS,15,0
ENKBKG,ENTACOM PLUS 100 CAP,1*10,0
ENC,ENTACOM PLUS 150MG TABS,10'S,0
ENTA50,ENTACOM PLUS50 TABS,10'S,0
EP1,EPOFIT 2000IU,1X1.0ML,0
EPOFIT,EPOFIT 3000IU,1'S,0
OFER,EPOFIT 4000/O.4ML,1'S,0
EPO1,EPOFIT 5000PFS INJ,5000/1ML,0
EP06,EPOFIT 6000IU/0.6ML,0.6ML,0
ESL11,ESLIZEN 400MG TABS,10'S,0
ES2.5,ESPIN 2.5MG TAB,10'S,10
ES5,ESPIN 5MG TAB,10'S,0
ESPI,ESPIN AT TAB,10'S,0
ESPI1,ESPIN H TABS,10'S,0
HJSHG,ESPIN MT TAB,1*10,140
HFUERU,ESPIN TM TAB,1*10,80
ET16,ETILAAM 1 TABS,10'S,0
NHFHSF,ETILAAM PRO 20MG TAB,1*10,0
ETS1,ETILAAM S5 TABS,10'S,0
EFPIOD,ETILAAM-0.5TABS,10'S,0
ETI,ETILAM PRO-40 TAB,10,0
EKJKEF,EVADIOL TAB,1*28,0
HFHLHG,EVAPARIN INJ,1*3ML,0
EAM10,EZANIC 10% GEL,15GM,0
EZA20,EZANIC 20% CREAM,15GM,0
EZC1,EZICAS AZ NASAL SPRAY,70MD,1
EZA1,EZICAS F NASALSPRAY,10MD,0
EZ11,EZICAS NASAL SPRAY,120MD,0
EZSP9,EZISPRAY NASAL SPRAY,120MD,0
FB40,FABULUS 40MG TABS,10'S,0
FB80,FABULUS 80MG TABS,10'S,0
FE31,FE PLUS TABS,15'S,0
FB1L,FEBUXOR 40MG TABS,10'S,50
FBX1,FEBUXOR 80MG TABS,10'S,20
FEL,FELICITA OD CAPS,10'S,0
FERP6,FERPILL CAPS,10'S,0
FERF1,FERPILL F TABS,10'S,0
FER32,FERPILL KIT TABS,15'S,0
FER14,FERPILL M TABS,10'S,0
FF11,FLOLEV 500MG TABS,10'S,0
FLO,5 FLOSLO 5MG TAB,10'S,20
F518,FLUNIL 10MG CAPS,10'S,0
F151,FLUNIL 20MG CAPS,10'S,0
FUL4,FLUNIL 40MG CAPS,10'S,0
F381,FLUNIL 60MG CAPS,10'S,0
FOL,FOLCURE 5MG TAB,10S,30
FLL1,FOLIFAST HAIR OIL,100ML,0
FOS12,FOSPHEN 10ML INJ,10ML,0
FOS11,FOSPHEN 2ML INJ,2ML,0
FNT,FRANXIT TABS,10'S,0
GAP,GABAPIN 100 TAB,15,45
GABANT,GABAPIN 300MG CAPS,15'S,30
GAB4,GABAPIN 400 CAP,1X10'S,0
GAB6,GABAPIN 600MG TAB,10S,0
GB24,GABAPIN ME 100 TABS,1*15,0
GAM,GABAPIN ME TABS,1*15,0
GABADJ,GABAPIN NT 200MG TAB,1*15,30
GANT10,GABAPIN NT100MG TABS,1*15,60
GBMN1,GABAPIN NT400 TABS,15'S,110
DGHJSD,GABAPIN PLUS 100TAB,1*10,0
GP300,GABAPIN PLUS 300MG TAB,10,50
GP13,GABAPIN SR 450 TABS,10'S,0
GF14,GFLOTAS D EYE DROPS,5ML,70
SDUFWG,GLOBUCEL 10GM/100ML INJ,1*10GM,0
GLOM9,GLOMELA CREAM,20GM,0
GLY3,GLYCOLATE 1MG TABS,10'S,0
GO300,GOLBI 300,15'S,15
GL21,GOLBI SR 450 TABS,10'S,0
GD10,GUDRIL TABS,10'S,0
UYVIFL,HALD SR TAB,1*10,0
HEPACO,HEPACOR TAB,10'S,0
HIFD,HIFENAC D TAB,1X10'S,0
HIFGEL,HIFENAC GEL,30 GM,0
CHIFEN,HIFENAC MAX TAB,1*10,50
HIMR,HIFENAC MR TAB,10'S,340
HIP,HIFENAC P TAB,15S,0
HIFSR,HIFENAC SR TAB,10'S,110
HNUOJF,HIFENAC TA TAB,1*10,0
HIF,HIFENAC TABS,10'S,96
HITH4,HIFENAC TH4MG TABS,10'S,25
HTH8,HIFENAC TH8MG TABS,10'S,30
HI,SP HIFENAC-SP,10,24
GFUKGH,HITAP ER 50MG TAB,1*15,0
DKJFHH,I-KUL EYE DROPS,1*10ML,2
PRD32,IGNALIS M 100/1000 TAB,10'S,0
IGNADA,IGNALIS M 100/500MG TAB,1*10,0
VSJHSS,IGNALIS M 50/500 TAB,1*10,0
INTA,INTABOLITE 50GM,500GM,0
INTYA,INTACEF TAZO 4500 GM INJ,1'S,3
INTC,INTACEF-3GM INJ,1,0
DKJFKF,INTACEPT 50MG INJ,1*1,0
SCUY,INTAFOL D TAB,1*10,0
UIBNFG,INTAGLIP 50MG TAB,1*10,0
INTBAS,INTAGLIP M FORTE TAB,1*10,0
UFHKUJ,INTAGLIP M OD 1000MG TAB,1*10,0
FIHRUI,INTAGLIP M SR 1000 TAB,1*10,0
CJKFJK,INTAGLIP M SR 500MG TAB,1*10,0
INSHFG,INTAGLIP M TAB,1*10,100
I148,INTALITH CR 450MG TABS,10'S,0
INT20,INTAPOD 200MG TABS,10'S,0
INHTV1,INTAVIT CAPS,10'S,0
I149,ITASPOR CAPS,4'S,0
ITW,ITWORKS POWDER,1X56GM,0
LA200,LACOTIDE 200MG TABS,10'S,0
ICT11,LACOTIDE(ICTROL)100MG,10'S,90
ICT21,LACOTIDE(ICTROL)50MG TABS 10'S,,0
LM05,LAMEZ 0D50 TABS,10'S,0
LMZ1,LAMEZ 100 TABS,10'S,0
LM44,LAMEZ 50MG TABS,10'S,0
L219,LAN 30MG CAPS,10'S,0
LAS11,LASHISMA SOLUTION,3ML,0
FJKBFB,LCD 125MG TAB,1*10,100
LET20,LETHYROX 100 TABS,100'S,0
KLJSNF,LETHYROX 12.5MG TAB,1*50,0
LYFUWF,LETHYROX 125MG TAB,1*50'S,0
DFJNGN,LETHYROX 150MG TAB,1*1,0
LTH30,LETHYROX 25 TABS,30'S,0
LET10,LETHYROX 50MCG TABS,1*1,0
LSS1,LETHYROX 75MCG TABS,100'S,0
LETH1,LETHYROX 88MCG TABS,30'S,0
LV30,LEVAZEO 25 TABS,10'S,0
LEVE1,LEVERA 1000MG TABS,10'S,130
LV19,LEVERA 250 TABS,15'S,0
LER,LEVERA 500 TAB,1*15,105
LE7,LEVERA 750 TAB,10S,30
LEVE.,LEVERA SOLUTION,100ML,0
LL100,LEVERA XR 1000MG TABS,10'S,0
LVX10,LEVERA XR500 TABS,10'S,0
LEV7,LEVERA XR750 TABS,10'S,0
LV24,LEVOTEL 500MG TABS,5'S,0
LINERO,LINERO D5/10,10'S,0
LINE,LINERO M 500 TAB,10'S,0
LP20,LIPI EZ 20,10;S,0
LIPE,LIPI EZ TAB,15'S,0
L445,LIPICURE 20MG TABS,15'S,30
LIPI40,LIPICURE 40 TABS,15'S,0
LIP5,LIPICURE 5MG TAB,10'S,40
LP80,LIPICURE 80MG TABS,10'S,0
JFHJLH,LIPICURE CV 10MG TAB,1*10,0
LIPD1,LIPICURE D10 TABS,10'S,0
"LIPI,",LIPICURE D20MG TABS,10'S,0
LFFGGG,LIPICURE GOLD 20MG CAP,1*15,0
KJDBKG,LIPICURE GOLD 40MG TAB,1*10,0
TGL,LIPICURE TG TAB,15'S,0
FJKGJJ,LIPITAS 10MG TAB,1*20,60
KJHFJK,LIPITAS 20MG TAB,1*15,45
LIPIT,LIPITAS CV 10MG,10;S,50
BFGDHS,LIPITAS GOLD 20MG TAB,1*10,0
DGSFKG,LOBG 0.5MG TAB,1*10,0
LML,LOMELA CREAM,15GM,0
LM,0 LOMELA LITE CREAM,10GM,0
HFLHHH,LONITAB 2.5MG TAB,1*10,0
HFHGGG,LOOZ SYP,150 ML,0
LOZ,E LOOZ ENEMA 20%,275ML,0
LOOZF9,LOOZ FIBER POWDER,90GM,0
L509,LOOZ SYRUP,200ML,3
L508,LOPAC TAB,10'S,0
L340,LOSARTAS 25MG TABS,10'S,0
L339,LOSARTAS 50MG TABS,15'S,0
L433,LOSARTAS HT TABS,15'S,0
LUK11,LUKOTAS 3D TABS,10'S,0
LUK3,LUKOTAS FX TABS,10'S,0
LUKHD1,LUKOTAS HD TABS,10'S,0
LUI11,LUKOTAS LC TABS,10'S,0
LUK91,LUKOTAS TABS,10'S,0
LKJKFJ,LUPITAS10MG TAB,1*15,0
LUP40,LUPRORIN 40MG INJ,4ML,0
DMACP,MACPEE TAB,10'S,20
MAGNI,MAGNIFI POWDER,200GM,0
KGJFKJ,MEGATAS 25MG TAB,1*10,0
JWAKRW,MEGATAS 50 TAB,1*10,0
KFDHKF,MEGATAS S 50MG TAB,1*10,0
MEP1,MEPRESSO 1GM INJ,5ML,0
JJKCJF,METHICOBAL-D TAB,10'S,0
NFLL1,MFLOTAS DROPS,5ML,0
MID11,MIDASPRAY NASAL SPRAY,50MD,0
ML19,MILDAY SHAMPOO,100ML,0
"ZX,.VB",MILDY AHF SHAMPOO,1*100GM,0
MRL1,MIRNATE MT7.5 TABS,10'S,0
MIRN15,MIRNITE 15MG TABS,10'S,0
MIRT,MIRNITE 7.5 TAB,10'S,0
MIRM,MIRNITE MELTAB 15,1X10S,0
M381,MONIT 10MG TABS,1*15,0
M653,MONIT 30MG SR TABS,15'S,30
M654,MONIT 60MG SR TABS,10'S,0
MN26,MONIT GTN 2.6 TABS,25'S,7
M1G6,MONIT GTN 6.4MG TABS,25'S,1
MORR1,MORR 10% SOLUTION,60ML,0
MORL,MORR 2% SOLUTION,1X60ML,0
MORR.,MORR F 3% SOLUTION,60ML,0
JKFRE,MORR F 5%,1*60ML,0
MOF14,MORR F LOTION,60ML,0
MOR5,MORR FORTE 5% LOTION,1X60ML,0
M258,MOZA 5MG TABS,10`S,0
N517,NALTIMA 50MG TABS,10'S,10
NEOG1,NEOPRIDE MPS TABS,10'S,0
NEOP,NEOPRIDE TABS,10'S,0
VBDGVR,NEOPRIDE TOTAL 40MG TAB,1*10,0
NNP1,NEOPRIDE TOTAL CAPS,15'S,0
NEOZ1,NEOZIDE PLUS BOLUS TABS,4'S,0
NERVZ,NERVZ CAPS,10'S,0
NEBC,NERVZ B CAPS,10'S,0
NVZ,NERVZ CREAM,150GM,0
NERVZD,NERVZ D TABS,10'S,0
NET3,NEUKINE 300MCG INJ,0.5ML,0
NEF1,NEXFOLIN CAPS,10'S,0
NEY1,NEYPAC EYE DROPS,5ML,0
NICEF,NICEF O TABS,10'S,0
NIC32,NICEF OZ TABS,10'S,0
NF20,NIFTAS 100MG TABS,15'S,55
NIF2,NIFTAS 50MG TABS,10'S,20
NOR11,NORWAYZ 45MG TABS,10'S,0
N1U2,NUREETO 90MG TABS,10'S,0
N625,NUZIDE M TABS,10'S,0
OBT,OBELIT 120MG CAP,1X10S,0
OBE,OBELIT 60 CAPS,10'S,0
OBE50,OBETA 50 TAB,14'S,0
JKFBJK,OLIMAB 60MG PFS,1*1,0
O439,OLIMELT 10MG TAB,10'S,0
OLI15,OLIMELT 15MG TABS,10'S,0
OLIM25,OLIMELT 2.5 MG TABS,10'S,0
O440,OLIMELT 5MG TAB,10'S,0
O466,OLIMELT 7.5MG TABS,10`S,0
O306,OLIZA 10MG TABS,10'S,0
O304,OLIZA 5MG TABS,10'S,0
OPKLHJ,OLMARK 10MG TAB,1*15,0
OM20,OLMARK 20MG TABS,1*15,0
OM40,OLMARK 40MG TABS,10'S,0
"OLM,",OLMARK A 40MG TABS,10'S,0
OMA1,OLMARK A TABS,10'S,0
OO19,OLMARK AH TABS,10'S,0
OCT40,OLMARK CT 40 TAB,10'S,0
OLMH,OLMARK H TABS,1*15,0
OLM11,OLMARK H40 TABS,10'S,0
OMCT20,OLMESARTAN CT20 TAB'S,10'S,0
OL16,OLOPINE EYE DROPS,5ML,0
P,P PAINVON TAB,10;S,10
PAL03,PALIP XR3 TABS,10'S,0
P1330,PANTIUM 40MG TABS,10`S,0
PAND,PANTIUM-DSR CAP,1X10,180
PANL,PANTIUM-L CAPS,10'S,0
UFSFAB,PEGABID CR 82.5MG,1*10,0
PERA,PERAMPA 2MG TAB'S,10,0
PC1,PEXEP CR 12.5MG TAB,1*15,0
PC2,PEXEP CR 25MG TAB,10'S,0
PEC3,PEXEP CR 37.5MG TABS,10'S,0
PIP11,PIPERZINE HEXAHYDRATE INJ 500ML,,0
POP11,POPSON CAPS,10'S,0
PO14,POTRATE MB6 SYRUP,200ML,1
PT21,POTRATE MB6 TABS,10'S,0
P1351,POTRATE SYP,200ML,0
PRAM.,PRAMIROL SR 0.52MG TABS,10'S,40
PR150,PRAMIROL SR 1.05 TABS,10'S,0
PRAM1,PRAMIROL SR0.26MG TABS,10'S,0
PR15,PRAZOPILL XL 2.5MG TABS,30'S,0
PREG.,PREGABID 50MG CAPS,10'S,0
DHFLLK,PREGABID CR 165MG TAB,1*10,0
PREJDG,PREGABID CR 82.5MG TAB,1*10,20
PRGBD,PREGABID D50 CAP,15S,0
PRD75,PREGABID D75MG CAPS,10'S,0
WEJKHG,PREGABID FORTE 75MG TSB,1*10,0
PREM,PREGABID ME 75 CAP,1X10S,0
P;FJLM,PREGABID MNT TAB,1*10,0
P1P1,PREGABID OD 100 TABS,10'S,0
RPRIJT,PREGABID TRIO TAB,1*10,0
PBD7,PREGABID-75 CAP,1X10S,0
900,PRELIN 75 CAPS,10'S,0
888,PRELIN M 75 CAPS,15'S,0
IOFHHL,PRELIN MNT TAB,1*10,10
PAS150,PREVA AS 150 TAB,15'S,90
PRES75,PREVA AS 75 TAB,15'S,45
GSWUYD,PREVA GOLD 10MG TAB,1*10,0
P1329,PREVA TAB,1*15,30
PX14,PREXARON 500 TABS,10'S,0
PEX1,PREXARON PLUS TABS,10'S,0
PR44,PREXARON SR 1GM TABS,10'S,0
PR222,PROVANOL PLUS10 TABS,10'S,0
PRO9,PROVANOL PLUS5 TABS,10'S,10
PV19,PROVANOL SR 40 TABS,10'S,0
PRVO,PROVANOL SR 80 TABS,10'S,0
PR60,PROVANOL SR60 TABS,010'S,0
PRU11,PRUF CAPS,10'S,0
PR198,PRUF P CAPS,10'S,30
PT30,PTH 30MG TABS,10'S,0
QUIFB,QUICKHALE FB 200 R/C,30'S,0
QUFB,QUICKHALE FB 200MG,1'S,0
QUFF,QUICKHALE FF 100 ROTACAPS,1'S,0
QUFF25,QUICKHALE FF 250 R/C,30'S,0
QUSF25,QUICKHALE SF 250 R/C,30'S,0
FKGKGF,QUIKHALE FB 200 INHALER,1*1,0
QUFB4,QUIKHALE FB 400 R/C,30'S,0
KDFJKG,QUIKHALE FB 400MG INHALER 1*1,,0
QUIF1,QUIKHALE FB FORTE CAPS,40'S,0
QUI1,QUIKHALE FB200 INHALER,12MD,0
QUIK3,QUIKHALE FB200 ROTACAPS,30'S,5
QUI12,QUIKHALE FB400 ROTACAPS,40'S,0
QU251,QUIKHALE FF 250 INHALER,160MD,0
QU100,QUIKHALE FF100 R/C,1*1,3
QUIK1,QUIKHALE FF250 ROTACAPS,40'S,1
QUK21,QUIKHALE SF100 ROTACAPS,40'S,0
QU250,QUIKHALE SF250 INHALER,120MD,0
QUI11,QUIKHALE SF250 ROTACAPS,40'S,1
QUI21,QUIKHALE T ROTACAPS,30'S,0
QUIN1,QUININTAS INJ,100ML,0
QU2,QUTAN 100MG TABS,10'S,0
QU1,QUTAN 25MG TABS,10'S,0
QUTAN,QUTAN 50MG TABS,10'S,80
QU43,QUTAN SR 100 TABS,10'S,0
QU11,QUTAN SR 200MG TABS,10'S,0
RABI20,RABIUM 20MG TABS,15]'S,0
RAD,RABIUM DSR CAPS,15'S,240
RABP,RABIUM PLUS CAP,1X10S,0
RAXL1,RABIUM XL CAPS,10'S,0
RAJA,REJUNEX AMPS,1ML,0
REJ,REJUNEX CAPS,10'S,0
REJUN,REJUNEX CD3 TABS,10'S,0
FBHSDF,REJUNEX FORTE INJ,1*2ML,0
EREJUN,REJUNEX PLUS CAP,1*10,0
REN45,REJUNEX PLUS CAPS,7'S,0
REJO,REJUNEX-OD CAP,10S,0
REL05,RELGIN 0.5MG TABS,10'S,0
RELG1,RELGIN 1MG TABS,10'S,50
RENC1,RENCHEK TABS,10'S,0
IUQWYF,RENIVA M 500 MG,10*S,0
REDFFF,RENIVA TAB,1*10,0
NGFSHD,RENIVA-M 500 TAB,1*10,0
RENO2,RENOCEL 2000IU INJ,2K,0
RE4,RENOCEL 4000 ING,1ML,0
RV43,REVELOL XL 50MG TABS,10'S,0
REX1,REXIPRA 10MG TABS,10'S,0
REXIP,REXIPRA 20MG TABLETS,1*10,0
REXIP5,REXIPRA 5MG TABS,10'S,0
FECCXC,REXIPRA FORTE TAB,1*15,45
LHTNNG,REXIPRA LS TAB,1*10,0
REIP11,REXIPRA PLUS TABS,1*15,15
ROG1,ROFMIL TABS,10,0
SARR,SARTEL 20MG TABS,15'S,45
SAR5,SARTEL 40MG TABS,15'S,30
SR80,SARTEL 80MG TABS,15'S,0
SRAM,SARTEL AM TABS,15'S,15
SAR80,SARTEL AM80 TABS,10'S,0
SALHNF,SARTEL BETA 25MG TAB,1*15,0
EDAJKB,SARTEL BETA 50MG TAB,1*15,0
SARATA,SARTEL BETA PLUS 25MG TAB 1*10,,0
SAYERW,SARTEL BETA PLUS 50MG TAB 1*10,,0
SAAA,SARTEL C40MG TABS,10'S,30
SR5T1,SARTEL C80MG TABS,10'S,0
SR24,SARTEL H 80 TABS,15'S,45
SARH,SARTEL H40 TABS,15'S,15
SAR21,SARTEL LN 40 TABS,10'S,60
SATT1,SARTEL TRIO TABS,10'S,70
S269,SELGIN 5 TABS,10'S,0
SIL21,SILOTIME 4MG TABS,10'S,0
SIL80,SILOTIME 8MG CAPS,10'S,0
SITAH,SITAHENZ DM 500,10;S,50
ST,SITARA 50 MG TABLETS,10'S,80
S,SITARA D 50/5 TAB,10;S,0
SIT1,SITARA DM500,10'S,10
SITAR,SITARA M 100/1000 TAB,10;S,0
KJDSGF,SITARA M 100/500MG T,1*10,50
SUN,SITARA M 50/1000,10,40
SIITAR,SITARA PM 1000,10'S,50
SIATA,SITARED M XR 100/1000,10'S,60
SKZ1,SKIZORIL 100MG TABS,10'S,30
SLJHFS,SKIZORIL 200MG TAB,1*10,0
SKIZ,SKIZORIL 25MG TABS,10'S,30
SK31,SKIZORIL 50GM TABS,10'S,30
TSR10,SOLTUS 100MG TABS,10'S,0
SOL200,SOLTUS 200MG TABS,10'S,0
SOL300,SOLTUS 300MG TABS,10'S,0
SL10,SOLTUS 50MG TABS,10'S,0
SO100,SOLTUS OD 100 TABS,10'S,0
SOLO3,SOLTUS OD300 TABS,10'S,0
SPA2,SPARINTA 200MG TAB,1X6S,0
SPINF,SPINFREE TABS,1*15,120
ST!1,STORAX 500MG TABS,10'S,0
STOR,STORAX PR TABS,10'S,0
GGFHSV,SUGAMIDE M 1 TAB,1*15,0
SUGA,SUGAMIDE-M TAB,15,0
SUP200,SUPRAPOD 200MG TABS,10'S,0
JWGYU,T'GLIP 20 TAB,1*20,0
TAGHBS,TAGON 20MG TAB,1*15,45
TABHFG,TAGON M TAB,1*15,30
TAGON,TAGON-M FORTE,15'S,45
TAM3,TAH 40MG TABS,15S,45
TAH80,TAH 80MG TABS,1*15,15
TEB,TEBINA CREAM 1%,1X10GM,0
TENI1,TENIVA 20MG TABS,10'S,0
TEN20,TENIVA M FORTE TABS,1*20,0
TEM01,TENIVA M TABS,20'S,0
TER21,TERIFRAC 3ML INJ,3ML,0
TGERYT,TGLIP M 1000MG TAB,1*20,0
TM/500,TGLIP M 500TAB'S,20'S,0
TGL11,TGLIP TABS,10'S,0
TGT,TGR 160 TAB,1X10'S,30
TTIC,TICSTOP TAB,10,0
TLM1,TIMOLONG EYE DROP,5ML,0
DJKGFF,TOFATAS TAB,1*10,0
TOL11,TOLPERITAS 150MG TABS,10'S,0
TIPJFF,TOLPERITAS D TAB,1*10,0
TOPA,TOPAZ 100MG TAB,10,0
T714,TOPAZ-25MG TAB,10'S,0
T715,TOPAZ-50MG TAB,10'S,20
TR10,TOR 10 TABS,15'S,90
TD44,TOR 100MG TABS,10'S,0
TO124,TOR 20 TABS,15'S,45
TO20,TOR PLUS 20 TABS,10'S,0
TRIMM,TREMIDON TAB,10'S,140
TR14,TRETIVA 10 CAPS,10'S,0
TRETIV,TRETIVA 20MG CAP,10'S,0
TR30,TRETIVA 30MG CAPS,10'S,0
TRET,TRETIVA 5MG CAPS,10'S,0
BDFAHJ,TREXJOY CREAM,1*20GM,0
TRIVV9,TRIBIVET INJ,30ML,2
TRZ11,TRIZORYL 1MG TABS,10'S,0
TRIZ1,TRIZORYL 2MG TABS,10'S,0
TRII1,TRIZORYL FORTE1 TABS,10'S,0
TRIZ2,TRIZORYL FORTE2 TABS,10'S,0
TUF25,TUFTIL 250MG TABS,10'S,0
TU50,TUFTIL 500MG TABS,6'S,0
TYNP1,TYNEPT 12.5MG TABS,10'S,0
UR11,URIBID(NITROFURANTOIN)TAB 15'S,,45
UT33,UTIOF TABS,10'S,0
V189,VALPROL CR 200MG TABS,10'S,0
V203,VALPROL CR 300MG TABS,10'S,30
V212,VALPROL CR 500MG TABS,1*15,30
V301,VALPROL CR 750MG TABS,10`S,0
V/CR/4,VALPROL CR400MG TABS,10'S,0
VASF1,VASFREE TABS,10'S,0
VB,VB7 5MG TAB,10,0
VB43,VB7 FORTE CAPS,10'S,0
VB7,VB7 HAIR TABS,10'S,0
VDFIT1,VD FIT 60K TABS,4'S,0
VEL,VELTAM 0.4MG TABS,15'S,0
VELF,VELTAM F TABS,15'S,0
VEP,VELTAM PLUS TAB,15'S,45
JFSUFS,VELTAM S TAB,1*10,0
FBJFJR,VENTAB PLUS TAB,1*10,0
VILAZI,VILAZINE 40MG TAB,10'S,0
VOG21,VOGLITAB 0.2 TABS,10'S,0
VG13,VOGLITAB 0.3 TABS,10'S,0
VOGL1,VOGLITAB M0.2 TABS,15'S,0
VOGM3,VOGLITAB M0.3MG TABS,10'S,0
VOR11,VORIFIT 200MG TABS,4'S,0
VKJHGV,VYFAT 120MG CAP,1*10,0
WAR1,WARFIX 200 TABS,10'S,0
JKGKGK,WOMENOX 40MG/0.4ML,1*4ML,0
YT14,YOGUT CAPS,10'S,0
ZAP25,ZAPIZ 0.25 MG TABS,10'S,0
Z439,ZAPIZ 0.5MG TABS,20`S,120
Z399,ZAPIZ 1MG TABS,15`S,30
AKJGDK,ZAVAMET 500MG TAB,1*10,0
ZXCNSD,ZAVAMET SR 500MG TAB,1*10,30
ZAX14,ZAXPAM 10MG TABS,10'S,0
Z096,ZEN 200MG TABS,10'S,0
Z097,ZEN RETARD 200MG TABS,10'S,0
Z415,ZEN RETARD 300,10'S,0
Z098,ZEN RETARD 400MG TABS,10'S,60
ZI,ZENOXA 150MG TABS,10'S,0
ZEN300,ZENOXA 300MG TABS,15'S,150
ZK45,ZENOXA 450MG TABS,10'S,0
ZEN6,ZENOXA 600TAB,10'S,80
ZN450,ZENOXA OD 450MG TABS,10'S,0
SKHRLH,ZENOXA OD 600MG TAB,1*10,0
N,ZENOXA OD-300 TABS,10'S,0
ZEN150,ZENOXA OD150MG TABS,10'S,0
ZEV16,ZEVERT 16MG TABS,10'S,0
ZV21,ZEVERT 24SR TABS,14'S,0
ZEV8,ZEVERT 8 TAB,10'S,0
ZEHGFN,ZEVERT MD 16MG TAB,1*15,0
ZZERVT,ZEVERT MD8MG TAB,1*15,0
ZEV1,ZEVERT PVG TABS,10'S,0
ZEV12\,ZEVERT SR12 TABS,14'S,0
ZIMIG1,ZIMIGUT 400MG TABS,10'S,0
ZOLF5,ZOLFRAC 5/100ML INJ,100ML,0
ZOLFNL,ZOMET 500MG TAB,1*10,0
Z428,ZOMET SR TABS,15'S,0
ZOMTH,ZOMET TH TAB,10'S,0
565,ZOREM 10 MG CAPS,10X10'S,0
ZO2,ZOREM 2.5MG CAPS,10'S,0
ZO5,ZOREM 5MG CAPS,10'S,0
ZO05,ZORYL 0.5MG TABS,15'S,0
Z366,ZORYL 1MG TABS,15'S,690
Z367,ZORYL 2MG TABS,15'S,255
Z390,ZORYL 3MG TABS,15`S,60
Z391,ZORYL 4MG TABS,15`S,0
ZOR12,ZORYL M0.5MG TABS,20'S,600
ZL14,ZORYL M1 FORTE TABS,15'S,105
ZOYRLM,ZORYL M1 TABS,20'S,300
ZOL1,ZORYL M2 FORTE TABS,15'S,150
ZORM2,ZORYL M2 TABS,20'S,200
ZOR31,ZORYL M3 FORTE TABS,1*15,60
ZORM32,ZORYL M3 TABS,15S,75
ZORYL.,ZORYL M4 FORTE TABS,15'S,0
ZOR4,ZORYL M4 TABS,15'S,100
1ZORYL,ZORYL MD 2/500,10'S,0
ZIJFNJ,ZORYL MF 1MG TAB,1*10,0
FJKABB,ZORYL MF 2MG TAB,1*10,0
ZORP1,ZORYL MP1 FORTE TABS,10'S,0
ZOM1,ZORYL MP1 TAB,15'S,0
ZO21,ZORYL MP2 FORTE TABS,10'S,0
ZOM2,ZORYL MP2 TABS,15'S,0
ZOMSIR,ZORYL MS IR-1/1000 TAB,10'S,0
ZORY,ZORYL MV 0.5 MG TAB,15'S,30
ZORYL,ZORYL MV 1 FORTE TAB,10;S,40
XJKFJG,ZORYL MV 2/03 TAB,1*10,0
ZOMV1,ZORYL MV1 TABS,15'S,60
AHDKFF,ZORYL MV2 FORTE TAB,1*10,290
ZOMV2,ZORYL MV2 TABS,15'S,175
ZL19,ZYLENO FORTE CAPS,10'S,0
FULGLR,FULVITMIN TAB,1*15,0
CBL1,COBALVIT FORTE CAPS,10'S,0
COB3,COBALVIT GT TABS,10'S,0
COB1,COBALVIT INJ,2ML,0
CMP1,COBALVIT PLUS,10'S,0
DFL30,DEFLAR 30MG TABS,10'S,0
DFL6,DEFLAR 6MG TABS,10'S,0
DEF1,DEFLASE 6MG TABS,10'S,0
GENT1,GENITRAL CAPS,10'S,0
LOR3,LORNISTAR 8MG TABS,10'S,0
LRN1,LORNISTAR P TABS,10'S,0
LL11,LYCOARK CAPS,10'S,0
METHYL,METHYLIFE PLUS CAPS,10'S,0
PET2,PENTASAR D TABS,10'S,0
ROMYUG,ROMY 250MG INJ,1,0
WIYF2G,VOGLISUG GM TAB,10*S,0
CID31,CIMCAL D3 DROPS,15ML,0
CMKCNC,CIMCAL TAB,1*15,0
CLQ100,CLON Q100MG TABS,5'S,0
CLOQ2,CLON Q50MG TABS,5'S,0
FOLI1,FOLIN MP TABS,10'S,0
DFJHJH,WINOMET M TAB,1*10,0
FDKHLG,CURKEY TAB,1*10,0
TASIRJ,TASIRON DROPS,3.8ML,0
UYGUKA,TASIRON DRY SYP 50ML,1*50ML,0
TASIRO,TASIRON TAB,1*10,0
TESHDG,TEP-AD LOTION,50ML,0
AUV,50 ACNE UV SPF-50,1,1
GII1QW,ALLSUTH,100ML,0
JHC,AZIBACT 100 DRY SY,15ML,3
AZIOBA,AZIBACT 200 DRY SY,15ML,1
DFBFFF,AZIFAST GEL 20GM,1*20G,0
GEYGUY,BROMEHEXINE TAB,1*10,0
CRA1,CRANPAC D CAPS,10'S,0
CTDL,CTD L 6.25/50 TAB,10'S,0
CTD26,CTD T6.25/40MG TABS,15'S,75
CUT5,CUTINORM CREAM,40GM,0
CUT11,CUTINORM SOAP,75GM,0
CUT16,CUTIRINZ FACEWASH,70ML,0
C1800,CUTISOFT CREAM,10GM,0
GQFIFG,CUTIYT G LOTION,50ML,0
DC41',DONICA SR CAPS,10S,0
F367,FITTY DENT PASTE,20GM,0
G1L4,GLYREE M FORTE,10'S,0
GYNS,GYNIK SYRUP,200ML,0
OHWGIO,HALOTOP S LOTION,50ML,0
IDEN1,IDENTI CAL TABS,10'S,0
LAC,C LACSOFT C GEL,1,0
LAR60,LARINATE 60 VAIL,1'S,486
LF42,LEFNO 10MG TABS,10'S,10
LUM11,LUMERAX SYRUP,60ML,6
LTUS,LUTS T 5MG,10'S,10
NIPCAN,NIPCAN 150MG TABS,1'S,0
JGIQUG,PERI CR 25,15S,0
RAPD2,RAPILIF D8/0.5MG CAPS,10'S,0
1RXTOR,RXTOR 10MG TABS,10'S,0
TM112,TAMSULIN T CAPS,10'S,0
TL123,TELMINORM 40MG TABS,10'S,0
T1EL2,TELMINORM CH40 TABS,10'S,0
TMR1,TELMINORM R TABS,10'S,0
TFECGW,TFCT NIB TAB,10'S,0
T148,THERMOSEAL TOOTHPASTE,100GM,10
IUGQ2F,XEPINOXIN CREAM,5GM,0
YOU2,YOUNIFLOSS,50'S,0
IBIVVD,5% IBIVIG 5GM INJ,5GM,0
ARL25,ACE REVELOL 25/2.5MG TABS 10'S,,0
ACEHY,ACNE HYDRA GEL,75GM,1
AKJKJF,ACNE OC 75GM,1*75GM,0
ACUV60,ACNE UV GEL,60GM,0
ACV9,ACNE UV GEL,30GM,0
ACNEUN,ACNE UV GEL SPF 30,60GM,1
ACT10,ACUTRET 10,10'S,0
AHHFMD,ACUTRET 20MG TAB,1*10,0
ALK50,ALKASTONE B6 SYRUP,100ML,0
ALK1,ALKASTONE SYRUP,450ML,0
AZIBAC,AZIBACT 500MG TABS,5,45
GHFJHS,AZR 50MG TAB,1*10,0
VBHVSD,BACSTOL 200MG TAB,1*10,0
BACS1,BACSTOL TABS,10'S,10
BEPO,BEPOSURGE DROPS,5ML,0
BRIPCA,BRIPCA 100MG,14S,28
BEROPS,BRIPCA 50MG TAB,14'S,0
B225,BROMHEXINE SYRUP,100ML,0
HKFDFF,BULARID L TAB,1*10,0
CLTN,CALTEN D CAPS,10'S,0
CTD,CALTEN D500 TABS,15'S,0
CARDIO,CARDIOPLUS CAPS,10'S,0
CEL4,CELEDOL 200MG CAPS,10'S,0
JHDGTA,CINKONA 300MG TAB,1*10,0
C1649,CLARBACT 250MG TAB,4'S,0
CLAR,CLARBACT 500MG TABS,4'S,0
C701,CLINSODENT POWDER,60GM,0
CRP3,CRANPAC CAPS,15'S,0
CTD11,CTD 12.5MG TABS,15'S,45
CTD6,CTD 6.25MG TABS,15'S,60
CTDL1,CTD L12.5/50MG TABS,10'S,0
CTD/M,CTD M 6.25/50 TAB'S,10'S,0
CTDO1,CTD O12.5/20MG TABS,10'S,0
CTD40,CTD O12.5/40MG TABS,10'S,0
CTD06,CTD O6.25/20MG TABS,10'S,0
CTDO40,CTD O6.25/40MG TABS,10'S,0
CTD,T1 CTD T 12.5/40,15'S,30
CTFBFG,CTD T 6.2/20MG TAB,1*15,0
FGSHFJ,CTD T 6.25/20 TAB,1*15,0
GDFFSD,CTD T 6.25/80MG TAB,1*10,0
CTD,C CTD-C 12.5/10 TAB,10,0
CTDC6,CTD-C 6.25/10,10'S,30
LGJHGG,CUTIMAX LOTION 100ML,1*100ML,0
DSJGKG,CUTIMX CREAM 150GM,1*150GM,0
CUTMN1,CUTINORM LOTION,100ML,0
AKHFGH,CUTISOFT LOTION 50ML,1*50ML,0
CUTI1,CUTIWASH FOAMING FCWASH,60ML,0
FZ30,DFZ 30 TABS,10'S,0
DF14,DFZ 6 TABS,10'S,0
DISC,DIASOL(DIACERIN) CAP,10S,0
DRL1,DROLGAN TABS,10'S,0
DUSHFH,DUXEAD 20MG TAB,1*10,0
EBX1,EBUXO 80(FEBUXOSTAT)MG,10'S,0
EBX2,EBUXO(FOXSTAT)40MG TABS,10'S,0
ELEC1,ELECTROSIP APPLE DRINK,100ML,0
ETO22,ETORNEXT TH4MG TABS,10'S,0
ETO200,ETOVA 200MG TABS,10'S,0
ET4,ETOVA 400 TAB,10S,0
ETOMR1,ETOVA MR FORTE TABS,10'S,0
ET221,ETOVA MR TABS,10'S,20
ETP,ETOVA P 400 TABS,10S,0
ET3,ETOVA-300 TAB,10X10S,0
ET12,ETOVA-ER 400 TABS,10'S,20
ETE,ETOVA-ER 600 TABS,10'S,40
SKFLKH,EYESURGE CAP,1*10,0
FTC500,FASTCLAV 500MG TABS,10'S,0
FLOVAS,FLOVAS 20MG TAB,14'S,42
AERR,FOLITRAX 10MG TAB,5'S,20
FOL15,FOLITRAX 15MG TABS,10'S,60
FOLIT2,FOLITRAX 2.5MG TABS,10'S,70
FOL3,FOLITRAX 20MG INJ,1ML,0
FOL20,FOLITRAX 20MG TABS,5'S,10
FOLI3,FOLITRAX 25 INJ,1ML,0
FOLIT,FOLITRAX 25MG TABS,4'S,8
FL21,FOLITRAX 50 INJ,2ML,0
FT5,FOLITRAX 5MG TAB,10'S,20
FOLT,FOLITRAX 7.5MG TABS,10'S,19
FOLTR,FOLITRAX(METHOTREXITE)15,15ML,0
G248,GLYCINORM 40MG TABS,10`S,0
G280,GLYCINORM 80MG TABS,10'S,0
G305,GLYCINORM M 40MG TABS,10'S,0
G306,GLYCINORM M 80MG TABS,1*15,0
"GLY.,",GLYCINORM M30 OD TABS,10'S,0
GLY,GLYCINORM TOTAL 30MG TABS 10'S,,0
GLYY1,GLYCINORM TOTAL 60MG TABS 10'S,,0
GL60MR,GLYCINORM-M60 MR,10'S,0
G440,GLYREE 1MG TABS,10`S,0
GM1,GLYREE M1 TABS,10'S,0
EJLHGG,GLYREE M2 FORTE TAB,1*10,0
GM2,GLYREE M2 TABS,10'S,0
GY2,GLYREE MP1 TAB,10S,0
JHFHLH,GLYREE MV1 TAB,1*10,0
GLJGHD,GLYREE MV2 TAB,1*10,0
HAL99,HALOTOP CREAM,30GM,0
HAS1,HALOTOP S CREAM,30GM,0
SDHFLG,HALOTOP S OINT 30GM,1*30G,0
HC300,HCQS 300MG TABS,10'S,0
HCS,HCQS 400 TABS,10'S,0
H2004,HCQS TABS,15'S,335
GFKGJK,HYLOSURGE EYE DROPS 10ML,1*10ML,0
IGU,IGURATI-25 MG,10'S,20
IN14,INDITOR SR 1.5 TABS,10'S,0
FFHHFF,ITRATUFF 100MG CAP,1*15,0
SDJKJF,ITRATUFF 200MG CAP,1*15,0
KEFSB,KEFTRAGARD 1.5GM,1'S,69
LFNDNN,KERA FM 60ML LOTION,1*1,0
KDHFNG,KERA XL HAIR SERUM,1*1,0
KERAND,KERA XL M SOLUTION,60ML,0
KRT1,KERAGLO EVA TABS,10'S,30
KER1,KERAGLO MEN CAPS,10'S,0
KERM3,KERAGLO MEN TABS,30'S,0
KER,AD KERAGLO-AD SHAMPOO,1,0
HGERR7,KERAWASH SHAMPOO,1*100ML,0
LAC,LACSOFT CREAM,50G,0
LACTAQ,LACTAGARD 1.5,1'S,10
L1075,LARIAGO AMP,2ML,200
L141,LARIAGO AMP,5ML,15
L1075,LARIAGO AMP,2ML,390
L144,LARIAGO DS 500MG TABS,5`S,100
L142,LARIAGO SYRUP,120ML,93
L143,LARIAGO TABS,10`S,4300
L140,LARIAGO VIAL,30ML,327
LAR12,LARINATE 120 VAIL,1'S,50
LR200,LARINATE 200MG KIT,3'S,4
LARINA,LARINATE 50 KIT,1'S,1
LRU1,LARINATE KIT 100MG TABS,2'S,0
LF44,LEFNO 20MG TABS,10'S,40
LSAH,LOSANORM H 50 TABS,10'S,0
LOTERY,LOTESURGE LS DROPS,5ML,0
LUM20\,LUMERAX 20DT TABS,6'S,39
LMR0,LUMERAX 40MG TABS,6'S,228
LUM60,LUMERAX 60MG TABS,6'S,24
LUM1,LUMERAX 80MG TABS,6'S,138
MSOLV1,M SOLVIN SYRUP,60ML,0
MALADS,MALIRID DS TAB,7'S,259
MALRID,MALIRID TAB,10'S,500
MEF1,MEFANORM SYRUP,100ML,0
MNFIHF,MIRBEG 50MG TAB,1*10,10
VFHVAH,MIRBEG S 25MG TAB,1*10,0
MMF2,MMF TABS,10'S,10
M337,MOVON 100 TABS,10`S,0
MOVONP,MOVON P TAB,10'S,0
NERV6,NERVON FORTE CAPS,10'S,0
NIZD,NIZONIDE DT TAB,1X6'S,0
VSDHSG,NOVANIB-T TAB,1*10,0
PAC,PACIMOL 500MG TAB,10'S,1800
PARICE,PARI CR12.5MG TAB,1*15,60
P112,PERINORM AMP,2ML,10
P374,PERINORM CD CAPS,10`S,0
PR32,PERINORM INJ,20ML,37
PER321,PERINORM INJ,10ML,0
P372,PERINORM TABS,10`S,50
PIO/15,PIOMED 15MG TAB,10'S,0
PIM15,PIOMED M15MG TABS,10'S,0
PLAT9,PLATIGAIN SYRUP,150ML,0
PL421,PLEOTOR 10MG TABS,10'S,0
R734,RAMCOR 1.25MG CAPS,10'S,0
R735,RAMCOR 2.5MG CAPS,10'S,0
R736,RAMCOR 5MG CAPS,10'S,0
RAMCOR,RAMCOR H 2.5 TABS,10'S,0
RAMC,RAMCOR H 5 TABS,10'S,0
RAPI,4 RAPILIF 4MG CAP,10'S,0
RAPL1,RAPILIF 8MG CAPS,1*15,0
RANJ,RAPITHER-AB INJ,2ML,20
REVJSS,RECITA LD TAB,1*10,0
RV19,REVELOL AM25/2.5 TABS,1*15,0
RV15,REVELOL AM50/5 TABS,1*15,0
REV13,REVELOL XL 12.5MG TAB'S,10'S,0
REV11,REVELOL XL25 TABS,10'S,0
RXP1,RX PLUS CAPS,15'S,0
XRTOR1,RXTOR 20MG TABS,10'S,0
RXT05,RXTOR 5MG TABS,10'S,0
RXTOR,RXTOR F10MG TABS,10',0
SAZ,SAAZ 500 TABS,10'S,0
SAZD,SAAZ DS 1000 TABS,10'S,30
FFSJKD,SESTRY SHAMPOO 200ML,1*200ML,0
SOFZ1,SOFZID NS SYRUP,100ML,0
SOL1,SOLVIN COLD DROPS,15ML,0
SOLV1,SOLVIN COLD DS SYRUP,60ML,0
SL43,SOLVIN COLD SYRUP,60ML,0
SOLC9,SOLVIN COLD TABS,10'S,0
BDYUAS,TADACT 10MG TAB,1*10,0
TAML1,TAMLOCEFT D CAPS,10'S,0
HJFHDG,TASULIN 0.4MG TAB,1*14,0
TLMM1,TASULIN D CAPS,15'S,0
TAZO4.,TAZOFAST 4.5G,1'S,60
RLKEJH,TELMINORM 20MG TAB,1*10,0
TEL66,TELMINORM H40 TABS,10'S,0
T457,TENOCHEK TABS,10'S,0
T245,TENOLOL 12.5 TABS,14'A,0
T288,TENOLOL 25MG TABS,14`S,0
T286,TENOLOL 50MG TABS,14`S,0
TENOAM,TENOLOL AM 25MG TABS,10'S,0
TENO50,TENOLOL AM 50MG TABS,10'S,0
T291,TENORIC 100MG TABS,10`S,0
T289,TENORIC 25MG TABS,10`S,0
T290,TENORIC 50MG TABS,10`S,50
TEN31,TENORIC LD50/6.25 TABS,10'S,0
TFNJHF,TFCT NIB OD TAB,1*10,0
T,HR THERMO PROXA WS,1,0
THE131,THERMOSEAL PROXA WS,1,0
VN21,VINICAR XL 25MG TABS,10'S,0
VIA,VINICOR AM50/5 TABS,10'S,0
VN23,VINICOR XL 50MG TABS,10'S,0
VINA,VINICOR-AM 25/2.5 TAB,1X7S,0
X38,XTOR 10MG TABS,10'S,0
X795,XTOR F TABS,10'S,0
ZL10,ZALTOKIN 80 TABS,10'S,0
Z1,ZERODOL 100MG TABS,10'S,20
ZECR,ZERODOL CR TABS,10'S,90
ZRT1,ZERODOL PT TABS,10'S,0
AWE,ZERODOL SP TABS,10'S,468
ZRDOLS,ZERODOL SPAS TABS,10'S,80
ZEROD,ZERODOL TH 8MG TABS,10'S,5
ZDOLP,ZERODOL TH4 TABS,10'S,90
ZER87,ZERODOL-P TAB,10'S,1490
ZIL14,ZILAST 100MG TABS,10'S,0
HFGWW,SECLONAC-TH TAB,1*10,0
MEL2,MELGAIN LOTION 2ML,1X2ML,0
MEG5,MELGAIN LOTION 5ML,1X5ML,0
JHFLHL,ANO METROGYL CREAM 20GM,1*20G,0
BISTAB,BISOTAB 2.5MG TAB,10'S,0
BIZ11,BIZFER XT TABS,10'S,0
CINL1,CILACAR 10MG TABS,15S,345
CI20,CILACAR 20MG TABS,15'S,45
CILA.,CILACAR 5MG TABS,15'S,55
CILAKA,CILACAR C,10'S,0
CILACA,CILACAR C 6.25 TAB,10'S,0
KFNLHL,CILACAR M 10/25MG TAB,1*15,75
CILA1,CILACAR M10/50 TABS,15'S,0
CIL11,CILACAR T TABS,14'S,112
LFT,LFITUM 500 MG,10'S,0
DGFKKH,METROGLY ER 600MG TAB,1*10,30
JDKHFL,METROGYL ANO CREAM,1*20GM,0
FGGHGH,METROGYL M OINT 5GM,1*5GM,1
JHFDKG,MYOTAN 40MG TAB,1*10,0
N129,NICARDIA RET 20MG TABS,30 S,1170
BKJCCC,NICARDIA XL 30MG TAB,1*15,0
BGDJGJ,NOR METROGYL PLUS TAB,1*10,0
BAGHAF,NUTRIHANCE POWDER,1*35GM,0
NHHFFF,OFM DS SYRUP,60ML,0
OFM6,OFM SYRUP,60ML,18
RANJAS,RANRAFT SYRUP,150ML,0
R117,RANTAC 150MG TABS,30S,1410
RALA,RANTAC MPS LA SY,200ML,0
RAOD3,RANTAC OD 300MG TABS,10'S,0
IEQWUF,REJUNURON ACTIVE TAB,10*S,0
ZXAUDA,ZOTT P TAB,1*10,0
N478,NIZORAL BLUE SHAMPOO,50ML,0
O324,ONETOUCH SELECT PLUS 25,25'S,0
BANDID,BANDAID ASORTED WASHPROOF 1'S,,0
J054,BANDAID REGULAR (J&J),1`S,0
B135,BANDAID ROUND (J&J),1'S,0
BAN,BANDAID SQUARE (J&J),1'S,0
B491,BANDAID WASHPROOF(J&J),100'S,0
C585,CAREFREE EXTRA LARGE,10 BELTS,0
C1190,CLEAN & CLEAR F/W,125ML,0
C1414,CLEAN & CLEAR F/W,60ML,0
CLNCLR,CLEAN&CLEAR FACE/W,125ML,0
CONSDM,COMPLAN PISTABADAM 500GM,500GM,0
J025,JOHNSON BABY HAIR OIL ALL ALL,,0
JOH-3,JOHNSON BABY POW BLOSSOME 100GM,,0
JOH,JOHNSON BABY POWDER,50GM,0
JOH-2,JOHNSON BABY POWDER 200GM 200MG,,0
JOHNGL,JOHNSON BABY POWDER 400GM 400GM,,0
JIY,JOHNSON BABY SOAP 25GM,25 GM,0
JBS75,JOHNSON BABY SOAP 75GM,75GM,0
JBSBLO,JOHNSON BABY SOAP BLOS,150GM,0
J053,JOHNSON BUDS LARGE,150`S,0
J030,JOHNSON BUDS MEDIUM,60`S,0
NIZSHA,NIZRAL 2% LOTION,50ML,0
NMT,NMT,60ML,0
ORS,ORS-L APPLE DRINK,200ML,0
S1078,SAVLON,1LTR,0
SAV2,SAVLON LARGE,250ML,0
S213,SAVLON MEDIUM,100ML,0
S212,SAVLON SMALL,50ML,0
S901,SAVLON SOAP,75GM,0
SFSXL,SF SECURE XTRA LARGE,8'S,0
S214,SHOWER TO SHOWER COLOGNE,75GM,0
S217,SHOWER TO SHOWER COLOGNE,150GM,0
S570,SHOWER TO SHOWER MOR,150GMS,0
S689,SHOWER TO SHOWER POW,150GM,0
REAL1,REAL HONEY 100GM,100GM,0
REAL,REAL HONEY 25GM,25GM,0
REAL5,REAL HONEY 50GM,50GM,0
BAFE,BABY FEEDER 125ML,125ML,0
NIPP,BABY NIPPLE ALL,1'S,0
S705,NIPPLE SHIELD,1`S,0
E074,ELASTOCREPE BANDAGE 8CM,,0
E079,EMOFORM BIG TOOTHPASTE,150GM,0
E078,EMOFORM MEDIUM TOOTHPASTE 100GM,,0
E077,EMOFORM SMALL TOOTHPASTE,50GM,0
G061,GYPSONA PLASTER,,0
M213,MORISONS DELUXE NIPPLE,1'S,0
O180,ORTHO SET 10CM,1'S,0
P732,PSOROLIN OINTMENT,100GM,0
LYCG,LYCOGOLD CAP,1X10S,0
M064,MAINTANE TABS,10'S,0
SM10,SIMCOBAL CAPS,10'S,0
SINTAB,SINARID TABS,10'S,0
BGBBCB,BOTROCLOT SOLUTION 10ML,1*10ML,0
ONEL1,ONEL DRINK,60ML,0
LYCOR,LYCORED CAPS,10'S,0
CYC14,CYCLOREG TABS,10'S,0
EQU,EQUIREX,10,0
I024,INDOCAP CAPS,10'S,0
I025,INDOCAP SR CAPS,10'S,65
J002,JPTONE SYRUP,200ML,0
LCY,LYCORED SYP,200ML,0
M063,MAINTANE 250MG AMP,1ML,0
M062,MAINTANE 500MG AMP,1ML,0
M066,METADEC 25MG AMP,1ML,0
M067,METADEC 50MG AMP,1ML,0
V331,VECREDIL VIALS,100ML,0
ACC2,ACCESS P TABS,10'S,0
ACES1,ACCESS SP TABS,10'S,0
AMLL1,AMLOGO AT TABS,10'S,0
CAL6,CAL Q 1000MG TABS,10'S,0
CAQ1,CAL Q ALPHA TABS,10'S,0
CALQ10,CAL Q500 TABS,10'S,0
GAB11,GABA MIGHT TABS,10'S,0
MIG3,MIGHT PLUS,10'S,0
MIG6,MIGHTY CAPS,4'S,0
PER1D,PEREDOM TABS,10'S,0
RAB3,RABJOY 20MG TABS,10'S,0
RAB0,RABJOY D20 TABS,10'S,0
JHG1,RABJOY DSR CAPS,10'S,0
STT3,STARRY 10MG TABS,10'S,0
STT2,STARRY F TABS,10'S,0
TE11,TEEM 40MG TABS,10'S,0
TEEM.,TEEM AM TABS,10'S,0
TMNM1,TEEM H TABS,10'S,180
TRIP21,TRIPSUN FORTE TABS,10'S,0
"VMO.,",V-MORE PLUS TABS,10'S,0
E2099,EUCALYPTUS OIL,40ML,0
P1373,PAIN OFF OIL,50ML,0
BIL1,BILSDERM S CREAM,15GM,0
INV21,INVOKANA 100MG TABS,10'S,0
M738,MADHU MARDAN,300GM,0
MAD100,MADHUMARDHAN POWDER,1KG,0
OKNDJJ,ONETOUCH SELECT PLUS 10S,1*1,0
ONKGHF,ONETOUCH SELECT PLUS 50S,,0
OMNEUE,ONETOUCH SELECT PLUS KIT,1*1,0
ONDJFG,ONETOUCH VERIO 25S,1*1,0
A589,ATROPINE EYE DROPS,3ML,0
A512,ATROPINE EYE OINT (JAWA),3 GM,0
C1270,CHLOROCOL-H EYE OINT,3GM,0
C1600,CMC EYE DROPS,10ML,0
C1596,CYCLOMID EYE DROPS,3ML,0
G234,GARASOL D EYE DROPS,5ML,0
H187,HYPERSOL 5 EYE DROPS,10ML,0
H2043,HYPERSOL 6 EYE OINT,3GM,0
O170,OPTICURE EYE DROPS,10ML,0
HRYTTY,CILACAR -TM 50 TAB,1*10,0
CARTD1,CARTISAFE D TABS,10'S,0
C1201,CARTISAFE FORTE 750 TAB,10'S,0
ESCI.,ESCITO 10MG TABS,10'S,0
ESCITO,ESCITO PLUS TABS,10'S,0
G176,GLUCOTROL TABS,20'S,0
JT250,JEEVANTONE,250GMS,0
JEEA,JEEVANTONE,500GMS,0
NEEHJR,NERVIJEN D3 TAB,1*10,0
NER1,NERVIJEN INJ,2ML,0
NERNP1,NERVIJEN NP TABS,10'S,0
NER14,NERVIJEN P CAPS,10'S,0
NERVIJ,NERVIJEN P SR TAB'S,10'S,0
NEJ,NERVIJEN PLUS CAPS,10'S,0
HGUIV,NERVIJEN PLUS INJ,1*1,0
L;DFHL,OXICOJEN CREAM 30GM,1*30G,0
P642,POWERGESIC PLUS GEL,30GM,12
P418,POWERGESIC TABS,10'S,0
POWEJI,RRRRRRRRR,,0
TOO,TOPCAL-O CAP,10S,0
TR01,TRIBEN AD LOTION,120ML,0
TRIB,TRIBEN B LOTION,30ML,0
ZX41,ZIX MR 4 TABS,10'S,0
ZX12,ZIX MR 8 TABS,10'S,0
ZIX11,ZIX P TABS,10'S,0
ZX14,ZIX R OD CAPS,10'S,0
Z264,ZIX RP TABS,10'S,0
K98,KAMASUTRA CONDOMS,3'S,0
K144,KAMASUTRA CONDOMS,6'S,0
K181,KAMASUTRA CONDOMS,10'S,0
K179,KAMASUTRA CONDOMS 12S,12'S,0
JXHAWH,LUPART-P TAB,1*10,0
GBUF,CADOMER GEL 10GM,1*10GM,0
METAPE,MEDI TAPE 25MM X 9M ROLLS 1'S,,0
MTI,MEDI-TAPE 320 ROOL,1X6S,0
GHFY,JB BABYCARE COLLECTION,1*1,0
AVEENO,AVEENO BABY BATH,354ML,0
L;AVEE,AVEENO BABY DERMEXA MOIST 1,,0
BA250,BABY FEEDER 250ML,250NML,0
BABY1,BABY TOOTH BRUSH,1,0
BB11\3,BABY WIPES,80'S,0
B085,BENADRYL CR SYRUP,100ML,0
BENDAR,BENADRYL DRY KID COUGH,1*100ML,0
BLIS11,BLISDERM OINT,15GM,0
CLNNCL,CLEAN&CLR FACE/W,60ML,0
COLDAR,COLDARIN TAB,10'S,0
ENV11,ENFAGROW CHOCOLATE,400GM,0
EVE2,ENFAGROW VANILLA,400GM,0
ENKHSD,ENO JALJEERA SACHETS,1'S,0
BABF,FEEDING BOT SILICONE,1X125,0
GITGB,GIFT BOX JJB,1S,0
HABI21,HABICCOR CREAM,10GM,0
UGQ,JB COTTON BUDS,1*1,0
GDS,JB CREAM,1*1,0
YUQ,JB HEAD TO TOE BATH,1*1,0
GH,JB MILK LOTION,1*1,0
GHSFY,JB MILK SOAP,1*1,0
HDA,JB MILK+RICE CREAM,1*1,0
JKFH,JB OIL,1*1,0
FYU,JB POWDER,1*1,0
WDJHG,JB SHAMPOO,1*1,0
JB,JB WIPES,1*1,0
JOHNA9,JOHNSON ACTIVE CLEAN,200ML,0
JBAKS,JOHNSON BABY SHAMPOO,200ML,0
BCREAM,JOHNSON BABY CREAM,ALL,0
DHFJFL,JOHNSON BABY KIT,1*1,0
JOHN3,JOHNSON BABY LOTION ALL,ALL,0
HASUIF,JOHNSON BABY MASSAGE OIL,ALL,0
BJDGH,JOHNSON BABY MILK CREAM,ALL,0
JOHN,5 JOHNSON BABY MILK LOTION,1X50,0
JOH9,JOHNSON BABY MILK LOTIONS ALL,,0
MILKYS,JOHNSON BABY MILK SOAP,75G,0
JOH-1,JOHNSON BABY POW BLOSSOMS 200GM,,0
JJ,JOHNSON BABY POWDER 100GM 100GM,,0
JOHNTT,JOHNSON BABY SHAMPOO,50ML,0
J&J100,JOHNSON BABY SOAP 100GM,100GM,0
JBS150,JOHNSON BABY SOAP 150GM,150GM,0
J&J50S,JOHNSON BABY SOAP 50GM,50GM,0
JOHNS/,JOHNSON BABY WIPES,72'S,0
"JOHN,",JOHNSON BABY WIPES,20'S,0
11J,JOHNSON BUDS 30S/60 SWABS 30'S,,0
JBS,JOHNSON BUDS 30SWABS,15'S,0
JJDR1,JOHNSON DIPER RASHCREAM,15GM,0
JOHNSE,JOHNSON MILK CREAM 50GM,50GM,0
JOHSJD,JOHNSON TOP TO TOE BATH,50ML,0
JOHADN,JOHNSON TOP TO TOE BATH,100ML,0
JTTT1,JOHNSON TOP TO TOE SOAP,75GM,0
543J,JOHNSONPLAST 7.5CM*5M,1'S,0
HSFGIG,JOHSNION BABY OIL 200ML,1*200ML,0
KETODG,KETOCIP SHAMPOO,100ML,0
KY41,KYRAB 10MG TABS,10'S,0
L062,LISTERINE MOUTH WASH,250ML,0
CSGDTF,LISTERINE TOTAL CARE M/W,1*250ML,0
QSGIO1,METROGYL P 2% OINT,20GM,18
NCRT1,NICORETTE TABS,10'S,0
NIZS,NIZORAL SHAMPOO,100ML,0
ON19,ONETOUCH FINE POINT,25'S,0
ONET1,ONETOUCH SELECT 10S,10'S,0
ONE32,ONETOUCH SELECT 25S,25'S,0
ONT1,ONETOUCH ULTRA EASY,1,0
ONEV10,ONETOUCH VERIO 10S,10'S,0
ONET11,ONETOUCH VERIO 50S,"50""S",0
ONEV1,ONETOUCH VERIO FLEX KIT,1S,0
HDKJFH,ONETUCH ULTRA LANCET,1*1,0
OR19,ORS L ORANGE DRINK,5.7GM,0
OST1,OSTEOSOLVE TABS,10'S,0
PRE21,PRELOGIC CAPS,10'S,0
R1T21,RETINO AC CREAM,15GM,0
RISP1,RISPERDAL 1MG TABS,10'S,0
ROS20,ROSUTEC 20MG TABS,10'S,0
ROVI20,ROVIO 20MG TABS,10'S,0
SF,STAYFREE WINGS ALL,1*1,0
STU111,STUGERON PLUS TAB,10,110
UL41,ULTRACET SEMI TABS,15'S,15
YETJFW,ZANDU FAST RELIEF GEL ALL 1*1,,0
D086,DAKTARIN GEL,40GM,3
D090,DICARIS ADULTS 150MG TABS 1`S,,0
ENF1,ENFAMIL A+1 POWDER,400GM,0
ENF3,ENFAMIL A+2 POWDER,400GM,0
ENF2,ENFAMIL A+3 POWDER,400GM,0
ETTDHU,ETHIBOND,1,0
FR13,FROLIX SOAP,75GM,0
G050,GASTRACTIV TABS,10'S,0
I029,IMODIUM CAPS,4'S,0
IVERJO,IVERJOHN 12MG TAB,1*10,0
KYD1,KYRAB D CAPS,10'S,0
N077,NIZRAL CREAM,15GM,0
N078,NIZRAL(KETAKANAZOLE) TABS 10`S,,0
ONEFFF,ONETOUCH PEN DEVICE,1*1,0
ONE.,ONETOUCH ULTRA 10'S,10'S,0
ONUL,ONETOUCH ULTRA 25ST,25,0
OTSTP,OT TEST STRIP,25'S,0
O049,OTOGESIC EAR DROPS,5ML,0
"PARO,",PARODONTAX TOOTHPASTE,40GM,0
PRA11,PARODONTAX TOOTHPASTE ALL,,0
P123,PEDIA SYRUP,60ML,0
R064,RARICAP FORTE TABS,30`S,0
R066,RARICAP TABS,40`S,0
R070,RETINO A 0.25 CREAM,20GM,0
R071,RETINO A 0.5 CREAM,20GMS,0
FGJH,SF SECURE XL WINGS,1*1,0
S123,SIBELIUM 10MG TABS,30`S,40
S122,SIBELIUM 5MG TABS,10`S,40
S869,SPORANOX CAPS,4'S,0
S127,STUGERON 25MG TABS,25'S,440
S128,STUGERON FORTE TABS,20'S,80
T678,TOPAMAC 100MG TABS,10`S,0
T562,TOPAMAC 25MG TABS,10'S,0
T563,TOPAMAC 50MG TABS,10'S,0
ULTRAC,ULTRACET TABS,"15,S",41
JUBA02,AGIVOG M0.2MG TABS,10'S,0
JUBA03,AGIVOG M0.3MG TABS,10'S,0
JUBC10,CILNIPINE 10MG TABS,10'S,0
JUBC20,CILNIPINE 20MG TABS,10'S,0
JUBC5,CILNIPINE 5MG TABS,10'S,0
JUB20,JUBICAD 20 TAB,10'S,0
JUBCV,JUBICARD CV CAPS,10'S,0
JUBMF1,JUBIGLIM M1 FORTE TABS,10'S,0
JUBM1,JUBIGLIM M1 TABS,10'S,0
JUBMF2,JUBIGLIM M2 FORTE TABS,10'S,0
JUBM2,JUBIGLIM M2 TABS,10'S,0
JUBMV1,JUBIGLIM MV1 TABS,10'S,0
JUBMV2,JUBIGLIM MV2 TABS,10'S,0
JUBVD,VDJUB 60K CAPS,4'S,0
ZILS80,ZILSMART 80MG TABS,10'S,0
B346,BOTROPASE AMP,1ML,0
D488,DART TABS,10S,40
M530,MULMIN DROPS,15ML,0
MUL.,MULMIN SYRUP,200ML,0
M558,MYNBERRYS COMPOUND,250ML,0
T459,TIDILAN 10MG TABS,30'S,0
RDYE,BEVIS SOFTGEL,1*10S,0
WUG9O2,CRISZIR DM SYP,100ML,0
FIXJ9,FIXJOINT TABS,10'S,0
KAI,KAINOGLIM M2 TAB,15;S,90
FUFKUY,METHYCOBAL D TAB,1*10,0
KARERF,KARE MED UNDER PADS,,0
K192,KK FORTE CAPS,10'S,0
DEAX1,DEAXAT TABS,10'S,0
KNOL,METOPOLE 50XL TAB,10'S,0
11ME1,METOPOLE XL 25MG TABS,10'S,0
SURG.,SURGICARE 7.5 GLOVES,1'S,10
SC876,SURGICARE LOWPRO 6.5,1PAIR,0
SU23,SURGICARE LOWPRO(7),1PAIR,0
ARG23,ARGIMUST SACHETS,8.5GM,0
COLAB,COLATAGE B CAPS,10'S,0
GLAM2,GLAMBAK GEL,20GM,0
KEPX1,KEP X SYRUP,100ML,14
UYIUJS,MOKTEL WOMAN TAB,1*10,0
POPE1,POP E TABS,15'S,60
246,ZINDA TILISMATH/5ML/13-00 1S,,0
CCP1,CPP 250 SYRUP,60ML,0
ACEF1,ACE AXOFEN TABS,10'S,0
CIDO,CIDOGREL,10'S,0
CIDOGR,CIDOGREL-A,10'S,0
G324,GRENIL TABS,10'S,960
KADP,KAMADOL-P,10'S,0
POP,POP-E,1,3
REM,REM CC SYP,60ML,0
MET13,METCOBAL OD CAPS,10'S,0
M887,MYSORE SANDAL SOAP,125GM,0
B567,BIOHEP AMP,10ML,0
FOR99,FORENCIA FACEWASH,100ML,0
KEOK9,KEO KARPIN OIL,100ML,0
BON16,BONECARE M CAPS,10'S,0
MES3,MESAG AMPS,1ML,0
UN11,UNCOL M TABS,10'S,0
ZW12,ZWICK OINT,30GM,0
BIGEL,BIFLOATE GEL,15GM,6
BIO,BIFOLATE DC TAB,15;S,0
KGFJKG,BIFOLATE SYP,1*100ML,3
BI-FOL,BIFOLATE TAB,15,45
BKSJD,CHILKEP SYP,200ML,6
CHIL,CHILRAFT SYP,150ML,2
EASOD,EASYPREG OD TAB,10'S,0
ECT2,ECOTHRAL 250MG,10'S,40
ECT5,ECOTHRAL 500MG,5'S,50
FERM,FERIFLOW M TABS,10'S,0
DLJNGG,GLAMBAK FACE WASH,1*100ML,0
KEPD9,KEP D SYRUP,100ML,14
KEPLSD,KEP LS DROPS,15ML,12
HFHLHL,KEP LS SYP 100ML,1*100NL,21
KETA,1 KEPTAFINE TAB,7'S,0
FGJHJF,MILOXIR F 5 PRO LOTION,1*60ML,0
MOKL9,MOKTEL DROPS,15ML,0
MOKT9,MOKTEL SYRUP,200ML,0
MOKTL9,MOKTEL TABS,15,0
MOK,MOKTEL ULTRA CAP,10,30
VFSDFH,TISSOT HC TAB,1*10,0
TWASP,TWAGIC SP TAB,10'S,130
TWAGIC,TWAGIC SPAS,10'S,30
TWA,TWAGIC TAB,10'S,300
KEFM.,KEFMOX 200MG TABS,10'S,0
DOR20,DORA 20ML,20ML,20
MNDDD,MAMOFEN 20MG TAB,1*10,0
A4671,ANAFORTAN SYRUP,30ML,0
A127,ANAFORTAN TABS,15'S,0
DID11,DIANIM GM TABS,10'S,0
D067,DICALCIPLEX SYRUP,200ML,0
E427,EXIPLON DM SYRUP,100ML,0
G482,GLICLAZ M TAB,10'S,0
MAZT,MAMAZOL(LETROZOLE) TABS,10'S,0
M061,MAMOFEN TABS,,0
RAB10,RAB 10MG TABS,10'S,0
RAB20,RAB 20MG TABS,10'S,0
R055,ROBINAXOL TABS,10'S,0
ROSJFA,ROSACEA SOAP 75GM,1*75GM,0
V020,VERMISOL 150MG TABS,1'S,0
V021,VERMISOL 50MG TABS,1'S,0
XOF14,XOFEX XL 200 TABS,10'S,0
JKGYJ,GA-12,30GM,0
JHFGJ,GA-6,30GM,0
H253,HUGGIES DIAPERS LARGE,5'S,0
HUG...,HUGGIES DIAPERS NB,,0
H209,HUGGIES DIAPERS SMALL,5'S,0
HUGGIS,HUGGIES DIAPERS XL,,0
HUGGIE,HUGGIES DIAPERS XXL,,0
IMXIA,IMXIA-5,60ML,0
GHGH,KLMITE SOAP,75GM,0
UQFWDG,MELAPIK-HQ CREAM,20GM,0
WEGR,MFSONE CREAM,1*30GM,0
HGTUK,ZYDIP LOTION 100ML,1*100ML,0
FOG,FOLYGEL CAPS,10'S,0
TRPS,TRIFECT PLUS SYRUP,60ML,0
LJDFHH,ACIPSOR 25MG CAP,1*10,0
BIOK9,BIOKARE FORTE TABS,10'S,0
BIO,OD BIOKARE OD TAB,10,0
KJQSDG,CUREMITE SOAP 75GM,1*75GM,0
DUTA9,DUTACET TABS,10'S,0
JKFHUY,ESLOT TAB,1*10,0
FIBUTR,FIBOTRAN 250MG TAB,10'S,0
FDGVGG,GLOWTAN CREAM,1*15GM,0
GLOG,GLOWTAN-F,15GM,0
JKJY,GREWIT-5,60ML,0
GHYJH,JETTA-12 TAB,1*2,0
K,FDSZ K-FUSI CREAM,15GM,0
HFDGJ,KAROT TABS,1*10,0
JJKHKH,KINFACE A GEL,1*15GM,0
KIV99,KIVICAL LOTION,100ML,0
GFFJH,KIVICET 10 TAB,1*0,0
KLDFLH,KLINFACE A GEL,1*15GM,0
DKJFKK,MYKET SHAMPOO 50ML,1*50ML,0
MNGBH,NTFUNG-400TAB,1*1,0
REJGKF,TERBOCET 250MG TAB,1*10,0
TERRTH,TERBOCET 500MG TAB,1*10,0
JKHFHL,UV ETO SPF 30 LOTION 60ML 1*60ML,,0
UFUKGH,UV ETO SPF 50 LOTION,1*60ML,0
JHKFJH,UVETO SPE 30 LOTION 60ML,1*60ML,0
BHFSF,UVETO SPF 50 LOTION,1*80GM,0
HEORFH,VALCET 500MG TAB,V-2,0
JCHVJV,VICLOB CREAM 30GM,1*30GM,0
EJHKLJ,VICLOB SF OINT,1*15G,0
DLKVNL,VIMET 30GM CREAM,1*30GM,0
VIRTAH,VITAVERA CREAM 60GM,1*60GM,0
DFJJFF,VITAVERA LOTION 400ML,1*400ML,0
D324,DECOMIC EYE DROPS,10ML,5
DECO2,DECOMIC PLUS EYE DROPS,10ML,4
D326,DEXACORT N EYE OINT,5GM,0
D325,DEXACORT N EYE DROPS,10ML,0
L193,LYSICON-V SYP,200ML,0
P780,PENTOL EYE DROPS,3ML,0
FGGGFC,COSMOQ AC SUNSCREEN GEL,1*60G,0
KDJFKG,COSMOQ CONDITIONER 150GM,1*150G,0
FJKHKF,COSMOQ FACE WASH GEL,1*100G,0
BKKBBJ,COSMOQ SHAMPOO 200ML,1*200ML,0
EK30S,EKRAN 30 SILICON GEL,50GM,0
EK,AQ EKRAN AQUA GEL,50GM,0
EPIS9,EPISERT CREAM,20GM,0
EVCHAS,EXTEND TOTAL TAB,1*15,0
UGFKGH,IMXIA AT 60ML LOTION,1*60ML,0
KTHKH,IMXIA PLUS SHAMPOO,150ML,0
KEN9,KENZ LOTION,60ML,0
L786,KENZ PLUS LOTION,1*00ML,0
DJKLFK,KENZ SAL LOTION 60ML,1*60ML,0
KEN1,KENZ SOAP,75GM,0
KLMK1,KLM KLIN AHAFACE WASH,100GM,0
KLM9,KLM KLIN FACEWASH,50GM,0
KLMK9,KLM KLIN SOAP,75GM,0
CSDFJF,KLMC 1000MG TAB,1*1,0
KOJI1,KOJITIN GEL,15GM,0
HGKGFF,LIWISOFT LOTION 100ML,1*100ML,0
LULI/C,LULIZOL CREAM,10GM,0
LUL,23 LULIZOL CREAM 20G,1,0
LUL,30 LULIZOL CREAM 30G,1,0
ME/ENC,MELAPIK EVERNEW CREAM,20G,0
MELPP9,MELAPIK PLUS CREAM,20GM,0
NEVC9,NEVLON CALOE LOTION,60ML,0
NEVL1,NEVLON CREAM,100GM,0
NEVLON,NEVLON MAX CREAM,150GM,0
NEV9,NEVLON SOAP,75GM,0
FDJFHH,NICOCLEAN AD GEL 15GM,1*15G,0
NIOGEL,NIOCLEAN AD GEL,15G,2
NIOC1,NIOCLEAN GEL,20GM,0
BBFGG,NIOFINE FORTE TAB,1*7,0
NHNGGH,NIOGENTA F CREAM,1*20GM,0
NIO1,NIOGLOW FOAMING FACEWASH,60ML,0
HFFHGN,NIOSALIC 6 LOTION,1*1,0
ONIT1,ONITRAZ CAPS,4'S,0
ONI11,ONITRAZ FORTE CAPS,10S,0
OXHLHC,OXIDOX TAB,1*1,0
SGDKGG,SOFIDEW LOTION 100ML,1*100ML,0
DHFHHL,SOFIDEW SHAMPOO 100ML,1*100ML,0
GGCHHA,TODDRUB OINTMENT,1*40GM,0
ZYDITD,ZYDIP C CREAM,20GM,0
ZYDIP,ZYDIP-C LOTION,1*30ML,0
CLJHHH,CILIDIIVAS 10MG TAB,1*10,0
SEE1,SEEM 500MG TABS,10'S,0
ATR80,ATR 80MG TABS,10'S,0
ATRF10,ATR F TABS,10'S,0
CEF39,CEFREDROX AZ TABS,10'S,0
CEFR2,CEFREDROX LV TABS,10'S,0
CITI1,CITINOL 500MG TABS,10'S,0
CIT21,CITINOL PR TABS,10'S,0
FHDHFF,CLOPINOL AP TAB,1*10,0
ETO2,ETORIDOC 120MG TABS,10'S,0
ETO32,ETORINOL 120MG TABS,10'S,0
GAB9,GABADON NTP TABS,10'S,0
MOX13,MOXIFLOT 400MG TABS,5'S,0
DBVCY,NOLGLIPTIN 20MG,1*10,0
23ORTU,NOLGLIPTIN MF 1000MG,1*10,0
FQWGU,NOLGLIPTIN MF 500MG,10*S,0
NUC1,NUCOOL SYRUP,100ML,0
NCIUGF,NUTRINOL 4G CAP,1*10,0
KJFGSY,OLMO AH TAB,1*10,0
RAM10,RAMI RACE 10MG TABS,10'S,0
RA1M3,RAMI RACE 2.5MG TABS,1'0,0
RAMI.,RAMI RACE 5MG TABS,10'S,0
TELK1,TELKOM 40MG TABS,10'S,0
TELK0,TELKONOL AM TABS,10'S,150
FVFARF,TELKONOL M 25MG TAB,1*10,0
DFJLHJ,TELKONOL TRIO TAB,1*10,0
UNT32,UNITROCIN 250MG TABS,4'S,0
VOG,VOGLIBOZ 0.2MG TABS,10'S,0
OV,VOGLIBOZ 0.3MG TABS,10'S,0
VGM20,VOGLIBOZ GM2 TAB,10'S,0
VO,"GM3 VOGLIBOZ GM3 TAB,S",10'S,0
VOGLI,VOGLIBOZ M2 TABS,10'S,120
VOGLI.,VOGLIBOZ M3 TABS,10'S,0
DECOAM,DECOLIC AMPS,2ML,0
DECODR,DECOLIC DROP,10ML,0
DECS,DECOLIC SYRUP,30ML,0
DECOL,DECOLIC TABS,10'S,0
ZINCOS,ZINCOVITA SYP,200ML,0
BRR1,BEEDRYL SYRUP,100ML,0
SMY,SMYLE MOUTH GEL,10GM,0
V245,VENT MATE,1'S,0
AMUC9,AMUCOE NAC TABS,10'S,0
BENI/4,BENIPACK 4MG TAB'S,,0
BENCT6,BENIPACK CT6.25MG TABS,10'S,0
COE32,COE HB CAPS,10'S,0
COH9,COE HB SYRUP,150ML,0
COE1,COECORAL 250MG TABS,10'S,0
COED50,COECORAL D3 500MG TABS,10'S,0
COES2,COECORAL D3 CAPS,10'S,0
COEC1,COECORAL PLUS CAPS,10'S,0
COE01,COEDHEA PLUS CAPS,10'S,0
COE9,COELARG SACHETS,5GM,0
COE10,COENAC TABS,10'S,0
COER9\,COEPREG CAPS,10'S,0
COE21,COERIP ROSEHIP CAPS,30'S,0
DINO9,DINOGEST CAPS,10'S,0
EOM,E-OVA M 50 TAB,5'S,0
EOV11,E-OVA M100MG TABS,5'S,0
ESUR1,ESURANCE TABS,28'S,0
FOSF9,FOSFOE SAT,8GM,0
GOEC1,GOECYST CAPS,10'S,0
GOE21,GOECYST M TABS,10'S,0
INDL9,INDULACT POWDER,100GM,0
KIOF9,KIOFIBER TABS,10'S,0
MEN10,MENDATE 10MG TABS,10'S,0
MEN15,MENDONE 15MG TABS,10'S,0
PED200,PREGCERT 200SR TABS,10'S,0
PRE300,PREGCERT 300SR TABS,10'S,0
PREGC9,PREGCERT LMF TABS,10'S,0
SPRI1,SPIRODIN 650MG TABS,1'0,0
SPIR1,SPIRODIN AB TABS,10'S,0
SP180,SPIROMONT F 180 TAB,10'S,0
SP120,SPIROMONT F120MG TABS,10'S,0
SPIRO,SPIROMONT FA TAB,10'S,0
TEP20,TENIPACK 20MG TABS,10'S,0
TENMP2,TENIPACK M TABS,10'S,0
KRISHN,KRISMEG XT TAB,1*10,0
ANTD,ANTIDERM CREAM,5GM,0
"ANTI.,",ANTIDERM OINT,10GMS,0
ANTID,ANTIDERM PLUS CREAM,5GM,0
ROMY,ROMYTOP CREAM,15GM,0
SIPDE,SIPDERM OINT BIG,15GM,0
KRISJ,KRISHJAC TAB,10'S,90
LEOS01,LEOSET MK TABS,10'S,0
SDJFJG,ZOGLID M1 TAB,1*10,0
ZFHLGG,ZOGLID M2 FORTE TAB,1*10,0
DFJGHF,ZOGLID M2 TAB,1*10,0
LJ4T2T,LAMINO GI PLUS POWDER,1*200GM,0
GERYHE,LAMINO HEPA SACHETS,7*30GM,0
GJWERH,LAMINO HP SACHETS,7*30GM,0
LERKTW,LAMINO RESPI POWDER,1*200GM,0
JHTHTW,VENPRESS-AM TAB,1*10,100
CIPOWW,CIP TZ TAB,1*10,0
CIPIN,CIPIN 200MG TABS,10'S,0
CIP1,CIPIN 50MG TABS,10'S,0
DEPF6,DESPRAM FORTE TABS,10'S,0
E238,EMETIL 25MG TABS,10'S,0
RE237,EMETIL 50MG TABS,10'S,0
E235,EMETIL PLUS TABS,10'S,0
EP22,ESPOGEN 4000 INJ,1ML,0
G412,GLIBETIC 5MG TABS,10'S,0
GLIBMF,GLIBETIC MF TABS,10'S,0
LAC110,LACNE 10MG CAPS,10'S,0
LA20,LACNE 20MG CAPS,10'S,0
LAC30,LACNE FACE WASH,60ML,0
LANM1,LAMINO BISCUITS,200GM,0
L224,LARAP 2MG TABS,10'S,0
L223,LARAP 4MG TABS,10'S,0
O383,OLACE 2.5MG TABS,10'S,0
HFWJWE,PIDOTIMUNE 400 TAB,1*10,0
REL11,RELISH FORTE TABS,10'S,0
RL11,RELISH PLUS TABS,10'S,0
SOF11,SORIFIX OINT,15GM,0
TEMP21,TEMPTIN BAR,75GM,0
TEM9,TEMPTIN LOTION,100ML,0
T284,TN 250 SYRUP,,0
TLG1,TOLGRESS 2MG CAPS,10'S,0
TOLG.,TOLGRESS 4MG CAPS,10'S,0
CAFRTN,CARNIGLO M TAB,1*10,0
CARYAJ,CARTINATE PLUS TAB,1*10,0
LNV11,INVOLYM 408 CAPS,1*15,0
"LACN.,",LACNE BAR,75GM,0
LACN.,LACNE GEL,15GM,0
MELTX9,MELANO TX CREAM,15GM,0
GGHLHL,REDENSER PLUS HAIR SERUM,1*60ML,0
EFHFHF,SORIATOP LOTION 100ML,1*100ML,0
TACMOD,TACMOD FORTE OINT,30GMS,0
XTR1,XTRALITE CREAM,20GM,0
DLKSUF,XTRALITE MILD 20GM CREAM,1*20GM,0
ALFU.,ALFUGRESS D TABS,10'S,0
ALF11,ALFUGRESS TABS,10'S,0
ANF10K,ANFOE 10000IU PFS INJ,1.0ML,0
A2000,ANFOE 2000IU/2ML INJ,2ML,0
ANFF1,ANFOE 4000 INJ,0.4ML,0
APYR1,APHYREN 100MG TABS,10'S,0
APH1,APHYREN 200SR MG TABS,10'S,50
AUG11,ARGIMUNE SACHETS,10GM,0
AS/10,ASTHOQUE CAP'S,10'S,0
BACR10,BACLOREN 10MG TABS,10'S,0
CSM1,CAMLODIP 10MG TABS,10'S,0
CHKBJK,CAPOUT TAB,1*10,0
DFJNDF,CELIZAREN TAB,1*10,0
CIR400,CIROSAM 400MG TABS,10'S,0
CIRZ2,CIROZE 400MG TABS,10'S,0
CIRROS,CIRROSAM 400MG TAB,10'S,0
CIT99,CITRAPHOS TABS,10'S,0
COL500,COLIHENZ 500MG TABS,10'S,0
COLIP4,COLIHENZ P400MG TABS,10'S,0
COL1P,COLIHENZ P800MG TABS,10'S,0
CUD1,CUDO CAPS,10'S,0
CUD11,CUDO FORTE CAPS,10'S,0
BJHSSS,DAPAHENZ 10MG TAB,1*15,0
GDKJGH,DAPAHENZ M 10/500MG TAB,1*10,30
DAPAH,DAPAHENZ SM 500 TAB,10;S,40
DKGKJH,DESVEREN 100MG TAB,1*10,0
GUYHU,DIVALGRESS ER 250MG TAB,1*10,0
DI/500,DIVALGRESS ER 500MG TAB'S 10'S,,30
DUL20,DULOREN 20MG TABS,10'S,0
EID11,EIDO FE FORTE CAPS,10'S,0
E1D0,EIDO FE TABS,10'S,0
EIREF,EIREF CAPS,10'S,0
ER,EIREF-C CAPS,15'S,0
ENZ11,ENZISPOR CAP,10,0
SDJFLH,ESCIGRESS CZ 0.25MG TAB,1*10,0
ESOG2,ESOGRESS D TABS,10'S,0
ESOG1,ESOGRESS L CAPS,10'S,0
ESOG4,ESOGRESS TABS,10'S,60
FENTIG,FENTIGLIV 600MG TAB,1*1,0
FEX40,FEXANTO 40MG TABS,10'S,0
JFHJHF,GLUTAHENZ DT 1000 TAB,1*10,0
GLL1,GLUTAHENZ SACHET,15GM,0
GUSH.,GUSHOUT SYRUP,1'S,0
GUSHO,GUSHOUT TABS,10'S,0
HENT9,HENZOVIT CAPS,10'S,0
JKHFDH,HEPAGRESS TAB,1*10,0
FSFSFW,IMEZEMIC 1000MG TAB,1*10,0
IMM1,IMMUTIL 500MG TABS,10'S,0
IMMU11,IMMUTIL S360MG TABS,10'S,0
HGDFKG,IRONEMIC PLUS TAB,1*10,0
LRHHWE,IRONEMIC TAB,1*10,0
KC362,KCHEK SACHETS,15GM,0
LC12,LACARNIT TABS,10'S,0
LAM11,LAMINO DAILYSIS POWDER,200GM,0
LNDB,LAMINO DB POWDER,7S,0
LAMG1,LAMINO G1 POWDER,200GM,0
LAMI21,LAMINO HP POWDER,300GM,0
LAM31,LAMINO STANDARD POWDER,30GM,0
LAN2,LANUM C500 TABS,10'S,0
LANU1,LANUM TABS,10'S,0
LARGR,LAREGAB 100MG,10S,0
LAR30,LAREGAB 300MG TABS,10'S,0
LARA1,LAREGAB AT TABS,10'S,0
LARN1,LAREGAB NT TABS,10'S,0
LARE10,LARENTINE 10MG TABS,10'S,0
LERT5,LARENTINE 5MG TABS,10'S,0
LARD10,LARENTINE D10MG TABS,10'S,0
LARD5,LARENTINE D5MG TABS,10'S,0
LRT1,LARETOL CAPS,10'S,0
LEPT50,LEPTOMATE 50MG TABS,10'S,0
LE/500,LEVIGRESS 500MG TAB'S,10'S,0
JKLFGK,LEVOGRESS 500MG TAB,1*10,0
LI,LINA DKD 5MG TAB,10;S,0
LITHOS,LITHOHENZ TAB,10'S,0
NLF,LOBULA 0.5MG TAB,10'S,100
JDFJGH,MEGAHENZ 40MG TAB,1*10,0
"ASSM,J",MESAHENZ 1200MG TAB,1*10,0
JDFHKJ,METHOSAM 200MG TAB,1*10,0
MONA9,MONTEGRESS AL TABS,10'S,0
MONTF1,MONTEGRESS FX120MG TABS,10'S,0
MONTG1,MONTEGRESS LC TABS,10'S,0
SDNKHF,MONTEGRESS XL TAB,1*10,0
NACYRE,NACYRES 600MG TAB,10'S,0
DBJKGB,NACYRES PLUS TAB,1*10,0
NEF32,NEFROMEGA FORTE TABS,10'S,0
FSIDQW,NEURONOMIC TAB,1*10,0
NOD11,NODOSIS DS TABS,15'S,0
NULS9,NUHENZ LS TABS,10'S,0
NUH11,NUHENZ TABS,10'S,0
OCHE1,OCHEK CAPS,10'S,0
OHEN1,OHENZ CAPS,10'S,0
OTSKI,OTSKI FORTE TAB,10'S,0
SDKJFK,PALMIGES TAB,1*10,0
PBR75,PBREN 75MG CAPS,10'S,0
JDHASF,PBREN D TAB,P-4,0
PB33,PBREN M75 CAPS,10'S,0
PBRNT1,PBREN NT TABS,10'S,0
PBREEG,PEBREN D 75/20MG TAB,1*10'S,0
PEGOV,PEGOVAG SACHET,1*137,0
PER11,PERITO 250MG TABS,10'S,0
LHFLHL,PIDOTIMUNE 800MG TAB,1*10,0
PIV11,PIVOHENZ TABS,10'S,0
ASLFHH,Q4 LIC PLUS TAB,1*10,0
Q4LIKJ,Q4LIC TAB,10'S,0
QET100,QUETIGRESS 100MG TABS,10'S,0
QUET20,QUETIGRESS 200MG TABS,10'S,0
QET25,QUETIGRESS 25MG TABS,10'S,0
QUET30,QUETIGRESS 300MG TABS,10'S,0
QET50,QUETIGRESS 50MG TABS,10'S,0
QUO21,QUOGRESS CAPS,10'S,0
RED11,REDGRIL 75MG TABS,10'S,0
REL1,RELMISART 40MG TABS,10'S,0
RENOLO,RENOLOG DS TAB,1*10,0
RNL1,RENOLOG TABS,10'S,0
REN11,RENOPRESS XL5 TABS,10'S,0
SDJFJL,RIFAXIGRESS 550MG TAB,1*10,0
SEG1,SEGERA 40MG TABS,10'S,0
SEVL4,SEVLAREN 400MG TABS,10'S,0
SHET,SHEHENZ CAPS,10,0
GBFHJS,SITAHENZ D 100MG TAB,1*10,20
SITA10,SITAHENZ DM 1000 TAB,10'S,30
FHVAAD,SITAHENZ M 1000 TAB,1*10,30
NHWRYW,SITAHENZ M 500 TAB,1*10,30
00SOB,SOBISIS FORTE TABS,10'S,0
SB10,SOBISIS TABS,10'S,30
SOH2,SOIHENZ TABS,10'S,20
STH11,STAHA 5MG TABS,10'S,0
TAM11,TAMGRESS 0.4MG CAPS,10'S,0
TAMD1,TAMGRESS D TABS,10'S,0
THIC4,THICHOREN 4MG TABS,10'S,0
THIA4,THICHOREN AC4MG TABS,10'S,0
THIC8,THICHOREN AC8MG TABS,10'S,0
THIT9,THIOTRES INJ,10VIAL,0
DDDTIP,TORIB PLUS 10MG TAB,1*10,0
TRED,TORSED 100 TAB,"10,S",0
FHGJHB,TORVIGRESS PLUS 10MG TAB,1*10,0
UIT21,UTICHEK SR TAS,10'S,0
VAL300,VALGRESS CR300MG TABS,10'S,0
VALG01,VALGRESS CR500MG TABS,10'S,0
BFSJFE,VICEMIC M 50/500MG TAB,1*15,0
XBA02,XBAREN 150MG TABS,10'S,0
XBA300,XBAREN 300MG TABS,10'S,0
HDGLG;,XIMOREN 500MG TAB,1*4,0
HGDFHK,ZINEPRA 10MG TAB,1*10,0
ZIP5,ZINEPRA 5MG TABS,10'S,30
ZOA9,ZOACT 1.5MG INJ,1.5GM,0
ZOLPI1,ZOLPIGRES 12.5MG TABS,10'S,0
QOWCGQ,BUDAMATE NEB 0.5MG RESP,2ML,40
CEF13,CEFLOX TZ TABS,10'S,0
CLR3,CLEAR&CLEAN GEL,15GM,0
0CL49,CLOBETA GM CREAM,10GM,4
DEC31,DECATROLIN 50MG INJ,1ML,0
FS21,FESTIVE D DROPS,10ML,10
FV41,FESTIVE E/E DROPS,5ML,0
LID16,LANIDOL(PARACETAMOL) VIAL 30ML,,0
JHVGHG,LL BREAST PADS WASHABLE,1,0
GJKDFH,LL MANUAL BREAST PUMP.,1,0
N,NANOFORTE GEL,30GM,33
N1612,NFLOX TZ TABS,10'S,0
T1O,TOX O 200 (CEFIXIME),10'S,0
V1L1,VALERATE N OINT,20GM,0
AR,1 ARTISOL CAPS,10'S,0
FOST1,FOSCAL I TABS,10'S,0
FOL14,FOSCAL TABS,10'S,0
FS41,FOSCAL TABS,10'S,0
LACT/D,LACTOFOLIN D TABS,10'S,0
LT12,LYCOTEN FORTE CAPS,10'S,0
GAB32,GABAZEST TABS,10'S,0
GLNM1,GLIMILIFE M1 FORTE TABS,10'S,0
GLF1,GLIMILIFE M1 TABS,10'S,0
GLM6,GLIMILIFE M2 FORTE TABS,10'S,0
GLLM2,GLIMILIFE M2 TABS,10'S,0
GLIM5,GLIMILIFE M3 TABS,10'S,0
LLL10,LIPISAFE 10MG TABS,10'S,0
LPP3,LIPISAFE CV CAPS,10'S,70
LIPI2,LIPISAFE CV20 CAPS,10'S,0
LLLF,LIPISAFE F TABS,10'S,0
MRT15,METZONE 15MG TABS,10'S,0
MET3,METZONE 7.5MG TABS,10'S,0
OLL1,OXYLAK CAPS,10'S,0
PLL1,PREGASAFE CAPS,10'S,0
RLL20,RABISAFE 20MG CAPS,10'S,0
RLLD,RABISAFE D CAPS,10'S,0
IUWGEF,SALBAIR-I NEB 0.63,25*S,0
TELE2,TELELAK MT25MG TABS,10'S,0
TEL/MT,TELELAK MT50,10'S,0
TLL40,TELMISAFE 40MG TABS,10'S,0
TEAM3,TELMISAFE AM TABS,10'S,0
TEH1,TELMISAFE H TABS,10'S,0
TEL0,TELMISAFE H80 TABS,10'S,0
THI25,THIOVAS 12.5(CLOVET,10'S,0
THI62,THIOVAS 6.25MG TABS,10'S,0
THIT1,THIOVAS T40 TABS,10'S,0
THI80,THIOVAS T80 TABS,10'S,0
TRIL2,TRILIFE 2MG TABS,10'S,0
TRILI,TRILIFE LS 2MG TABS,10'S,0
BFJBFA,FERIKIND M SYRUP,1*200ML,0
OLADNS,OLAWIN SOAP,75GM,0
AF01,AF KIT,4`S,0
ANFI,ANFOE 6000IU,1,0
LACARN,LACARNIT 330MG TAB,10,0
LARICJ,LACARNIT INJ,5ML,0
LASMIN,LAMINO NEPHRO 7%INJ,2ML,0
LAP11,LAP CC TABS,10'S,0
LOX,FLOX 30ML SUS,30ML,0
VFSVF,KMTRAP SOAP,1*1,0
IFGKHG,CIROSAFE 400MG TAB,1*10,0
COB14,COBAVIT OD CAPS,10'S,0
F071,FLUZON 150MG TABS,2'S,0
HFBDV,FREELAC 100ML SYP,1,0
GL23,GLUCOZONE TABS,10'S,0
LLE1,LEENAC P TABS,10'S,0
LE32,LEERAB D CAPS,10'S,0
L100,LORFAST TABS,10`S,0
M801,MIGON TABS,10`S,0
MIRGAD,MIGRAFEN TAB,1*10,0
FGYUG,ORAFAST MOUTH ULSE,15GM,0
PREGAB,PREGABNYL-NT TAB,1*10,0
P174,PZIDE 500MG TABS,10`S,0
P175,PZIDE 750MG TABS,10`S,0
TEGH,TEXIFEN OINT,10GM,0
BBJH,TIN IODINE,100ML,0
EMOP,EMOFORM R 50 M,50 GM,0
G1R7IU,TORVIGRESS 20MG,1*10,0
AMLS,AMROX-LS JUNIOR SY,60ML,5
BI,BILAFORD-20MG TAB,10;S,110
BILAM,BILAFORD-M TAB,10'S,280
BIO9,BIOREX DX SYRUP,100ML,0
1CALCI,CALCIJOINT D3 CAP,4'S,80
JFHSUF,CARDIOROSTIN GOLD TAB,1*10,0
ROSULE,CARDIOROSTIN-10C,10'S,0
CADF2,CARDIOZEN FB TABS,10'S,0
KJHFHG,CASTOR 25GM CREAM,1*25GM,37
CEF65,CEFITAXE CV TABS,10'S,0
CETK2,CETJOINT K27,15'S,300
CLEA9,CLEAN AND DRY POWDER,100ML,0
XCKJHC,CLINSOL GEL,1*15GM,0
CLOB1,CLOBETA GM OINT,20GM,0
COBA2,COBAFAST FORTE CAPS,10'S,30
OLD3,COLDMINE TABS,10'S,220
DFKJGF,CREMAFORD PLUS SYP 225ML,1*225,0
DERMI,DERMIFORD OINT,15GM,37
DUP11,DUPHILL CAPS,10'S,0
ETOF,ETOFORD-MR TAB,10'S,270
RJHGKH,ETOLID MR TAB,1*10,0
FEB12,FEBUTAX 40MG TABS,10'S,0
FET11,FESTIVE MZ SYRUP,60ML,0
FLUX1,FLUXIZOL 200MG TABS,2'S,0
FUSINO,FUSINOL CREAM,5GM,0
GABANA,GABANYL M TAB,10'S,100
HAND9,HANDS ON HANDS LIME,100ML,0
ITROST,IOTROSTRED 200 CAPS,10'S,0
DWIN10,ITROSTRED 100 CAP,10'S,140
REDOST,ITROSTRED 200 CAPS,10'S,88
KETYDH,KETOFLY SHAMPOO,100ML,0
LEEB1,LEEBIOTIC CAPS,10'S,0
LENB.,LEECET SY,60ML,5
IGYUQ,LEEZOLE POWDER,100GM,0
LIRC1,LIRCETAM 500MG TABS,10'S,0
LELI,LULIFORD CREAM,50GM,3
LU30,LULIFORD CREAM,30GM,2
GLULI2,LULIFORD CREAM,20GM,5
LYCO1,LYCOLIFE CAPS,10'S,0
MEW5,MEGLOW WOMEN CREAM,1X30GM,0
ME3,MEGLOW CREAM,1X50GM,0
MEG2,MEGLOW MENS CREAM,1X50GM,0
KJHFKH,MIGRAN TAB,1*10,100
MNN10,MINOLAST 10MG TABS,10'S,0
MMSFJS,MN-BACT OINTMENT,5GM,0
MOX/EY,MOXIFORD EYE DROPS,1,5
JHUJ,MULTIPREX CAPS,"10,S",0
NJAS,NUROCOT P TAB,10'S,240
JGHDG,PANTAFOL-SL TAB,1*10,0
PRGM,PREGABANYL M TAB,10'S,0
GDFKJK,PREGABANYL NT TAB,1*10,104
ANYPRE,PREGABANYL-NTM,10'S,480
SLNGNG,PREGABNYL NT TAB,1*10,0
REBO,REBOZEN 20MG TABS,10'S,0
REBDSR,REBOZEN DSR CAP,10'S,190
RELI1,RELIKAST LC TABS,10'S,0
SOFF1,SOFRAMAX CREAM,25GMS,0
SOF9,SOFRANEX OINT,15GM,0
SOFTC,SOFT COLLAR LEEFORD,1'S,2
SUW1,SUWAX EAR DROPS,10ML,0
TM,T-MUCE 10GM OINT,10GM,5
T-M,T-MUCE 5GM OINT,5GM,13
JKFHFN,THIOFORD TAB,1*10,0
TIN11,TINFAL FORTE TABS,10'S,0
URI100,URIRON 100MG TABS,10'S,0
UR100,URIVRON 100MG TABS,10'S,0
VEB21,VEBIOTIC CAPS,10'S,0
VEN32,VENPHYLIN 100MG CAPS,10'S,0
VAPZ,VIZAPROT SF POWDER,1X200GM,0
FKGKKH,VOGLIMET GM TAB,1*10,0
VOLVIT,VOLYVIT CAPS,10'S,0
WALB,WALCOBAL INJ,2ML,83
ZEF12,ZEFCORT 12 MG,10'S,95
ZEMN1,ZENOX M SYRUP,30ML,0
ACE,MO ACEMOL TAB,10,0
AC211,ACIMOL MR TABS,10'S,400
SCI,\ ACIMOL SP TAB,10'S,0
ACM1,ACIMOL SR TABS,10'S,0
AC331,ACIMOL TABS,10'S,0
AKJBS,ALFACALCIJOINT,10,0
0AMC1,AMICET P TABS,10'S,0
AMR4,AMROX SYRUP,100ML,0
AZI,F AZIFORD 500 MG TAB,3,125
BREX1,BREXLANT LOTION,60ML,0
BR99,BRONCOFIL CAPS,10'S,30
CALC09,CALCIJOINT TABS,15'S,0
C770,CASTOR NF CREAM,15GM,53
CEF89,CEFITAX 200DT TABS,10'S,0
CEZ1,CEFITAXE AZ TABS,10'S,0
CL34,CLEAN AND DRY CREAM,20GM,0
DE31,DECODRYL SYRUP,100ML,0
DEE11,DEEZEE SACHET,1.5GM,0
EAR11,EARWEL EAR DROPS,5ML,40
ELO99,ELOSONE HT ONIT,15GM,3
EMF11,EMICOF SYRUP,100ML,0
FLU,15 FLUMET 150MG TAB,1,0
FULR.,FULRICH CALCIUM CAPS,10'S,0
FUL31,FULRICH POWDER,200GM,0
FUN6,FUNTIME CONDOMS,3'S,0
JFHWER,GLYCEROL 100GM,1*100GM,0
LEEK1,LEEKUF SYRUP,100ML,0
LEE11,LEEKUF TABS,10'S,0
LYC11,LYCOLYFE SYRUP,200ML,0
MIP11,MINOLAST FX TABS,10'S,0
MIB1,MINOLAST LC TABS,10'S,0
MYS33,MYSOLON M16 TABS,10'S,0
MYSOL,MYSOLON M4 TABS,10'S,0
MY331,MYSULUN M4 TABS,10'S,0
NEO,P NEOPAR MD TAB,10,0
OME9,OMEFOL CAPS,15'S,0
OMED1,OMEFOL D CAPS,15'S,0
PANTA,PANTAFOL D CAP,10,0
PAND4,PANTAFOL TABS,10'S,0
PER1,PETBAR SOAP,75GM,0
PILO9,PILOGO OINT,20GM,0
QUF11,QUFCLEAR SYRUP,100ML,0
RABI1,RABINOL IT CAPS,10'S,0
RN269,RABOZEN DSR CAPS,10'S,0
REBO,C REBOZEN D CAP,10,0
REBO.,REBOZEN DSR CAPS,10'S,0
"REBO,",REBOZEN SL CAPS,10'S,0
SUN1P,SUNFLOX D EYE DROPS,10ML,0
GUYRQE,T MUCE 10GM OINT,1*10GM,0
TRI,3 TRICARE TABS,10'S,0
VERF8,VERTIFORD 8MG TABS,10'S,0
VOV11,VOVEDIC AMPS,2ML,0
WO111,WOMEN@45+ CAPS,30'S,0
ZEF6,ZEFCORT 6MG TABS,10'S,0
CR124,CARGIL 75MG TABS,10'S,0
WD84TY,CLINSOL SOAP,1*75GM,0
CL211,CLOBANIX 10MG TABS,10'S,0
CLL3,CLOBANIX 5MG TABS,10'S,0
BGN,GABANIX M 300MG,10,0
HJGJH,LULIACT-CREAM,20GM,0
HHJSSA,LULIFORD CREAM,10GM,5
NO800,NORMACET 800MG TABS,10'S,0
HUTTWT,OMNIPRESS-CH TAB,1*10,0
PRE12,PREGAMAX M TABS,10'S,0
GFKEQY,URSOLID 300 TAB,1*10,0
AC+,ACET PLUS TAB,10S,0
BACL1,BACLOVIN TABS,10'S,0
BETG40,BETAGRAND TR40MG TABS,10'S,0
EPI250,EPIPIL 250MG TABS,10'S,0
EP50,EPIPIL 500MG TABS,10'S,60
IMP,IMPUROSE-10MG TAB,10;S,30
MAXD1,MAXURA D TABS,10'S,0
MDK4,MEDISOFT SOAP,75GM,0
PAXC25,PAXITINE CR25 TABS,10'S,0
GGEIU,PREVENTAB TAB,1*10,20
REGM1,REGALIP M TABS,10'S,0
GFKKJH,REGALIP NT TAB,1*10,0
TEN1,TENACID MF TABS,10'S,0
M172,METROGYL GEL OINT,30GM,0
YYWEFF,GLUCONORM SR 850MG,10*S,0
LEX,GABALEX-MN TABS,10'S,0
LEN,LENAOR-P TABS,10,0
BETM1,BETAMERIT XL50 TABS,10'S,0
COB12,COBALFIT CAPS,10'S,0
GABF1,GABAFAST NT TABS,10'S,0
GLIF1,GILFORMIN M1 FORTE TABS,10'S,0
GILF1,GILFORMIN M1 SR TABS,10'S,0
GLI2F,GILFORMIN M2 FORTE TABS,10'S,0
GIL3,GILFORMIN M2 SR TABS,10'S,0
LEV4,LEVIRAB DSR CAPS,10'S,0
LEV21,LEVISAR 20MG TABS,10'S,0
LEV04,LEVISAR 40MG TABS,10;'S,0
LEVH2,LEVISAR H20 TABS,10'S,0
LEVH4,LEVISAR H40 TABS,10'S,0
YHTY,LEVITOR 10MGTABS,"10,S",0
LEVIC,LEVITOR CV20 CAP'S,10'S,0
PA650,PA 650MG TABS,10'S,0
PROL1,PROLUS DSR CAPS,10'S,0
ES3000,ESPOGEN 3000IU INJ,0.3ML,0
EUT4,EUTROPIN 4IU VIAL,4IU,0
CEO,CEMADOL 100,2ML,0
CEDOL,CEMADOL(TRANSDOL)100MG,10'S,0
FLTP,FLOTRIP FORTE TABS,10'S,0
JOV11,JOVAIL PLUS TABS,10'S,0
FTR,LIFECORT 30MG TABS,"10,S",0
MCT,MATCH-Q SYRUP,60ML,0
PL12,PA 12 TABS,12'S,0
QLINO,QLINO CAP,1'S,0
TUSC1,TUSKCA TABS,30'S,0
CMD,CEMADOL PLUS CAPS,10'S,0
JJKWQR,CITALIN FORTE TAB,1*10,0
NERV2,NERVOLON PLUS TABS,10'S,0
PREGA,PREGALITE NT TAB,10'S,0
BO1N11,BONCARE C TABS,10'S,0
CLOS1,CLOSUM 5MG TABS,10'S,0
TRFY,DEVELPIN ER 500TABS,"10,S",0
GABX21,GABEXTIN M300MG CAPS,10'S,0
LEVI.,LEVIZEP 500MG TABS,10'S,0
LIF6,LIFECORT 6MG TABS,10'S,0
LIFE1,LIFEPROX SYRUP,100ML,0
NERV9,NERVEFOL TABS,10'S,0
ST2E,STERIOCORT 30MG TABS,10'S,0
A112,AQUATEARS EYE DROPS,5ML,0
COUNTO,CONTOUR PLUS 25'S,1*25'S,0
COC,FM CONTOUR PLUS ONE METER,1,0
L1032,LANCETS,25'S,0
ONEBMJ,ONETOUCH SELECT 50'S,1*50'S,0
ONEGHH,ONETOUCH ULTRA 25S,1*25'S,0
S1071,SURE STEP,25'S,0
LIFESP,FIFESPAN PROTEIN DISKATES 200GMS,,0
LICGDS,FIFESPAN PROTEIN DISKATES 200GM,,0
LIFDWE,LIFESPAN HAND SANITIZER,100ML,0
KLISDF,LIFESPAN HEADACHE ROLL ON 10ML,,0
CSDJFH,LIFESPAN HONEY,300GM,0
LIFGDF,LIFESPAN LEMON HAND WASH,250ML,0
LFSDFG,LIFESPAN ONION HAIR OIL,200ML,0
LIFERG,LIFESPAN PAINEAZE OIL,100ML,0
DJKASJ,LIFESPAN PANCH TULASI,200ML,0
LIFSDG,LIFESPAN PROTEIN DISKATES 200GM,,0
LYCO2,LYCOSTEP POWDER,200GM,0
LYCS1,LYCOSTEP SYRUP,200ML,0
BACT.,BACTAFUZ CREAM,5GM,0
BILD,BILDMUNE SACHETS,1'S,0
FLUPI,FLUPIDOL CAPS,10'S,0
KJDIFH,KETOSTAR CREAM,1*30GM,3
MAX5,MAXICAL 500MG,1X15S,0
GDKUDT,MEFKIND DS SUSP,60ML,0
A736,ANGEL NATURAL FEEL,125ML,0
A534,ANGEL POLYCARBONATE,250ML,0
A708,ANGEL POLYCARBONATE,125ML,0
D365,DISTACLOR CD 375 TABS,10'S,0
D5745,DISTACLOR CD 750MG TABS,6`S,0
EGM25,EGLUCENT MIX 25 CATRIDGE,3ML,0
EG50,EGLUCENT MIX 50 CATRIDGE,3ML,0
EGLU25,EGLUCENT MIX25 KWIKPEN,3ML,0
HU21,HUMALOG 100IU CARTRIDGE,1'S,0
HGHG,HUMALOG KWIK PEN3ML,3ML,0
H280,HUMALOG MIX 25 PEN,100IU/ML,0
HUM21,HUMALOG MIX 50PEN,3ML100,0
HU41,HUMALOG MIX25 PENFEL,3ML,0
HUNP1,HUMAPEN PEN,1'S,0
H289,HUMINSULIN 30/70 100IU,10ML,0
H192,HUMINSULIN 30/70 4OIU INJ 10ML,,2
HUMCAR,HUMINSULIN 30/70 PENFILL,3ML,5
H2008,HUMINSULIN 50/50 100IU,10ML,0
H233,HUMINSULIN 50/50 40IU INJ 1'S,,0
H244,HUMINSULIN N 100IU VIAL,10ML,0
H215,HUMINSULIN N VIAL,10ML,0
H214,HUMINSULIN R 100 IU VIAL,10ML,0
HU14,HUMINSULIN R PENFILL,3ML,0
TRAJ,TRAJENTA 5MG TABS,10'S,0
URYUU,TRULICITY 1.5MG PENS,1*2,0
JRJHET,RISCURE 0.5MG TAB,1*10,0
TINN1,TINNEX TABS,28'S,0
BEC33,BECOSTAR CAPS,15'S,0
BENFO,BENFICA FORTE CAPS,10'S,20
BHJSF,BRITAM 50MG TAB,1*10,0
FGLJLH,CITALIN 5MG TAB,1*10,0
CITALI,CITALIN PLUS TAB,10'S,20
CDHVNV,CITALIN10MG TAB,1*10,0
COGN3,COGNITAM SYRUP,100ML,0
COGNI,COGNITUM PLUS TABS,10'S,0
COGN1,COGNIVEL TABS,10',0
FHGKHJ,ETORIFLEX MR 8MG TAB,1*10,0
GABAM,GABAGESIC M TAB,10'S,0
FGKHHH,GABAGESIC NT 100MG TAB,1*10,0
KFGJKG,GABAGESSIC GEL 30GM,1*30GM,0
SDKJFH,IDEBEST 45MG TAB,1*10,0
EIFHGH,IGNICAR SYP,1*1,0
KERADG,KERAGRIS SERUM,60ML,0
ID45,NULONG MT 25MG TAB,10'S,0
PRENT,PREGALIFT NT TABS,10'S,0
RDL11,RDL C10 CAPS,10'S,0
RISDCU,RISCURE PLUS TAB,10'S,0
TADA2,TADAZA TABS,4'S,0
VC50,VENLITE CZ50MG TAB,10,0
ZIOHFL,ZOLCALM 10MG TAB,1*10,0
AJKDGK,ZOLCALM 5MG TAB,1*10,0
LION20,HONEY 20GM LION,1'S,0
LITN11,LIT NOSE CLEANER,1'S,0
B,T N BTN FORTE TABS,10'S,0
BTF,BTN ULTRA TABS,10'S,0
DER50,DERCLEAN CREAM,50GM,0
FAI11,FAIREYE CREAM,15GM,0
HFGUY,LEVITOR 20MGTABS,"10,S",0
L280,LITTLES MINI POLY FEEDER,ALL,0
LIV10,LIVAFIN CREAM,10GM,0
LIV30,LIVAFIN OINT,30GM,0
LIVA1,LIVALITE LOTION,30ML,0
NIO11,NIORET NANOGEL,15GM,0
PLA39,PLANTUR 39 LOTION,200ML,0
SKNL1,SKINLITE EVER CREAM,20GM,0
UTH21,UTHBLESS CREAM,40GM,0
VAGL1,VAGISIL LUBRICAN OINT,30GM,0
ZYCM21,ZYCAFY M SHAMPOO,60ML,0
ZYWO1,ZYCAFY W OIL,250ML,0
ZYW1,ZYCAFY W SHAMPOO,250GM,0
ADL11,ADALENE NANO GEL,15GM,0
ITCH21,ITCHCAM LOTION,60ML,0
LIT21,LITERAM LOTION,30ML,0
SKTC,SKINLITE CREAM,25GM,8
ZY11,ZYCLIN NANO GEL,15GM,0
GILLHE,GILLETTE FOAM,50GM,0
CMFG,LUVLAP TINY GIFTY,1,0
BENI4,BENIDIN 4MG TABS,1*15,60
BE8,BENIDIN 8 TAB,1*15,0
BISOX,BISOZOX 5 MG TAB,15'S,45
DKJGFK,BYLENTA CH 40MG TAB,1*15,0
HJGDHF,BYLENTA CH 80MG TAB,1*15,0
JGHFKH,BYLENTA LN TAB,1*15,0
BYMLNB,BYLENTA MLN 25 TAB,15'S,15
CICH1,CILIDIN CH TABS,10'S,120
CILKHF,CILIDIN T TAB,1*15,45
LLKHLH,CILIDIN TCH TAB,1*15,0
CLOD1,CLOYD TABS,10'S,0
JVUIHG,ENZOLOY H TABS,1*10,0
FHKBGG,GABALOY NT 400MG TAB,1*10,0
GABAL1,GABALOY NT TABS,1*15,0
GLRT2,GLITARAY M2 FORTE TABS,15'S,45
GLI13,GLITARAY M3 TABS,15'S,0
GEGHSJ,GZOR FORTE M1 MG TAB,15'S,0
GFSDJH,GZOR M 0.5MG TAB,15'S,0
JFLHLH,GZOR MP2 TAB,1*15,0
BGHH,GZOR MV 2.2MG TAB,1*15,0
GKGHHH,IVABLES 5MG TAB,1*15,0
L300SR,LOEVA 300SR TAB,1*10,0
LODF1,LOY D3 60K TABS,4'S,0
LO,LOYCONTIN 2.6 TAB,30;S,1
LOYC1,LOYCORAL PLUS CAPS,10'S,0
LYCO,LOYCORAL TAB,10'S,20
YRHCCX,LOYFOLATE D TAB,1*10,0
SDLJFJ,LOYMAX GOLD CAP,1*10,0
LUVLAL,LUVLAP FINGER TOOTHBRUSH,1,0
KFBKBK,M STRONG AF CAP,1*10,0
0MST1,M STRONG CS CAPS,10'S,45
MSOD1,M STRONG OD CAPS,10'S,0
DJKFJF,NIKOS 5MG TAB,1*30,1
OLZ11,OLZOX TRIO TABS,10'S,50
PREN21,PREGALOY NT TABS,10'S,50
RABZ1,RABEZOX TABS,10'S,0
REM40,REMETOR 40MG TABS,10'S,0
KLEHFL,REMETOR 80MG TAB,1*10,0
OSE,ROSETO CAPS,10'S,10
ROSLO1,ROSLOY 10MG TABS,1*15,0
ROSS5,ROSLOY 5MG TABS,10'S,0
RO,ROSLOY ASP 10/150 CAP,15;S,15
RLSDHD,ROSLOY ASP 20/150MG TAB,1*10,0
ROSLO,ROSLOY CV 10MG TABS,1*15,30
RCV20,ROSLOY CV20 CAP,1*10,10
ROSCV1,ROSLOY CV5 CAPS,10'S,0
ROSD10,ROSLOY D10 TABS,10'S,0
ROSD5,ROSLOY D5 TAB,10'S,0
DHFLHL,ROSLOY F10 TAB,1*15,0
ROSY1,ROSLOY F5 TABS,10'S,0
SIPR,SIPPER FEEDING BOTTLE,1,0
SDJHFH,SUGAFLO 10MG TAB,1*15,0
KJDFHK,SUGAFLO M FORTE TAB,1*15,0
SHHKGK,SUGAFLO MV TAB,1*15,75
DJFHKJ,SUGAFLO V 10MG TAB,1*15,45
SYDM,SUGARAY DM 100/10/500 TAB 15'S,,75
USE,SUGARAY GM 50/1/500 TAB,10'S,10
SUGARR,SUGARAY M 50/500,1*15,45
SUGARY,SUGARAY M SR 100/1000,15;S,15
SUGAS,SUGARAY M SR 100/500,15'S,45
SUG,SUGARAY M50/1000 T,15,0
TELL0,TELZOX 20MG TABS,1*15,30
TELL2,TELZOX 40MG TABS,1*15'S,60
TEL13,TELZOX AM TABS,15'S,90
TEC4,TELZOX CH TAB,15'S,75
TCM50,TELZOX CM50MG TAB,15,60
TELL3,TELZOX H TABS,15S',20
TEL.,TELZOX H80 TABS,10'S,0
EJHSEH,TELZOX M 25MG TABS,1*10,0
UTIOOH,TELZOX M 50MG TAB,15'S,60
TELL4,TELZOX TRIO TABS,1*15'S,45
S0DDGF,VILDANEX 50MG TAB,1*15,0
Q2WIUG,VILDANEX M FORTE TAB,15*S,0
DJHFJL,VILDANEX M PLUS TAB,1*15,0
BJFBBF,VILDANEX SR TAB,1*10,0
DNFNNG,VILDARAY M FORTE TAB,1*15,0
VBJKBK,VILDARAY M TAB,1*15,30
JFUHOU,VILDARAY SR 100MG,10,0
VOGLO,VOGLOW-GM2,15;S,60
1VOG02,VOGLOYD 0.2 TAB,10,0
VOGL3,VOGLOYD 3D 1.2MG TABS,15'S,0
VO/1.3,VOGLOYD 3D 1.3 TAB'S,10'S,45
VOGL,VOGLOYD 3D 2.2 TABS,1*15,15
GGHJJH,VOGLOYD 3D 2.3 FORTE TAB,1*15,75
VOGLI/,VOGLOYD 3D 2.3 TABS,1*15,0
V3DFO,VOGLOYD 3D2.2FORTE,15,0
ZIL40,ZILZOX 40MG TABS,15'S,45
ZIL80,ZILZOX 80MG TABS,10'S,0
FGKJGK,ZILZOX CH TAB,1*10,0
BM25,BENIDIN M25MG TABS,10'S,0
GHGHY,BYLENTA 20MG TAB,1*15,0
NBSSDG,BYLENTA 80 TAB,1*15,0
FGBHSZ,BYLENTA MLN 50 TAB,1*15,30
CIL3,CILIDIN 10MG TABS,15'S,255
CILIDI,CILIDIN 20MG TABS,1*15'S,75
CIL4,CILIDIN 5MG TABS,1*15,75
CIL1,CILIDIN M TABS,15'S,75
CILT20,CILIDIN TRIO TABS,15'S,150
DIL250,DIVALGRESS 250MG TABS,10'S,0
JGFKLH,GLITARAY 1MG TAB,1*10,0
JHWEHT,GLITARAY 2 TAB,1*10,0
GLM5F1,GLITARAY M0.5MG FORTE,15'S,0
GLM5,GLITARAY M0.5MG TABS,15'S,120
GLRT1,GLITARAY M1 FORTE TABS,15'S,45
GLT3,GLITARAY M1 TABS,15'S,60
GLT2,GLITARAY M2 TABS,1*15,35
"GLIT.,",GLITARAY M2 TABS,15'S,0
GLITA,GLITARAY M4 FORTE TABS,15'S,45
GL555,GLITARAY M4 TABS,15'S,0
GLIT1,GLITARAY MP1 TABS,1*15,0
GLTM2,GLITARAY MP2 TABS,15'S,45
GZRM,GZOR M1 TAB,15,0
JGHJGR,GZOR M2 TAB,1*15,75
GZOR,GZOR M4 FORTE TAB,15'S,45
HAD9,HADID XT TABS,10'S,0
JHFKBK,HBLOY TAB,1*10,0
LOYR1,LOYFENAC R CAPS,10'S,0
LOY11,LOYMAX CAPS,10'S,0
LOY,LOYZIDE M30 XR TAB,15'S,45
MSTN11,M STRONG CAPS,10'S,20
MST32,M STRONG PG CAPS,10'S,0
META5,METAZOX 50,10'S,0
1M25,METOZOX 25ER TABS,15'S,45
MET50,METOZOX 50MG TABS,15'S,135
OLZ22,OLZOX 20MG TABS,15'S,0
OOLZ1,OLZOX 40MG TABS,10'S,30
OLL6,OLZOX AM TABS,15'S,0
"OLZ.,",OLZOX CH 40MG TABS,10'S,0
OLZ.,OLZOX CH TABS,10'S,0
OLZH1,OLZOX H20 TABS,10'S,0
OLH10,OLZOX H40 TABS,10'S,0
OZ25,OLZOX M25 TABS,10'S,0
OZM50,OLZOX M50 TABS,15'S,0
RAB33,RABEZOX D CAPS,10'S,0
REANTR,REANTRO CAPSULES,10'S,0
REM11,REMETOR 10MG TABS,1*15,0
REMETO,REMETOR 20MG TABS,10'S,0
REME.,REMETOR CV10MG TABS,15'S,315
REMEO,REMETOR CV20MG TABS,15 S,75
REMET,REMETOR D TABS,10'S,0
REME1,REMETOR F TABS,10'S,0
ROASP1,ROSLOY ASP10/75 CAPS,10'S,0
ROSG1,ROSLOY GOLD 10 CAPS,15'S,60
ROSG2,ROSLOY GOLD 20MG TABS,15'S,75
LCD,TELZOX CH80MG TABS,10'S,0
CNNKVB,VILDARAY 50MG TAB,1*15,0
IGWUIR,VILDARAY MSR TAAB,1*15,0
VOSGFS,VOGLOYD 0.3MG TAB,1*10,0
KJHDKF,VOGLOYD 3D 1.3 FORTE TAB,1*15,45
VOGG3,VOGLOYD M 0.3MG TABS,15'S,60
VOGL2,VOGLOYD M0.2 TABS,15'S,0
YFGHGY,ADIVAL ER 500,10'S,0
A1M10,AMILOT 10MG TABS,10'S,0
CAL,CALASOFT AF 50ML LOTION,1,2
EC1,ECPAM PLUS TABS,10'S,0
ECP,ECPAM TABS,10'S,0
LCM,LCTAM 500 TAB,10,0
1LO10,LOT Q10 CAPS,10'S,0
LOT99,LOTCAL TABS,10'S,0
LOTODF,LOTOXX CZ TAB,1*30,0
ASKJBC,LOXET 20MG TAB,1*10,0
MG10,MIGO 10MG TABS,10'S,0
JJGHGG,MIGO PLUS TAB,1*10,0
NUR500,NUROCOLIN 500MG TABS,10'S,0
NUR11,NUROTAM 800MG TABS,10'S,0
PANP1,PANPET 40MG TABS,10'S,0
TORL11,TORLIP 10MG TABS,10'S,0
TORL20,TORLIP 20MG TABS,10'S,0
LSFJKJ,LUCAVESTIN TAB,1*10,0
LUPZ,2CIPZOX(MOBIZOX) TABS,6'S,0
ACEP,ACEMIZ PLUS TAB,10'S,270
AE1,ACEMIZ TAB,1X10'S,200
AZIL,AZILUP 500 TAB,3'S,0
HGYH,CORCAL D1000,"10,S",0
DEF,DEFENAC GEL OINT,30GM,0
DOXCEF,DOXCEF 100 TAB,10'S,0
HEPPF9,HEPPFORTE SYRUP,200ML,0
IR13,IRORICH SYRUP,300ML,0
LQU1,L QUIN INJ,100ML,0
LU91,LUPACTIN SYRUP,200ML,0
LPI,LUPICAL B12 SYRUP,200ML,0
LUP31,LUPICLOX CAPS,10'S,0
L012,LUPIHIST SYRUP BIG,100ML,0
NSFSGE,LUPIHIST PLUS SYP,1*1,0
LUPM,LUPIZYME MANGO,1X200ML,0
LUPS,LUPIZYME PLUS PINEAPPLE,1X200ML,0
LUP010,LUPORAL CAPS,10,0
MECOL,MECOLUP AMP,1ML,0
M2L2,MECOLUP G TABS,10'S,0
OPT1,OPTINEURON SYRUP,200ML,0
OXB,OXI BE CAPS,1X10'S,0
SOL32,SOLUBET INJ,1ML,0
JEFGHF,TELISTA MCL 25MG TAB,1*10,0
VV19,VOVILUP GEL,30GM,0
XIM11,XIMCEFF O200 TABS,10'S,80
ACEMIS,ACEMIZ RAB,10'S,100
CORD1,CORCIUM D3 TABS,15'S,0
DUOMI,DUOMATE TRANSHALER,120MD,0
EPL,EPILAN P TAB,120'S,119
ELV,EPILIVE 500 TABS,15'S,165
GLUHDA,GLUCONORM VG2 FORTE TAB,15'S,0
LUPIH1,LUPIHEME TABS,10'S,0
PROTL1,PROTERA L CAPS,10'S,0
VA4,VALENT 40MG TAB,10'S,20
ABF20,AB FLO SR TABS,10'S,0
AF41,AB- FLO CAPS,10'S,0
ABFN,AB- FLO- N TABS,10'S,0
FJKFGG,ABEL 40MG TAB,1*10,0
GEJHG,ABFLO N TAB,1*10,10
ACE12,ACEMIZ FAST TABS,10'S,0
444,ACEMIZ MR TABS,10X10'S,1070
AC1S,ACEMIZ S TABS,10'S,50
ACO100,ACOGUT 100MG TABS,10'S,60
SDLHHG,ACOGUT ER 300G TAB,1*10,20
KSJKJK,AJADUO 25/5MG TAB,1*10,0
AKT2,AKT 2 KIT,10'S,0
A006,AKT 3 KITS,2'S,0
A007,AKT 4 KITS,4'S,25
A4796,AKURIT 3 KIT,10'S,0
A4782,AKURIT 4 KIT TABS,10'S,70
A4832,AKURIT KID TABS,6'S,0
AKURIT,AKURIT TABS,6'S,0
ALAT1,ALATRO TABS,10'S,0
ALM1,ALMITY PLUS CAPS,10'S,0
AML33,ALMITY TABS,10'S,0
ALM621,ALMOGRIL 6.25MG TABS,1'S,0
ALFJSK,ALPHACEPT 8MG CAP,1*15,0
AMB1,AMBRICAN 5MG TABS,10'S,0
AMP14,AMIPACE 100MG TABS,10'S,0
AP2,APRECAP 125/80MG TABS,10'S,0
APRI9,APRISTAR 125/80MG TABS,1'S,0
A578,APTIVATE SYRUP,200ML,0
A081,ATENOVA 25MG TABS,14'S,0
A618,ATENOVA 50MG TABS,14'S,0
AFT,AZEFLO FT N/S,1,0
AZIK,AZEFLO NASAL SPRAY,7ML,2
BC41,B-CIN 100MG TABS,10'S,0
BAS11,BASUGINE PENFILL,3ML,1
BASU1,BASUGINE VIAL,10ML,0
DSLLNF,BEIPOS TAB,1*10,0
7889,BENZ CAPS,12'S,0
HGKKJK,BILDMUNE TAB,1*15,0
BNDION,BISONEXT 2.5MG TAB,1*15,30
BIR1,BRITIBLU EYE DROPS,5ML,0
BU10,BUDAMATE 100 TRANS CAPS,30'S,1
BDIN,BUDAMATE 100 TRANS HALER,1X120MD,0
JHGFKG,BUDAMATE 1MG RESPULES,1*7,0
BUDATH,BUDAMATE 200 TRANSHALER,10.2GM,0
BUDT,BUDAMATE 400 TRANSCAPS,1X30S,2
BUDINH,BUDAMATE 400INHALER,1'S,1
BUDF1,BUDAMATE FORTE TRANSCAPS,30'S,2
BUDAG,BUDAMATE G TRANSCAPS,3*10'S,3
BUD1,BUDATE 100 TRANSHALER,1X17G,0
BU2,BUDATE 200 TRANSCAPS,1X30S,0
BBT,BUDATE 200 TRANSHALER,1'S,0
BU4,BUDATE 400 T/R,1X30S,0
BUDFF1,BUDATE FORTE TRANSPULS,2ML,0
BDU,BUDATE TRANSPULES,2ML,0
CAR23,CARDIOLAX POWDER,90GM,0
CAR12,CARVISTAR 3.125MG TABS,10'S,0
CAR625,CARVISTAR 6.25MG TABS,10'S,0
C032,CEFF 500MG CAPS,10'S,0
C1013,CETIL 250MG TABS,10'S,0
C1014,CETIL 500MG TABS,10'S,0
CEIHCC,CETIL CV 250MG TAB,1*10,0
CETO,CETIL CV500 TABS,1X10'S,0
CHE21,CHEMODOC 20MG INJ,1VIAL,0
CHE80,CHEMODOC 80MG INJ,1VIAL,0
CHEP1,CHEPATRON VIAL,1ML],0
CLD,CILODOC 100 TAB,1*15,0
CIC,CILODOC 50 TAB,15'S,0
CITS,CITISTAR 500MG TABS,10'S,0
CIT12,CITISTAR PM TABS,10'S,0
CSR,CIZASPA SR CAPS,10'S,30
SDJBJK,CIZASPA X TAB,1*10,30
C1617,CLOPITAB 75MG TABS,15'S,120
CLPA15,CLOPITAB A 150MG CAPS,15'S,180
ERRGTR,CLOPITAB CV GOLD 10MG TAB 1*10,,0
JFWTYR,CLOPITAB CV GOLD 20MG TAB 1*10,,0
CLOC1,CLOPITAB CV10 CAPS,15,45
COG31,COGNIPRO 60MG INJ,60MG,0
COG3,COGNISTAR 30MG INJ,30MG,0
COG1,COGNISTAR 60MG INJ,1ML,0
COMB9,COMBITAZ INJ,1/125MG,0
C030,COMBUNEX 800MG TABS,10'S,0
C028,COMBUTOL 1000MG TABS,10'S,20
C024,COMBUTOL 200MG TABS,10'S,0
C025,COMBUTOL 400MG TABS,10'S,0
C026,COMBUTOL 600MG TABS,10'S,0
C027,COMBUTOL 800MG TABS,10'S,0
COR1,CORCAL 225 TABS,10'S,0
CAR14,CORCAL 500MG TABS,10'S,0
CORCAD,CORCAL D 400MG TAB,1*10,0
COR21,CORCAL D500 TABS,10'S,0
CR44,CORCIUM C TABS,10'S,0
CRK1,CORCIUM K2 TABS,10'S,0
COR3,CORCIUM PLUS TABS,10'S,0
C509,CZ 3 TABS,10'S,0
C1079,CZ COLD TABS,10'S,0
CZP1,CZ PLUS TABS,10'S,0
FJKGDF,DABISTAR 110MG TAB,1*10,0
DNBBA,DABISTAR 150MG TAB,1*10,0
JDF;;L,DAPANOVA M 10/1000MG TAB,1*10,0
JHGKGH,DAPATURN 10MG TAB,1*10,0
DJBKBK,DAPATURN M 10/500 TAB,1*10,0
DAPATA,DAPATURN M 5MG TAB,1*10,0
DGJDJA,DAPATURN M FORTE 10MG TAB 1*10,,0
DASHDD,DAPATURN M FORTE TAB,1*10,0
DARG25,DARGEN 25MG PFS INJ,25MG/1ML,0
DARG11,DARGEN 40MG INJ,0.5ML,0
DAYO02,DAYO OD250MG TABS,10'S,0
DAYO5,DAYO OD500MG TABS,10'S,0
DEA,DEFENAC I.M INJ,30ML,0
DEFNA,DEFNALONE 30MG TAB,6,0
DFN,DEFNALONE 6 TABS,10'S,0
D010,DICLONAC 50MG TABS,10`S,0
DIN21,DILNIP 20MG TABS,10'S,0
DILT20,DILNIP TRIO TABS,10'S,0
DIHMG7,DIVA HMG 75IU INJ,2ML,0
D407,DOXCEF 100MG SYRUP,30ML,0
D5753,DOXCEF 200MG TABS,10'S,130
D428,DOXCEF 50MG SYRUP,30ML,0
DX42,DOXCEF CV200 TABS,10'S,0
DOXC1,DOXCEF O TABS,10'S,0
DXO,DOXIFLO M TAB,10'S,0
JKLSDG,DUBINOR PM TAB,1*10,0
DUE11,DUET 228.5 SYRUP,50ML,0
DUI11,DUET 625MG TABS,10'S,0
DUL/20,DULOT 20CAP'S,10'S,0
DUL30D,DULOT 30MG CAPS,10'S,0
DUMF,DUOMATE FORTE T/CPAS,20'S,0
DUMT,DUOMATE T/CAPS,20'S,2
EDS90,EDASTAR INJ,20ML,0
EGLU9,EGLUCENT KWIKPEN,3ML,0
EP,1 EPILIVE 250MG TABS,15'S,0
EPL7,EPILIVE 750MG TABS,10'S,0
EPL2,EPILIVE ER1GM TABS,10'S,0
EPIL5,EPILIVE INJ,5ML,0
EPIL21,EPILIVE SYRUP,100ML,0
EPN11,EPINEURON SR TABS,10'S,0
E125IH,ESIFLO 125 INHALER,1'S,1
ESIFL,ESIFLO 250 INH,1'S,1
ES250T,ESIFLO 250 TRANSCAPS,30'S,1
ESI0,ESIFLO 50 TRANS HALER,1X10.2G,0
ESI5,ESIFLO 500MG CAP,"1X30""S",1
ES300,ESTUCHOL 300MG TABS,10'S,0
E241,ETHIDE TABS,6`S,0
ETO400,ETOFREE 400MG TABS,10'S,0
E12T,ETOFREE ER 600 TABS,10'S,0
EUF,EUFOX-O TABS,10'S,0
EG11,EUGRAF 150 GEL,15GM,0
FJDHJH,EZEDOC 10MG TAB,1*10,60
FAA.,FAA 20 SYRUP,150ML,0
FF14,FAA 20MG TABS,1*15'S,0
FMT1,FEMITRAZ 1MG TABS,10'S,0
JFJJGH,FERNJECT INJ,1*10ML,0
FX10,FEXY 120 TABS,10'S,0
FX21,FEXY 180 TABS,10'S,0
FH11,FHEAL CAPS,6'S,0
FHE11,FHEAL CREAM,32GM,0
F542,FIBRIL POWDER,100GM,0
FIBRIL,FIBRIL SF,100GM,0
FIL50,FILAST 500MG TABS,10'S,0
FLUG1,FLUGESIC P TABS,10'S,0
HHLGLH,FLUGESIC SR TAB,1*10,0
FLUTI1,FLUTIFLO FT NASAL SPRAY,10MD,1
FLIT,FLUTIFLO NASAL SPARY,1'S,1
FOF1,FORMOFLO 100 T/C,1X30S,2
FOR0,FORMOFLO 125 INHALER,1S,0
FORF,FORMOFLO 250 INHALER,1S,1
FR25,FORMOFLO 250 T/C,1X30S,5
FRUS,FRUSELAC DS TAB,10'S,0
FUR1,FURIC 40MG TABS,10'S,0
FU11,FURIC 80MG TABS,10'S,0
G1C,G CIN TAB,5S,0
GBM,GABASTAR M TABS,10'S,0
GABDHA,GABASTAR NT 400MG TAB,1*10,0
GATI11,GATIBLU EYE DROPS,15ML,0
GAAAA,GATIBLU-D 0.3% DROP,1'S,0
GIJKHH,GIBTULIO 25MG TAB,1*10,0
HGHGHI,GIBTULIO MET 12.5/1000MG,1*10,0
GIBUIJ,GIBTULIO MET 12.5/500MG,1*10,0
GLA1,GLADOR 1MG TABS,10'S,0
GLA32,GLADOR M1 FORTE TABS,10'S,0
GGGG,GLADOR M1 TABS,15'S,45
GLAD2,GLADOR M2 FORTE TABS,10'S,0
GL.L,GLADOR M2 TABS,10'S,0
GLD3F1,GLADOR M3 FORTE TABS,10'S,0
GL1,GLADOR M4 FORTE TABS,15'S,0
JIDFHW,GLCONORM Z 80MG TAB,1*15,0
GLU8,GLUCOMIND 0.8 TABS,10'S,0
GLU05,GLUCONORM G0.5 FORTE TABS 10'S,,0
GLG05,GLUCONORM G0.5MG TABS,10'S,30
GL11,GLUCONORM G1 FORTE TABS,15'S,240
GLUCG1,GLUCONORM G1 TABS,15'S,330
GLUS2,GLUCONORM G2 FORTE TABS,15'S,60
GLUG2,GLUCONORM G2 TABS,15'S,330
GLM3,GLUCONORM G3 FORTE TABS,15'S,30
GL323,GLUCONORM G3 TABS,15'S,45
GLG4,GLUCONORM G4 FORTE TABS,15'S',30
GLU4,GLUCONORM G4 TABS,10'S,0
ORMGLU,GLUCONORM GS FORTE 1,10'S,50
NGKLW,GLUCONORM GS FORTE 2,10'S,40
GLUP15,GLUCONORM P15 TABS,10'S,0
GPG,GLUCONORM PG1 TAB,15'S,120
GLUP,GLUCONORM PG2 TAB,15'S,45
GLU6,GLUCONORM PGL1 TABS,10'S,0
GLP12,GLUCONORM PGL2 TABS,10'S,0
GLUCSR,GLUCONORM SR 500 TABS,15'S,270
GLUV1,GLUCONORM VG1 TABS,15'S,0
DKGFJK,GLUCONORM VG2 PLUS TAB,1*15,0
GLUV2,GLUCONORM VG2 TABS,15'S,0
GLIIDF,GLUCONORM ZXR 60MG TAB,1*15,0
GLUP1,GLUCONORM-G PLUS 1 TABS,10'S,0
GLUP2,GLUCONORM-G PLUS 2 TABS,10'S,0
SDGFKG,GLUCRETA SM 10/100MG TAB,1*10,0
GLNNGG,GLYCOFLO NERB 2ML,1*2ML,80
HARTY,HARTY D CAPS,10'S,0
H1R1,HARTY PLUS CAPS,10'S,0
HDS1,HEADSET TABS,2'S,18
K2GFUI,HUMAPEN ERGO DEVICE,1,0
HYD01,HYDROEYES 0.05% EYE DROPS 3ML,,0
HY01,HYDROEYES 0.1% EYE DROPS,3ML,0
IS44,ISMIGEN TABS,10'S,0
IS22,ISONORM SR 30 TABS,10'S,0
IVB5,IVABRAD 5MG TABS,1*15,195
IVA1,IVABRAD 7.5 TABS,10'S,0
KET8,KATADOL CAPS,10'S,0
KET9,KETOFLAM P TABS,10'S,0
KETH4,KETOFLAM T4 TABS,10'S,0
KRN200,KRONOSTAR 200MG TABS,10'S,0
KRN300,KRONOSTAR 300MG TABS,10'S,0
LACINM,LACONEXT 150MG TAB,1*15,0
FKGKKL,LACONEXT 200MG TAB,1*15,0
LACO50,LACONEXT 50MG TABS,1*15'S,0
LACR1,LACRIMOS 0.5% EYE DROPS\,15ML,0
LACR2,LACRIMOS 1% EYE DROPS,15ML,0
DLHFLH,LACRIMOS G EYE DROPS,1*10ML,0
LCK,LCF KID COUGH,1X60ML,0
LCFL9,LCF LS SYRUP,100ML,0
LCF,LCF SYRUP,1X100ML,4
LCF11,LCF TUSS SYRUP,100ML,0
LCIN25,LCIN 250MG TABS,10'S,0
LCI5,LCIN 500MG TABS,10'S,120
LCIN5,LCIN 750MG TABS,10'S,0
LCIN1,LCIN C TABS,10'S,0
LCN1,LCIN OZ TABS,10'S,0
LC10,LCIN SYRUP,30ML,0
LINVAS,LINVAS 4MG,10'S,30
LIPIDI,LIPIKIND CV 10MG TAB,1*10,0
LIP,12 LIPOCUT 120MG TAB,10,0
LP55,LIPOCUT 60MG TABS,10'S,0
L004,LIPRIL 10MG TABS,15'S,0
L002,LIPRIL 2.5MG TABS,15'S,0
L003,LIPRIL 5MG TABS,15'S,0
LP14,LIPRIL H TABS,15'S,0
LOVA2,LOVAX 150MG TABS,10MG,0
LOX1,LOVAX 300MG TABS,10.S,0
LM1K,LUMENAC CAPS,10'S,0
IUTGFQ,LUPASE 10000 TAB,10*S,0
LDHLHG,LUPASE 25000 MG TAB,1*10,0
LP22,LUPENOX INJ,40MG/0.4,0
LUP06,LUPENOX 60MG INJ,0.6ML,0
"LUPI.,",LUPI D3 CHE TABS,4'S,0
LUP61,LUPI D3 SACHET,1GM,0
LUIP1,LUPI D3 TABS,15'S,0
LIDFNF,LUPI FSH 150 INJ,1*1,0
LUOFDH,LUPI FSH 75 INJ,1*1,0
LHKSFH,LUPI HCG 5000 INJ,1*1,0
LJDFJK,LUPI HMG 150 INJ,1*1,0
LJHKFN,LUPI HMG 75 INJ,1*1,0
LUP.,LUPI-HCG 2000,VIAL,0
LP44,LUPI-HCG 5000 VIAL,10ML,0
PL41,LUPIDERM G PLUS CREAM,10GM,0
LUP11,LUPIDIP 10MG TABS,1'0,0
LP2.5,LUPIDIP 2.5 TABS,10'S,0
LP41,LUPIDIP 5MG TABS,10'S,0
LP1A,LUPIDIP A TABS,10'S,0
LU122,LUPIFIT CAPS,10'S,0
LUPI2,LUPIFIT PLUS SYP 110ML,110ML,2
LUP6,LUPIFLOX 4MG TABS,10'S,0
LUP63,LUPIFOLIN TABS,10'S,0
SDJFNJ,LUPIFOS POWDER,1*1,0
LP43,LUPIGEST 100 CAPS,10'S,0
LU41,LUPIGEST 100MG AMP,2ML,0
LPP1,LUPIGEST 200 AMP,4ML,0
LU20,LUPIGEST 200 CAPS,10'S,0
LUPI4,LUPIGEST 400MG TABS,10'S,0
LPH,LUPIHALER,1,2
LUPP1,LUPIKRILL CAPS,10'S,0
LU12,LUPILA 10MG TABS,10'S,0
VFHFGF,LUPIMEG 1000MG TAB,1*10,0
LUP30,LUPINAC TABS,10'S,0
LUP96,LUPINIB 400MG TABS,10'S,0
LUP33,LUPIRTIN P CAPS,10'S,40
LUL20,LUPIRTIN SR TABS,10S,10
LUPI,LUPISERA 10MG TABS,10'S,0
BKFHKH,LUPISIT 100MG TAB,1*10,0
HFDKGL,LUPISIT 50MG TAB,1*10,0
FKJJHL,LUPISIT D 10/100MG TAB,1*10,0
SDGIGL,LUPISIT D 5/50MG TAB,1*10,0
DFKGLH,LUPISIT DM 10MG TAB,1*10,0
LJHFLK,LUPISIT M 1000MG TAB,1*10,0
DFKGKK,LUPISIT M 500MG TAB,1*10,0
LUP3,LUPISULIN M 30/70 PENFILL 3ML,,0
LUP25,LUPISULIN M30/70 VAIL,40ML,5
LUP45,LUPISULIN M50/50 VAIL,40ML,0
LU31,LUPISULIN M50/50CATRIZ,3ML,0
LUN100,LUPISULIN N 100IU VAIL,10ML,0
L1N1,LUPISULIN N CATRIZ,3ML,0
LP21,LUPISULIN N IU VAIL,40ML,0
LUPI9,LUPISULIN PEN,1,0
LUR100,LUPISULIN R 100IU INJ,10ML,0
LUP14,LUPISULIN R IU VIAL,40ML,1
LUPR1,LUPISULIN R PENFILL,3ML,0
LUP03,LUPITROS 3ML,3ML,0
LU1P3,LUPITROS EYE DROPS,3ML,0
JGGHHJ,LUPITROS TZ EYE DROPS,1*3ML,0
WEWLJK,LUPITROS Z EYE DROPS,1*3ML,0
LUPI1,LUPITUS SYRUP,100ML,5
LUPCM1,LUPITUSS CPM SYRUP,100ML,0
LUPIV1,LUPIVESTIN 250MG TABS,10'S,0
SDHFHK,LUPIVESTIN PLUS TAB,1*10,0
DLI20,LUPIVON 20 TAB,10'S,30
LUPIZO,LUPIZOL ZS 100ML SHAMPOO,100ML,0
L006,LUPIZYME SYP.,200ML,0
LOU3,LUPOXA CAPS,10'S,0
LHFBHA,LUPOXA OD TAB,1*10,0
LUR9,LURAFIC 40MG TABS,10'S,0
LUR80,LURAFIC 80MG TABS,10'S,0
MC10,M-CIN TABS,5'S,0
JDFSDF,MAGNOVA 1+125 AMP,1*1,54
MATIL,MATILDA ER TAB,10,0
MATF,MATILDA FORTE CAPS,15'S,0
MEM2,MEMPIL 100 CAPS,10'S,0
MT16,MEROTROL 1GM IV,1'S,0
MILT,MILIXIM 100DT TAB,1X10S,0
MI19,MIOFREE 4 CAPS,10'S,0
MI20,MIOFREE 8 CAPS,10'S,0
MIOF1,MIOFREE A8 TABS,10'S,0
MISB,MISOBIT 25 TAB,1X10S,0
JKDHFJ,MOLNULAP 200MG CAP,1*10,0
MOMT,MOMEFLO NASAL SPRAY,100MD,0
MOOO,MOXIBLU D 0.50% DROPS,1'S,0
MXB1,MOXIBLU EYE DROPS,5ML,0
MOX.,MOXIBLU KT EYE DROPS,5ML,0
MOXLP,MOXIBLU LP EYE DROPS,5ML,0
NBH,NEBISTAR H TAB,1X10S,0
NEBS,NEBISTAR-SA TAB,1*15,0
NEP1,NEPABLU EYE DROPS,5ML,0
NI10,NICOSTAR 10MG TABS,20S,0
NIC5,NICOSTAR 5MG TABS,20'S,0
NIMA1,NIMORAZOL 500MG TABS,10'S,0
NZ14,NIZONIDE O SYRUP,50ML,0
NIZO,NIZONIDE O TAB,10'S,0
NOVV,NOVAPIME 1G VIAL,1G,0
NOVA,NOVASTAT 10MG TAB,15'S,30
NOV20,NOVASTAT 20MG TABS,10'S,0
NOV40,NOVASTAT 40MG TABS,10'S,0
NV12,NOVASTAT 5MG TABS,10'S,0
NOVA1,NOVASTAT CV CAPS,1*15,60
NOVT20,NOVASTAT CV20MG CAPS,10'S,20
EDJHHB,NOVASTAT GOLD 10 CAP,1*10,0
NIVJNF,NOVASTAT GOLD 20 MG CAP,1*15,45
DFFLKN,NOVASTAT TG 20MG TAB,1*10,0
NOVASA,NOVASTAT TG 5MG TAB,10'S,0
TOTG1,NOVASTAT TG10 TABS,10'S,0
NURO3,NUROZENOL TABS,10'S,0
O006,ODOXIL 500MG TABS,10'S,0
O427,ODOXIL DS 250 DRY SYRUP,30ML,0
OLL2,OLOBLU 1% EYE DROPS,5ML,0
OLL3,OLOBLU 2% EYE DROPS,5ML,0
OLOB9,OLOBLU OD EYE DROPS,5ML,0
OND5,ONDERO 5MG TABS,10'S,0
ONDM9,ONDERO MET 2.5/500MG TABS 10'S,,90
ONM100,ONDERO MET1000MG TABS,10'S,0
OND850,ONDERO MET850MG TABS,10'S,0
O008,OPTINEURON AMP,1*3ML,1300
O009,OPTINEURON FORTE TABS,10`S,0
0P126,P2I D CAPS,10'S,0
P2I,P2I L CAPS,10'S,0
PZ21,P2I TABS,10'S,0
PAT3,PATH 30 TABS,1X10'S,0
GLIME,PATH G2 CAPS,10X10'S,0
PEGA2,PEGALUP SYRUP,200ML,1
PRCT,PERCIN 600MG TAB,5S,0
PIN11,PINOM 10MG TABS,15'S,0
PN32,PINOM 20MG TABS,15'S,0
PN40,PINOM 40MG TABS,15'S,0
PNM3,PINOM A20MG TABS,10'S,0
PIN40,PINOM A40 TABS,10'S,0
PINC1,PINOM CT 20MG TAB,10'S,0
PINOFJ,PINOM CT 40MG TAB,1*10,0
PI22,PINOM H 20 TABS,10'S,0
PN120,PINOM H40 TABS,10'S,0
PIN23,PINOM M25 TABS,10'S,0
PIN1,PINOM M50 TABS,10'S,0
P002,PLACIDOX 2MG TABS,10`S,0
P003,PLACIDOX 5GM TABS,15'S,0
PPLAN,PLANEP 25MG TABS,15'S,15
DLKFNL,PLANEP 50MG TAB,1*10,0
PLAN1,PLANEP T TABS,10'S,0
PRD1,PRASUDOC 10MG TABS,10'S,0
PGR,PREGADOC 75 TABS,10'S,0
PR41,PREGADOC M 75 CAPS,10'S,0
PRENT9,PREGADOC NT TABS,10'S,0
PREC,PREGASTAR 75 CAP,1X10S,0
PRG11,PREGASTAR M OD 75MG TABS,10'S,0
PR321,PREGASTAR M OD150 TABS,10'S,0
PG42,PREGASTAR M75 CAPS,10'S,0
PR11,PROTERA D CAPS,1*15,0
POR,PROTERA I CAPS,10'S,0
PR0,PROTERA TABS,1*15,45
PULM10,PULMISTAT 10MG TABS,15'S,0
PULV23,PULMOVAX 23 VACCINE,1ML,0
IPFHFV,PYLOFLUSH TAB,1*10,10
P005,PYRALFIN TABS,2'S,0
P606,PYZINA 1000MG TABS,10'A,0
P007,PYZINA 500 TABS,10`S,0
P008,PYZINA 750MG TABS,10`S,0
P009,PYZINA KID TABS,10'S,0
R759,RABLET 20MG TABS,15'S,0
RABD,RABLET D CAPS,15'S,90
RBI,RABLET IT CAP,10X10S,0
RBL11,RABLET L CAPS,10'S,10
REF55,RAFLE 550MG TABS,10'S,0
R627,RAMISTAR 1.25MG TABS,10`S,0
RAMI10,RAMISTAR 10MG TABS,10'S,0
R628,RAMISTAR 2.5MG TABS,15`S,75
VR629,RAMISTAR 5(RAMIPRIL)TABS,15`S,90
R630,RAMISTAR A CAPS,10`S,0
RAMIGF,RAMISTAR M XL 25MG TAB,1*10,0
RAMH5,RAMISTAR-H 5 TABS,15 S,0
RAN33,RANCAD 500MG TABS,10'S,0
RI550,RCIFAX 550MG TABS,10'S,0
RC14,RCIFAX TABS,10'S,39
R568,RCIN 150MG CAPS,10'S,0
R006,RCIN 300MG CAPS,10'S,0
R003,RCIN 450MG CAPS,10'S,10
R004,RCIN 600MG CAPS,3'S,0
R005,RCINEX 450MG CAPS,10'S,0
R008,RCINEX 600MG TABS,3'S,0
RCIN,RCINEX E TABS,6'S,0
RCE,RCINEX EZ TAB,1X6'S,0
R007,RCINEX KID TABS,10'S,0
R009,RCINEX Z TABS,2'S,0
RCC,RCLONAC TAB,1X10'S,0
RC11,RECOVIT TOTAL CAPS,15'S,0
DKJFJG,RESNER PLUS TAB,1*10,20
REOK,RETORLIX 10 TABS,10X10S,0
JFJHFG,REVOFER 500INJ,1*500,0
REZA2,REZARA 10MG TABS,10'S,0
REZA1,REZARA 5MG TABS,10'S,0
RHE1,RHEZA 10MG TABS,10'S,0
RHE05,RHEZA 5MG TABS,10'S,0
RHA11,RHEZA ASP CAPS,10'S,0
RIB21,RIBUTIN TABS,6'S,0
RT19,RICHGLOW CAPS,10'S,0
RICH.,RICHNEURON CAPS,10'S,0
RIC75,RICHOVA SR75MG TABS,7'S,0
R011,RINIZIDE FORTE DT TABS,10'S,0
ROFA1,ROFADAY 500MG TABS,10'S,0
RUT11,RUTICOOL CREAM,40GM,0
RUT1,RUTIN CAPS,10'S,0
DKASHD,SALBAIR NEB 0.31,1,0
SALTH,SALBAIR -B INHALER,17GM,1
SALBAI,SALBAIR B FORTE TRANSCAPS 30'S,,0
SAL-B,SALBAIR B TRANSCAPS,30'S,3
HBJKH,SALBAIR NEB TRANSP 0.63MG 5*5*2M,,0
SALT,SALBAIR TRANS CAPS,1X30S,2
SAT,SALBAIR TRANS HALER,1X17GM,0
SLT,SALBAIR TRANSPLUS,1X2.5ML,0
SA1T,SALBAIR-I NEB 1.25,2.5ML,0
SALI,SALBAIR-I TRANSCAPS,30'S,7
SAIT,SALBAIR-I TRANSHALER,1X17G,0
JFKBKB,SENSIEYES PLUS EYE DROPS,1*10ML,0
SEN09,SENSIYES EYEDROPS,10ML,0
PEGA1,SESUN SHAMPOO SMALL,1*60ML,0
KJFHJK,SIGNOFLAM TH4 MG TAB,1*10,50
SIGNOC,SIGNOFLAME TH-8MG TAB,10'S,0
SIN400,SINOSAM 400MG TABS,10'S,0
S008,SOFTOVAC POWDER.,100GM,2
S895,SOFTOVAC SF POWDER,100GM,0
SOL10,SOLICEPT 10MGTABS,15'S,0
SOL5,SOLICEPT 5MG TABS,10'S,0
S009,SOLUZYME TABS,4'S,0
STAL,STALOPAM 5MG TABS,10'S,60
STL,STALOPAM LITE TAB,10,50
S7T1,STALOPAM MINIPLUS,10'S,0
STALO,STALOPAM10MG TABS,10'S,50
STARSS,STARCAD BETA 25MG TAB,1*10,0
STARC,STARCAD-T 50,10'S,0
STARCA,STARCARD B 50 TAB,10'S,0
STARAY,STARPRESS 3D 25/6.25MG,10'S,30
STARPR,STARPRESS 3D 50/12.5,10'S,0
SR12,STARPRESS AM XL 50 TABS,10'S,0
STH2,STARPRESS H25 XL TABS,10'S,0
ST23,STARPRESS H50XL TABS,10'S,0
STAR1,STARPRESS R XL50 TABS,10'S,0
ST100,STARPRESS XL 100MG TABS,10'S,0
STA5,STARPRESS XL 50 TABS,15'S,90
STA12,STARPRESS XL12.5MG TABS,10'S,0
STR1,STARSTAT 10 TAB,1X10,0
STI0,STERIO 16 TABS,10'S,0
ST01,STERIO 4 TABS,10'S,0
SIO5,STERIO 8 TABS,10'S,0
TRIBV/,T VOBIT 1MG TABS,10'S,0
TRI,VO T VOBIT 2MG TABS,10'S,0
T-V,T-VOBIT VX 1 TAB,10;S,0
TAML.,TAMLOCEPT 0.2MG CAPS,10'S,0
TML11,TAMLOCEPT 0.4MG CAPS,10'S,0
TAZZ,TAZAR 4.5G VIAL,4.5G,0
TELEST,TELEKAST 10MG TABS,10'S,0
TEK4,TELEKAST 4MG TABS,10'S,0
TEL5,TELEKAST 5MG TABS,10'S,0
TELA1,TELEKAST A TABS,10'S,0
TEL1D,TELEKAST D TABS,10'S,0
TEL3,TELEKAST F TABS,10'S,0
TELE21,TELEKAST L KID SYRUP,60ML,0
TL09,TELEKAST L KID TABS,10'S,0
TEP,TELEKAST PLUS TABS,10'S,10
TLI,TELISTA 40 TAB,15'S,90
TLS,TELISTA 80MG TABS,1*15S,0
TLL80,TELISTA AM 80 TABS,10'S,0
TL11,TELISTA AM TABS,15'S,30
TELAM2,TELISTA AMH TABS,10'S,0
ƒELCH1,TELISTA CH40 TABS,10'S,90
TEL44,TELISTA CH80 TABS,10'S,0
DFDFSD,TELISTA CL TRIO TAB,1*15,0
TL80,TELISTA H 80 TABS,15'S,0
FHLHLG,TELISTA MCL 50MG TAB,1*10,20
T1EM1,TELISTA MT25 TABS,10'S,60
TEL12,TELISTA MT50 TABS,15'S,45
TL34,TELISTA PLUS TABS,10'S,0
THY1,THYROUP 100MG TABS,100'S,0
THY32,THYROUP 12.5MG TABS,50'S,0
TH125,THYROUP 125MG TABS,100'S,0
TH150,THYROUP 150MCG TABS,100'S,0
THY11,THYROUP 25MCG TABS,100'S,0
THY3,THYROUP 50MG TABS,100'S,0
THR11,THYROUP 75MG TABS,100'S,3
TIT,TIATE TRANS HALER,1X12.6G,0
TIAT,TIATE TRANSCAPS,15'S,0
TIAHDJ,TICABID TAB,1*10,0
RHKKHT,TIMZID MR TAB,1*15,30
TI0T,TIOMATE TRANS HALER,1X12.6G,0
TIOC,TIOMATE TRANSCAPS,15S,0
TL150,TOLIFAST 150 TABS,10'S,50
TO450S,TOLIFAST 450SR TABS,6'S,12
TL1D,TOLIFAST D TABS,10'S,20
LPTN1,TONACT 10MG TABS,15'S,225
T607,TONACT 20MG TABS,15'S,60
T606,TONACT 40MG TABS,1*15,30
T-5,TONACT 5 MG TABS,15'S,0
TN14,TONACT 80MG TABS,10'S,0
258,TONACT ASP75MG,15'S,75
TND1,TONACT D10 TABS,10'S,0
TND2,TONACT D20 TABS,10'S,0
TONE,TONACT EZ TAB,1X10'S,0
TONACT,TONACT FORTE,10*10'S,0
TONPLU,TONACT PLUS TABS,10'S,0
TONA,TONACT TG TAB,15'S,60
TNT1,TONACT TG20 TABS,10'S,0
TRB,TRABEST TAB,10'S,0
TF44,TRANSPACER V,1'S,1
TRIP1,TRIPINOM TABS,1*15,0
UB12,UBEXA 40MG TABS,10'S,0
V001,VALBET CREAM.,10 GM,0
VELI,VALENT 160 TABS,10'S,0
VALENT,VALENT 80MG TAB,10'S,0
VELH,VALENT H TAB,1X10S,0
VRKLNG,VERIFICA M 50/1000MG TAB,1*15,0
VEGBFB,VERIFICA M 50/500MG TAB,1*15,0
VILA20,VILAMID 20MG TAB,10'S,0
VILA1,VILAMID 40MG TABS,10'S,0
FUWG,VIMPRO 400GM(CHOCO),400GM,0
GDFV,VIMPRO 400GM(VANILLA),400GM,0
VN10,VOBIT 0.2MG TABS,15'S,0
VOB2,VOBIT 0.3MG TABS,10'S,0
VBT1,VOBIT M0.2MG TABS,15',45
VOB1,VOBIT M0.3MG TABS,15'S,15
XYF99,XYLOFLO NASAL SPRAY,10ML,0
YY11,YAMINI LS TABS,24'S,0
Y122,YAMINI TABS,28'S,4
ZI11,Z1 250MG TABS,6'S,0
ARPIN1,ARNIPIN 100,10'S,20
AR5,ARNIPIN 50,14'S,56
BEIPOO,BEIPOS EYE DROPS,5ML,0
BE,BENZ PEARLS TAB,10;S,10
BIS,BISONEXT 10,15*S,30
BTIEKE,BISONEXT 5MG TAB,1*15,45
BUDAMA,BUDAMATE 200 TRANSCAPS,30'S,13
CLOPWR,CLOPITAB 150MG TAB,1*10,0
CLOA75,CLOPITAB A 75 TABS,15'S,75
CLCV20,CLOPITAB CV20 CAPS,15,30
CO19,CORCIUM TABS,15,90
JGIDUG,CRANMAN D TAB,1*10,0
RTT,D SIGNOFLAM GEL,30GM,0
D,D DAPATURN GM 2 TAB,10,30
GGFKJH,DESKAST TAB,1*10,20
DILN,DILNIP 10MG TABS,10'S,30
DILNIP,DILNIP T 40 TABS,15'S,90
QGFIE2,EGLUCENT RAPID CARTAGE,3ML,0
ESIFO,ESIFLO 100 TRANSCAPS,30'S,1
FAMO20,FAMOCID 20MG TABS,14'S,4434
UFKHGG,FERINJECT INJ,1*10ML,0
FEXAN,FEXANTO ER 40 TAB,1*10,0
FIBR2,FIBRODONE 200MG TABS,10'S,0
VDGGYA,FORMOFLO FORTE R/C,1*1,0
F002,FRUSELAC TABS,10`S,150
BGVKBJ,GIBTULIO 10MG,1*10,0
GL45,GLADOR 2 TABS,10'S,0
GL41,GLADOR 3 TABS,10'S,0
GLD,GLADOR 4 TABS,10'S,0
GLUVNV,GLUCONORM VG1 FORTE TAB,1*15,0
HDEYRT,GLUCONORM Z TAB,1*15,0
HWEUIR,GLUONORM Z 80 TAB,1*15,0
GLYCO.,GLYCOLATE 2MG TABS,10'S,0
NGJKDH,GOODFLO 110MG TAB,1*10,0
HGDFYT,ISOFER 5ML AMP,1*5ML,0
ISL11,ISOLAZINE TABS,1*15'S,220
LEFU,LEFUTOID 20GM TAB,10;S,0
LOT13,LOFTAIR RESPLUES,1,0
LOFC,LOFTAIR ROTACAPS,30'S,1
LOFRTA,LOFTAIR-L ROTOCAPS,1*30,0
LISFKD,LUPI HCG 10000,1,0
LUPI6,LUPIBOSE 62.5MG TABS,10'S,0
JKGYU,LUPICLOR 6.25,15,0
LUFIT,LUPIFIT PLUS SYRUP,200ML,0
LUP,LUPILYZER SYP,1*200ML,0
VJSV,LUPINEB PALM,1*1S,0
LUDM,LUPISIT DM 10/1000,10,0
LUPDM,LUPIST-DM 10/1000,10,0
1LUPI,LUPIVESTIN 500 CAPS,10,0
LUI,LUPIVON 10MG,10'S,50
LUP10,LUPIVOR 10 MG,10'S,0
MACUH,MACIKAD TAB,10,0
MAT11,MATILDA PG ER TABS,10'S,0
MIO1,MIOFREE A4 CAPS,10'S,0
FYUG,MOXOCARD 0.2MG,1*10,0
MOGHFA,MOXOCARD 0.3MG,1*10,0
M,MULTIRICH CAP,10;S,0
NEBI,NEBISTART-T TAB,10;S,30
NEBG,NEBZMART G,8,0
OND,ONDERO D 10MG TAB,10,0
PEGUP,PEGALUP SYRUP,100ML,0
PLT1,PLANEP T 10 KIT,10'S,0
RECL,RECLAIM AG CAP,10'S,0
JRHYRQ,RESTFULL TAB,1*10,0
RIVDHA,RIVABAN 10MG TAB,1*14,14
JISDER,SALBAIR I INH,1*1,0
FJRHGU,SEDEROM TAB,1*10,0
STALOP,STALOPAM20MG TABS,10'S,0
STB25,STARCAD B 25MG TAB,10,30
SSTARC,STARCAD T 25MG TAB,1*10,0
SK3D,STARPRESS 3D 50/6.25 TAB,10'S,30
STAR,STARPRESS XL 3D 50/12.5,10;S,0
TKL,TELEKAST L TAB,15'S,15
REJHNG,TELISTA D TAB,1*10,0
UL300,ULYSES 300,10'S,0
UL,3 URSODEOXYCHOLIC ACID,10'S,0
VIM5,VILNIP M 500 TAB,15'S,30
JGSRTT,VORITROL 200MG TAB,1*4,0
XINY,XINYUNG GEL,1,0
A1518,ACEMIZ 200SR TAB,10'S,270
ARZ,ARZU 30MG TAB,10S,0
ARZ1,ARZU-15 TAB,10S,0
BU100,BUDATE 100TRANS CAPS,1X30S',0
TRYGHR,DILNIP M 50TAB,1*10,0
GLS1,GLUCONORM SR 1G TABS,15'S,90
MATP,MATILDA PLUS CAP,1*10,0
NEBIS,NEBISTAR 10MG TABS,15'S,0
NEB,NEBISTAR 2.5MG TAB,1X15,0
NEBST5,NEBISTAR 5MG TAB,1*15'S,0
PT1,PATH 15 TABS,1X10'S,0
RESO,RESODIM 15 TAB,1X4S,0
STP,STALOPAM PLUS TAB,1*15,45
STPR,STARPRESS XL 25 TAB,15'S,75
21TLH,TELISTA H TABS,15'S,30
FKLSDY,LUVLAP 4STAGE BABY BRUSH,,0
LUVLAD,LUVLAP COTTON BUDS,1,0
LUVNCB,LUVLAP FEEDING BOTTLE,1,0
LJDSFK,LUVLAP FOOD&FRUIT NIBBLER 1,,0
LUAVSK,LUVLAP FRUIT NIBBLER,1,0
LAUFFS,LUVLAP NAUTY DUCK SPOUT,1,0
LAJHVI,LUVLAP SILICON SPOON PACK 1,,0
LUDASK,LUVLAP SPOUTY CUP,1,0
PIOFIS,PIGEON PERISTALIC NIPPLES 1,,0
A042,ALEX P SYRUP,60ML,0
A797,ALEX SYRUP,100ML,25
B016,BAXIN 500MG CAPS,10`S,0
C060,CETRABEN CREAM,50GM,0
F432,FAS 3 KIT,4'S,0
F553,FLUCORT CREAM,20GM,0
F019,FLUCORT FORTE LOTION,30ML,0
F439,FLUCORT N OINT,20GM,0
101111,IMIDIL POWDER,100GM,0
L356,LANOL ER TABS,10'S,0
LEVO.,LEVOCET AM TABS,10'S,0
L021,LYCEFT 1GM VIAL,1'S,120
S029,SENSUR LOTION,50ML,0
S450,SENSUR RUBEFACIENT,10GM,0
Z011,ZOAMET NASAL DROPS,10ML,0
AVLV,AVELIV TAB,10S,0
DHGUIR,CEFOLAC 200MG TAB,1*10,0
BVDJSF,CILORY TM TAB,1*15,0
HEHGE,DR RELISPRAY ALL,1*1,0
FL11,FLUTROL 100 REDICAPS,30'S,0
HIFLL1,HIFLEX 1KG,1KG,0
HFVDJH,LUBISTAR EYE DROPS,1*1,0
INFHJF,MACTASE DROPS,1*15ML,0
I1QWDT,MEDHEP 25MG AMP,1*1,0
UJFTGE,MEDHEP 5MG AMP,1*1,0
MXKJSF,MONTECIP -LC TAB,10'S,0
N325,NEOSORALEN FORTE TABS,10'S,0
JFHSFE,NEXOVAS TM 25 TAB,1*10,60
HVGFHF,PANDERM NM CREAM,1*15GM,7
HGYUTH,TELMADE H TAB,1*10,0
F1WDUJ,TENLIPLUS M 500MG,10S,0
ETRER3,TRINEXOVAS 20G TAB,1*15,0
VELS9,VELCAST TAPE,1,0
ACE001,ACENOMAC 1MG TABS,10'S,0
ACEM2,ACENOMAC 2MG TABS,10'S,0
ACE03,ACENOMAC 3MG TABS,10'S,0
ACE04,ACENOMAC 4MG TABS,10'S,0
ACTH1,ACTIHEAL TABS,10'S,0
AC44,ACUCLAV 625 TABS,6'S,0
ADENO,ADENOMAC 200MG TABS,10'S,0
AD16,ADENOMAC 400MG TABS,10'S,0
AER11,AEROTROP F ROTACAPS,15'S,0
ARTZIN,AEROZEST INHALER,1'S,0
ALFAG9,ALFAGABA NT TANS,10'S,0
ALRESU,ALRISTA FORTE TAB,1*10,0
ALRI1,ALRISTA PLUS TABS,10'S,10
ALR1,ALRISTA SR TABS,10'S,0
AIA,ALRISTA TABS,10'S,0
A548,AMLOVAS 10MG TABS,15`S,0
A564,AMLOVAS 2.5MG TABS,15`S,60
A547,AMLOVAS 5MG TABS,15`S,30
JAHFJK,AMLOVAS AT 25MG TAB,1*15,0
A571,AMLOVAS AT TABS,15'S,30
AMLH,AMLOVAS H TABS,10'S,0
A649,AMLOVAS L TABS,15'S,0
AML50,AMLOVAS M5/25MG TABS,10'S,0
AM42,AMLOVAS M5/50 TABS,10'S,0
NANN,ANTI THYROX 10MG TABS,100'S,0
ATR1,ATORMAC 10MG TABS,10'S,0
ATOR20,ATORMAC 20MG TAB,10'S,0
A444,ATORMAC 40MG TABS,10'S,0
ARCV12,ATORMAC CV10 CAPS,10'S,30
ATR13,ATORMAC CV20 CAPS,10'S,0
ATRT,ATORMAC TG TAB,1X10S,0
AZU11,AZUNATE INJ,60MG,0
B289,BETABIOTIC L EAR DROPS,5ML,0
BID11,BIO D3 DS CAPS,10'S,0
BIOF1,BIO D3 FEM CAPS,10'S,0
BIOD3,BIO D3 MAX CAPS,15,15
B1709,BIO D3 PLUS CAPS,15`S,0
B1862,BIO D3 STRONG CAPS,10'S,0
BKFGKG,BIO D3 XT CAP,1*15,45
0BRIL1,BRILIA TABS,010'S,0
BD77,BUDETROL 100 R/C,30'S,1
BUT100,BUDETROL 100MG INHALER,100MD,0
BU21,BUDETROL 200 INHALER,120MD,0
BUT1,BUDETROL 200 R/C,30'S,1
BU14,BUDETROL 400 R/CAPS,30'S,0
BUD400,BUDETROL 400MG INHALER,120MD,0
BUTF9,BUDETROL FORTE ROTACAPS,30'S,0
BU,BUDETROL-G R/C,30;S,1
BU211,BUNASE 100MG CAPS,30'S,0
BUN21,BUNASE RESPULES,05ML,0
CCL32,CALSPRAY NASAL SPRAY,3.7ML,0
CAR9,CARNIMAC TABS,10'S,0
CEFOL,CEFOLAC 100 SYP,30ML,0
CEF100,CEFOLAC DT100MG TABS,10'S,0
C1647,CEFOLAC ORAL SYRUP,30ML,0
CEFII,CEFRINE PLUS 1500 INJ,1.5 GM,0
CEL10,CELKAST TABS,10'S,0
CITAM,CITIMAC P TABS,10'S,0
CLA/2,CLARIGARD 250MG TABS,10'S,0
CLG,CLARIGARD 500MG TABS,10S,0
DLFJHH,CNJOINT TAB,1*10,0
QWDFHF,CORSA 10 TAB,1*10,0
CV89,COVATIL 500 TABS,6'S,0
DAJDFH,DAMITA 10MG TAB,1*10,0
FKDKLH,DAPAMAC 10MG TAB,1*10,0
JDGUGD,DAPAMAC 5MG TAB,1*10,0
FGFSFG,DAPAMAC M 10/500 TAB,1*10,0
DEFA,DEFCORT 1 TABS,6'S,0
DE123,DEFCORT 12MG TABS,6'S,0
D1F1,DEFCORT 18MG TABS,6'S,0
DEF22,DEFCORT 24MG TABS,6'S,0
DEFC,DEFCORT 30 TAB,6'S,0
DEF6,DEFCORT 6MG TABS,10'S,0
DET,DEFCORT SYRUP,1X30ML,0
DISEP,DISPERAFT SUSUPENION,200ML,1
DO4,DOXORIL 400MG TAB,10'S,0
DOX11,DOXORIL INJ,10ML,0
DOD1,DOXORIL SYRUP,100ML,0
DXVT,DOXOVENT SYP,60ML,0
ECON,ECONEX 800MG TAB,6'S,0
ECO100,ECOX 1000MG TABS,6'S,0
ECOX,ECOX 800MG TABS,6'S,0
ENBIOS,ENBIOS CAPS,10'S,0
ENP9,ENSULES PLUS CAPS,10'S,0
ENTREU,ENTROFLORA CAP,10'S,0
ETR11,ENTROFLORA SUSP,5ML,0
END1,ENZOHEAL D TABS,10'S,0
ENSBNF,ENZOHEAL FORTE TAB,1*10,0
ENZO.,ENZOHEAL OINT,5GM,0
"ENZOH,",ENZOHEAL TABS,1*15'S,0
ENZ3,ENZOMAC FORTE TABS,10'S,0
ENZ21,ENZOMAC OINT,5GM,0
ENZM1,ENZOMAC PLUS TABS,10'S,0
EN100,ENZOMAC TABS,15,0
ESOF1,ESOFINE DSR CAPS,10'S,0
ESLS9,ESOFINE LS TABS,10'S,10
ET32,ETIZOLA 0.25 TABS,10'S,0
ETL,ETIZOLA 0.5 TAB,15S,15
ETZ22,ETIZOLA BETA 0.25 TABS,10'S,30
EZP11,ETIZOLA BETA 0.5 TABS,10'S,0
ET10,ETIZOLA PLUS 10 TABS,10'S,0
ET43,ETIZOLA PLUS TABS,10'S,0
RTOIIH,ETOSAID MR TAB,1*10,0
EUIRKU,EUTHYROX 88MG TAB,1*1,0
FAM11,FAMCIMAC 500MG TABS,3'S,0
FAR1,FARBION CAPS,10'S,0
FR12,FARBION SYRUP,150ML,0
FE10,FEBUMAC 40MG TABS,10'S,0
F1L1,FLEXABENZ ER CAPS,10'S,0
FLE11,FLEXABENZ GEL,30GM,1
FEL13,FLEXABENZ PLUS CAPS,10'S,0
FL,1 FLEXABENZ TABS,10'S,0
FL100,FLUTICORT F100 REDICAPS,30'S,0
FLU6,FLUTICORT F250 M/CAPS,30'S,1
FL20,FLUTROL 125MG INHALER,120MD,0
FL53,FLUTROL 250 ROTACAPS,30'S,0
FLY1,FLUTROL 250MG INHALER,120MD,0
FL500,FLUTROL 500MG R/C,30'S,0
FNS09,FNS 25MG SACHETS,10GM,0
1L11,FOLIZORB CAPS,10'S,0
FOR150,FORCOX 150 TABS,6'S,0
FOR,FORECOX 150MG TABS,6'S,0
FORE,FORECOX KIT TABS,4'S,0
F287,FORECOX TABS,6'S,0
GABAM1,GABAMIN NT TABS,10'S,0
GMG1,GEMINOR 2MG TABS,10'S,0
GEF1F,GEMINOR M1 FORTE TABS,15'S,0
GNM1-,GEMINOR M1 TABS,15'S,0
GEMI2,GEMINOR M2 FORTE TABS,15'S,0
GM14\,GEMINOR M2 TABS,15'S,0
HFERHG,GEMINOR M3 FORTE,1*15,0
GEM22,GEMINOR MP 1LS TABS,10'S,0
GP21,GEMINOR MP1 TABS,10'S,0
GP22,GEMINOR MP2 TABS,10'S,0
GEN33,GEN D3 60K TABS,4'S,0
GE500,GENTRAX 500MG INJ,500MG,0
GRD11,GRAVIDERM CREAM,50GM,0
IPRA21,IPRAZEST RESPULES,2.5ML,0
IRO11,IROZORB PLUS TABS,10'S,0
IR46,IROZORB SYRUP,150ML,0
IR12,IROZORB TABS,10'S,0
ITM100,ITMAC 100MG CAPS,10,0
ITMA2,ITMAC 200MG CAPS,1*8'S,0
KFUGKG,ITMAC SB 50MG TAB,1*10,0
IV/5,IVAMAC 5TAB'S,10'S,0
K-C10,K-COR 10MG TABS,20'S,0
K994,K-COR 5 TABS,20'S,0
KAN,1 KANAMAC 500 MG ING,1,0
K139,KCOR 10 TABS,20'S,0
LAF1,LAFUMAC DSR CAPS,10'S,0
LAXP1,LAXITOL POWDER,90GM,0
LAXT1,LAXITOL SYRUP,200ML,0
LXT100,LAXITOL SYRUP,100ML,0
LE250,LEVOMAC 250MG TABS,5'S,0
L1044,LEVOMAC 500MG TAB,10S,33
L-750,LEVOMAC 750,7,0
LE93,LEVOMAC AZ TABS,5'S,0
DJKFBB,LEVOMAC IV 100ML,1*1,0
LV11\,LEVOMAC SYRUP,60ML,0
LEX2,LEXANOX CREAM,5GM,0
LAXA1,LEXANOX PLUS CREAM,5GM,0
LINDX,LINCOTUSS DX SYRUP,100ML,0
LZ300,LIZOKEF TABS,10'S,0
LGJJGH,LIZOMAC DS DRY SYP 30ML,1*30ML,0
LIZ21,LIZOMAC TABS,10'S,0
FDG,LIZOMAC-CX TABS,"10,S",0
MACP1,MAC PLUS TABS,10'S,0
MACDX1,MACBERY DX SYRUP,100ML,0
MACB1,MACBERY JUNIOR SYRUP,60ML,0
DFKGKH,MACBERY LEVOSYP 100ML,1*100ML,4
MACB9,MACBERY LS SYRUP,100ML,0
MACB3,MACBERY P SYRUP,60ML,0
MACB8,MACBERY SYRUP,100ML,0
MACB2,MACBERY XT SYRUP,100ML,0
MAB32,MACBRITE D3 TABS,4'S,0
MC/125,MACFAST 125MG SUS,60ML,0
MC/250,MACFAST 250MG SUS,60ML,0
MACF3,MACFLOX CAPS,10'S,0
MAC32,MACFOLATE CAPS,10'S,0
MACF11,MACFOLATE PLUS CAPS,10'S,0
1MA11,MACFREE CAPS,10'S,0
2GFIU,MACGESIA OIL,50ML,0
MACG1,MACGEST 100MG CAPS,10'S,0
MAC21,MACGEST 200MG CAPS,10'S,0
MAC31,MACGEST SR300MG TABS,10'S,0
MACG4,MACGEST SR400 CAPS,10'S,0
MAC100,MACMIKA 100MG INJ,2ML,0
MAC250,MACMIKA 250MG INJ,2ML,0
MAC22,MACMIKA 500MG VIAL,2ML,0
M511,MACOX PLUS 150 TABS,6S,0
M577,MACOX PLUS 600MG TABS,6'S,0
M502,MACOX PLUS KID TABS,10'S,0
MP,MACOX PLUS TABS,6'S,0
M510,MACOX ZH KID TABS,10'S,0
MACC1,MACPHYLLINE CAPS,10'S,0
MC26,MACPOD 100 SYRUP,30ML,0
MA44,MACPOD 100 TABS,10'S,0
MAC200,MACPOD 200MG TABS,10'S,0
MC24,MACPOD 50 SYRUP,30ML,0
"MACP.,",MACPOD CV 200MG TABS,6'S,0
MC1,MACPOD O TABS,10'S,0
MAC16,MACPRED 16MG TABS,10'S,0
MAC8,MACPRED 8MG TABS,10'S,0
RAMI,MACPRIL 2.5 TABS,10'S,0
RAMI,MACPRIL 5 TABS,10'S,0
MC44,MACPRIL H 2.5 TABS,10'S,0
MC47,MACPRIL H 5 TABS,10'S,0
KJFGGG,MACPROT CHOC POWDER,1*400G,0
MACF2\,MACPROT DM POWDER,200GM,0
MACP9,MACPROT JUNIOR POWDER,200GM,0
MACPK1,MACPROT KESAR POWDER,200GM,0
MCP11,MACPROT POWDER,200GM,0
MACR11,MACPROT RESP POWDER,200GM,0
MACPRO,MACPROX DP 250MG TAB,1*10,0
AHGFKH,MACRALFATE O SYP 200ML,1*200ML,0
DGASHA,MACRALFATE SYRUP,1*200ML,0
MACR,MACROZIDE 1000MG TABS,6'S,0
MV41,MACROZIDE 1200 TABS,6'S,0
MACRO,MACROZIDE 1500MG TABS,6'S,0
MC23,MACSART 40MG TABS,10'S,0
MAC14,MACSART AM TABS,10'S,0
MACSAR,MACSART BETA 50MG TABS,10'S,0
MACZ,MACSART CH 40MG TABS,10'S,0
MC,6 MACSART H TABS,10'S,0
MACO9,MACSIP ORANGE DRINK,200ML,0
KAGGKL,MACSITA M XR 100/500MG,1*10,0
MACS1,MACSPACER SPACER KIT,1'S,0
MC57,MACTOR 10MG TABS,10'S,0
MATF1,MACTOR F TABS,10'S,0
MJNNNK,MACTOTAL SYP 200ML,1*200ML,0
MACT9,MACTOTAL TABS,10'S,0
MACV5,MACVESTIN 500MG TABS,10'S,0
MAC15,MACVESTIN PLUS SACHETS,15GM,0
MACV1,MACVESTIN TABS,10'S,0
MACV3,MACVESTIN TOTAL POWDER,10GM,0
MA31,MACZONE 1GM VAIL,1GM,0
MA252,MACZONE 250MG INJ,5ML,0
MAC50,MACZONE 500MG INJ,500MG,0
MC13,MACZORB FORTE TABS,10'S,0
MCRB,MACZORB TABLETS,10'S,0
MANTHI,MANDARA THAILAM,100ML,0
MAXOR,MAXOTAZ 2.25GM,1'S,0
MA131,MAXOTAZ 4.5MG IANJ,4.5MG,0
MAX11,MAXOTAZ PS1.125 VIAL,10ML,0
MF10,MEFOMIN 1000SR TABS,10'S,0
MF20,MEFOMIN 500SR TABS,10'S,0
MEGZ80,MEFOMIN GZ80MG TABS,10'S,0
MEG10,MEGALIS 10MG TABS,4'S,16
MEG20,MEGALIS 20MG TABS,4'S,76
MERO3,MEROMAC 0.5MG AMP,1*500MG,0
MER11,MEROMAC 1G AMP,10ML,0
METS1,METACORTIL CREAM,10GM,0
METL1,METACORTIL LITE OINT,15GM,0
MT10,METOMAC 50MG TABS,10'S,0
UGIFG2,MONTEMAC AL TAB,10*S,0
MONFX9,MONTEMAC FX SYRUP,60ML,0
MONT2,MONTEMAC FX TABS,10'S,50
MOKI1,MONTEMAC L KID TABS,10'S,0
M1T2,MONTEMAC L TABS,10'S,0
MONP1,MONTEMAC PLUS TABS,10'S,0
MO,MOXIFINE LP DROPS,5ML,1
MOX61,MOXIFLOX TABS,5'S,0
MOX11,MOXIMAC EYE DROPS,5ML,0
MOX,IV MOXIMAC I.V INFUSION,10ML,0
MX19,MOXIMAC TABS,10'S,0
MX41,MOXOVAS 0.2 TABS,10'S,0
MX!4,MOXOVAS 0.3 TABS,10'S,0
MOX1,MOXOVAS A TABS,10'S,0
MYA02,MYLAMIN CAPS,10'S,0
JKDJFD,MYLAMIN G TAB,10'S,0
FGGFFF,MYLAMIN GN TAB,1*10,0
RR14,MYOGREL AP 150 CAPS,6'S,0
MYS,MYOSONE 50MG TABS,10'S,0
MY124,MYOSONE PLUS TABS,6'S,0
MYS11,MYOSONE SR TABS,10'S,0
MYAP,MYSIP APPELE DRINK,200ML,0
NANM1,NANOMAC SILVER GEL,10GM,0
NAN/SI,NANOMAC SILVER GEL,30GM,0
NAZ1,NAZOMAC AF NASAL SAPRY,120MD,0
NAZ11,NAZOMAC F NASAL SPRAY,1.3GM,0
NAFF1,NAZOMAC FF NASAL SPRAY,120MD,0
NAZ33,NAZOMAC M NASAL SPRAY,12ML,0
JKFJHH,NERVITE XT TAB,1*10,0
NEXOC,NEXOVAS 10MG TABS,15'S,0
.NEXOV,NEXOVAS 20MG TABS,10'S,0
NEXV1,NEXOVAS 5MG TABS,1*15,0
SDLBDG,NEXOVAS BETA TAB,1*10,0
NEX21,NEXOVAS CH TABS,10'S,0
NEXO.,NEXOVAS M 50MG TABS,10'S,0
SDJKFH,NEXOVAS O 40MG TAB,1*10,0
NEXOV.,NEXOVAS O TABS,10'S,0
MNSDBD,NEXOVAS T TAB,1*10,0
SDHFGH,NEXOVAS TM 50 TAB,1*10,0
NUDIC,NUDICLO 100MG TABS,10'S,0
NUP1,NUPENTA DSR CAPS,10'S,0
NUP13,NUPENTA TABS,10'S,0
NURGN1,NUROGAB NT TABS,10'S,0
O-A1,O-ANXIT TABS,10'S,0
O388,OFLOMAC 100MG TABS,10`S,0
O233,OFLOMAC 200MG TABS,10'S,0
O234,OFLOMAC 400MG TABS,10'S,0
OFLOO,OFLOMAC 60ML SYP,60ML,0
OF,F OFLOMAC FORTE SYP,30ML,0
OFL9,OFLOMAC M FORTE SYRUP,30ML,0
OFLMN,OFLOMAC M SYRUP,30ML,0
O442,OFLOMAC OZ IV,100ML,0
OFOZ9,OFLOMAC OZ SYRUP,30ML,0
OFLKKN,OFLOMAC OZ TAB,1*10,0
O443,OFLOMAC SYP,30ML,0
PKLLFN,OLMESAR 10MG TAB,1*15,0
OOLM,OLMESAR 40,1*15,45
TGFRT,OLMESAR A 40 TABS,"10,S",0
O2L4,OLMESAR A TABS,10'S,0
OLM,0 OLMESAR AV TABS,10'S,0
OLCH6,OLMESAR CH20 TABS,10'S,0
"OLMES,",OLMESAR CH40 TABS,10'S,0
OLH,OLMESAR H TAB,10'S,0
OL19,OLMESAR H40 TABS,10'S,0
T4015,OLMESAR M25 TABS,10'S,0
T4016,OLMESAR M50 TABS,10'S,0
O163,OMNACORTIL 10MG TABS,10'S,1190
OMN25,OMNACORTIL 2.5MG TABS,10'S,0
O174,OMNACORTIL 20MG TABS,10`S,30
OM03,OMNACORTIL 30MG TABS,10'S,20
O176,OMNACORTIL 40MG TABS,10`S,30
O164,OMNACORTIL 5MG TABS,10'S,3794
OMD,OMNACORTIL DROPS,10ML,2
OM12,OMNACORTIL MD10 TABS,10'S,0
OM42,OMNACORTIL MD5 TABS,10'S,0
OMNAC,OMNACORTIL SYRUP,60ML,13
0MS,OMNITAN 25 TABS,15'S,0
OM5,OMNITAN 50MG TAB,15'S,0
OMNI,OMNITAN H TAB,15'S,0
OR44,ORATIL 250 TABS,10'S,0
OR111,ORATIL 500MG TABS,10 S,0
OR11,ORATIL CV 500 TABS,6'S,0
ORT11,ORATIL CV250 TABS,10'S,0
ORAT1,ORATIL LZ TABS,10'S,0
ORCI,ORCERIN CAPS,1X10'S,20
ORG,ORCERIN GM TAB,15'S,45
ORN,ORNAMAC TAB,10'S,0
ORPEN,ORPENEM 200 TABS,6S,0
OROPEN,ORPENEM ER 300MG TAB,6'S,0
O1R1,ORTHOCORT 18MG TABS,6'S,0
OR45,ORTHOCORT 6MG TABS,6'S,0
GGR,OVALIFE TABS,"10,S",0
PA011,PANDERM + POWDER,100GM,0
PN!2,PANDERM PLUS OINT,15GM,14
PANS9,PANDERM SUPER CREAM,15GM,7
HGGFGD,PHYTORAL SP SCALP LOTION,1*60ML,0
PLAT/T,PLATIMAX TAB'S,10'S,0
PLCY,POLYCLAV 156.25 DRY SYRUP 30ML,,0
POL23,POLYCLAV DS 457 TABS,6'S,0
POL1,POLYPOD 200MG TABS,10'S,0
EJILGD,POLYPOD 50 SYP 30ML,1*30ML,0
POLY1,POLYPOD CV200 TABS,6'S,0
PRI100,PRIMACORT 100GM VAILS,1'S,0
P683,PTU 50MG TABS,100'S,0
QPRI10,QPRIL 10MG TAB,10'S,0
RA2,RABEMAC 20MG TABS,10'S,0
RMAC,RABEMAC DSR CAP,15 S,15
RABDSR,RABEMAC DSR CAPS,10'S,0
RA1,RABEMAC LS CAPS,10'S,0
LEVODE,RAPITUS PLUS SYRUP,100 ML,0
RAPIT,RAPITUS SYP,120ML,16
GSDFH,RAPITUS XT SYP,1*100ML,0
REBE9,REBAGEN OTIC CAPS,10'S,0
REB10,REBAGEN TABS,10'S,0
R384,RHE FD TABS,6'S,0
RHK,RHE KITS,1X2S KID,0
RNOZ,ROLAZIN TABS,10'S,0
DFKHHF,ROSMADE 10MG TAB,1*10,0
RS,0 ROSUMAC 10 TABS,10'S,0
ROS6,ROSUMAC 20MG TABS,15'S,0
RSM1,ROSUMAC 5MG TABS,1*15,0
ASKHKH,ROSUMAC ASP TAB,1*10,30
FJKGHF,ROSUMAC CV 20MG TAB,1*10,0
ROSC1,ROSUMAC CV10MG TABS,10'S,30
RSZ01,ROSUMAC F TABS,10'S,0
ROS31,ROSUMAC F5 TABS,10'S,0
ROSG20,ROSUMAC GOLD 20MG CAPS,10'S,0
ROSUG,ROSUMAC GOLD TABS,10'S,30
ROZU.,ROZUSTAT 10MG D TABS,10'S,0
T4023,ROZUSTAT 10MG TABS,10'S,0
ROZS1,ROZUSTAT 20MG TABS,10'S,0
ROZ40,ROZUSTAT 40MG TABS,10'S,0
RZ121,ROZUSTAT 5MG TABS,10'S,0
ROZF1,ROZUSTAT F TABS,10'S,0
ROZG9,ROZUSTAT GOLD CAPS,10'S,0
RUBIU.,RUBIRED SYRUP,150ML,3
RUB3,RUBIRED TABS,10'S,0
JFGIUG,RUBIRED Z TAB,1*10,0
SAM45,S AMLOVAS 5 TABS,10'S,0
SEN625,SENSICLAV 625MG TABS,6'S,0
STF21,SETFRAC TABS,10'S,0
DJFHLH,SETFRACK PLUS TAB,1*15,0
S565,SEUMOL PLUS TABS,10`S,0
SJHFJG,SITA OD 100MG TAB,1*10,0
BFDSFB,SITA OD 50MG TAB,1*10,0
DHFKGH,SITA OD MET 50/1000MG TAB 1*10,,0
DKJFKJ,SOLONEX 300MG TAB,1*10,0
ST16,STAFCURE CV250MG TABS,10'S,0
STYY1,STAFCURE CV500 TABS,10'S,0
SATL1,STAFCURE LZ TABS,10'S,0
HGGH,STAFCURE SB 1.5 INJ,1*1,0
STF12,STAFCURE TABS,6'S,0
SWB1,SWALOBEE CAPS,10'S,0
TAZ22,TAZOMAC 2.25MG AMP,5ML,0
TM43,TAZOMAC 4.5 AMP,20ML,0
HGGGVJ,TAZOTER 4.5 AMP,1*1,0
WEFGU,TELMIDUCE 20MG TAB,1*10,0
ND1WIR,TELMIDUCE 40MG TAB,10*S,0
IUWEFI,TELMIDUCE AM TAB,10*S,120
QJDWFU,TELMIDUCE H TAB,10*S,0
TED32,TENDOMAC CAPS,15'S,0
DFJHJK,TENDOMAC FORTE TAB,1*15,0
TENM02,TENLIMAC 20MG TABS,10'S,120
TM1000,TENLIMAC M1000MG TABS,15'S,80
TNM500,TENLIMAC M500MG TABS,15'S,105
TE25,TENOMAC 25MG TABS,14'S,0
TE5,TENOMAC 50MG TABS,14'S,0
OGUQWE,TERBITOTAL 250 TAB,1*7,0
T303,THYROX 100MG TABS,100'S,2
TYHY1,THYROX 12.5MCG TABS,100MCG,0
TH25,THYROX 125MCG TABS,100'S,0
THYR1,THYROX 150MCG TABS,100'S,0
T481,THYROX 200MG TABS,30'S,0
A1371,THYROX 25MG TABS,100'S,2
T456,THYROX 50MG TABS,100`S,2
TH45,THYROX 75MG TABS,100'S,2
THYROJ,THYROX 88 TAB,100'S,0
TJKSGG,TIGEMAC 90MG TAB,1*10,0
TR23,TRAC 3 TABS,6'S,0
TRA11,TRAC 4 TABS,6'S,0
TR500,TRENAXA 500 TAB,10'S,20
TREA,TRENAXA AMPS,5ML,0
TREMF,TRENAXA MF TAB,10'S,30
TRIM1,TRIMACSART TABS,10'S,0
SJFHFN,TRINEXOVAS 40MG TAB,1*10,0
PIR1,TRINUROGAB TABS,1*10,0
TOL1,TRIOLMESAR 20MG TABS,10'S,0
TR4O1,TRIOLMESAR 40MG TABS,10'S,0
TROL1,TRIOLMESAR CH20 TABS,15S,0
TRIO3,TRIOLMESAR CH40 TABS,10'S,0
VILDA,VILDAMAC M 50/500 TAB,15'S,0
JHSCHH,VILDAMAC M SR 50/500 TAB,1*10,0
LLNMVM,VILDAMAC M50/1000MG TAB,1*15,0
VOGGM2,VOGLI GM2 TABS,10'S,0
VOG1,VOGLIMAC 0.2MG TABS,10'S,0
VOG03,VOGLIMAC 0.3MG TABS,10'S,0
VHD1,VOGLIMAC GM1 HD TABS,10'S,0
VOG.,VOGLIMAC GM1 TABS,10'S,10
VOGH1,VOGLIMAC GM2 HD TABS,10'S,0
"VOG,",VOGLIMAC GM2 TABS,10'S,30
VG42,VOGLIMAC MF0.2 TABS,10'S,0
VB41,VOGLIMAC MF0.3 TABS,10'S,0
KJHFKJ,VOGLIMAC R 0.5MG TAB,1*10,0
WLA11,WAL D3 CAPS,4'S,0
ZDF,ZEDOCEF 100 DT TABS,10S,0
ZD100,ZEDOCEF 100MG SYRUP,30ML,0
ZOD2,ZEDOCEF 200MG TABS,10'S,0
ZED50,ZEDOCEF 50DT TABS,10'S,0
ZED5,ZEDOCEF 50MG SUSP,1X30ML,0
ZEDA1,ZEDOCEF AZ TABS,10'S,0
ZED,CV ZEDOCEF CV 100 TAB,6'S,0
ZD44,ZEDOCEF CV 200MG TABS,6'S,0
ZDF14,ZEDOCEF DXL 200 TABS,10'S,0
ZEDLX9,ZEDOCEF LX TABS,10'S,0
ZED1,ZEDOCEF O200 TABS,10'S,0
ZENN1,ZENFLOX PLUS100 TABS,10'S,0
ZINCIT,ZINCITOTAL SUSP,200ML,0
ZI100,ZITHROX 100MG SYRUP,15ML,0
ZIT100,ZITHROX 200MG SYRUP,15ML,0
ZIH250,ZITHROX 250MG TABS,6'S,0
ZIT,ZITHROX 500MG TABS,1*5'S,0
ZN44,ZONAMAX ES1.5 INJ,10ML,0
ZOONOV,ZOONOVAC V INJ,1,0
BR43,B-RAB DSR CAPS,10'S,10
BI21,BIOBEN FORTE TABS,10'S,0
BB45,BIOZEP 0.5 TABS,10'S,0
BSUPP1,BSUPPORT CAPS,10'S,0
BSUP1,BSUPPORT SYRUP,200ML,0
CAMCT1,CALMIGHT CT CAPS,10'S,0
CEFMO1,CEFMOOV 0 TABS,10'S,0
CER32,CEREMAC TABS,10'S,0
CL1,CILACT 10MG TABS,10'S,0
CILAT1,CILACT M50MG TABS,10'S,20
VBBTYY,DERMEC KID 75GM,1*75GM,0
F1E1,FERIMAC XT SYRUP,120ML,0
FER3,FERIMAC XT TABS,10'S,0
FT50,FITCAL TABS,10'S,0
MC45,MACROMIX TABS,10'S,60
JHFKHF,NERVIMAC 3D TAB,1*10,0
NER11,NERVIMAC AMPS,1*2ML,0
NR46,NERVIMAC CAPS,10'S,0
NRV21,NERVIMAC G CAPS,10'S,30
NERT1,NERVIMAC NT TABS,10'S,20
SAR10,SARVAS 20MG TABS,10'S,0
SARV40,SARVAS 40MG TABS,10'S,0
TRYM9,TRYPSIMAC TABS,10'S,0
ULT2,ULTRAMAC TABS,10'S,0
ULT16,ULTRSPAN P TABS,10'S,0
VASA1,VASARTAN H40MG TABS,010'S,0
ALFGSD,ALFA-MAXICAL CAP,10'S,0
BPT,BRUTAFLAM PLUS TAB,1*10,0
KDFJKK,GUT OK TAB,1*10,0
OTO1,OTOSTAR EAR DROPS,10ML,0
MADH1,MADHUCURE JUICE,220GM,0
MADH,MADHUCURE JUICE,500ML,0
ALKA,ALKAMED SYP,100ML,0
GABAB,GABABAC GEL,30GM,3
CELCVH,GUT OK DRY SYP,1*50ML,0
LOOZ4,NERVIMAC LC TAB,1*10,0
UIGGDG,PROLEY-40 TAB,1*10,0
AAFSDA,RACIGYL SB SACHET,1*1GM,0
SM14,SOMPRAZ HP TABS,6'S,0
KJBH,JHHGGGF,1*1,0
KDFJLK,ME 3880B BOTTLE BRUSH,1*1,0
JHFLHH,ME 8480 MITTEN BOOTY SET,1*1,0
DFHLHH,ME 8540 CAP,1*1,0
LKFGLH,ME 8560A CAP MITTEN BOOTY 1*1,,0
HKGKHG,ME AB891MITTEN BOOTY SET,1*1,0
AJFBFF,ME ACV CONDITIONER 250ML,1*1,0
BFG,ME ACV FOAMING FACEWASH,1*1,0
IIU,ME ACV SHAMPOO 250ML,1*1,0
WD,ME AENTAPLLE BW,1*1,0
MJKDHF,ME AFTER BITE ROLL ON,,0
MREJIF,ME ALMOND CONDITIONER,250ML,0
GVGV,ME ALMOND HAIR OIL,150ML,0
MGHBJS,ME ALMOND SHAMPOO,250ML,0
MERJHJ,ME ALOE VERA GEL 300ML,1*1,0
MEFSKD,ME ALOEVERA DAY CREAM,50GM,0
MNAFCC,ME ALOEVERA FACE SERUM,30ML,0
MEKSFD,ME ALOEVERA FACE WASH,100ML,0
MEAJAS,ME ALOEVERA MOISTURISER,80GM,0
AVFDGH,ME ALOEVERA NIGHT CREAM,1*1,0
NCKSJF,ME ANTI INSECT FABRIC,12ML,0
GUYW,ME ANTI MOSQUITO FABRIC,1*1,0
S261,ME APPLE CIDER VENIGAR,1*1,0
MOX3,ME APPLE CIDER VENIGAR,1*1,0
N526,ME APPLE CIDER VENIGAR,200ML,0
HDW,ME AQUA GLOW FACEWASH,1*1,0
MEFJJK,ME ARGAN CONDITIONER,1*250ML,0
UYGUW,ME ARGAN SHAMPOO,1*250ML,0
UYYF,ME AWESOME ORANGE,1*1,0
FVBHRF,ME BABY BATHING BAR,1*1,0
UIU8D,ME BABY BODY WASH 100ML,100ML,0
KHG,ME BABY BODY WASH 200ML,200ML,0
MERNKE,ME BABY BODY WASH 400ML,400ML,0
BFAGJS,ME BABY HAIR OIL 100ML,100ML,0
MEBABU,ME BABY LAUNDRY DETERGENT 200ML,,0
MEJEHJ,ME BABY LIP BALM,4G,0
MERBJS,ME BABY LOTION 400ML,400ML,0
MEBHLO,ME BABY LOTIONS 100ML,100ML,0
MERNSC,ME BABY MILKY SOFT SAMPOO 400ML,,0
MDRFNS,ME BABY MILKY SOFT SOAP,75GM,0
MENDFD,ME BABY ORANGE TOOTHPASTE 50GM,,0
MEJYHJ,ME BABY SHAMPOO 200ML,200ML,0
KJHGG,ME BABY SHAMPOO 400ML,1*400ML,0
MEHGDG,ME BABY TOOTH PASTE,1*50GM,0
MEBADF,ME BATHING BAR 75GM,1*1,0
DRTF,ME BATHING BAR FOR KIDS,1*1,0
ERNDFB,ME BERATH EASYRUB KIDS,1*1,0
YGUYT,ME BERRY BLAST TOOTHPASTE 1*1,,0
SDJDFH,ME BHRINGAMLA CONDITIONER 1*250ML,,0
UGFW,ME BHRINGAMLA SHAMPOO,1*250ML,0
MEHFSH,ME BLACK LONG STAY,1.2GM,0
HGHYI,ME BLUEBERRY BODYWASH,1*1,0
HIHD,ME BLUEBERRY BODYWASH,1*1,0
FHLHGK,ME BREAD OIL ONION 30ML,1*30ML,0
MLHFKF,ME BREAD OIL TEATREE 30ML 1*30ML,,0
KJDGFG,ME BREATH EASY RUB KIDS,1*1,0
KFHHHG,ME BREATH EASY VAPORUB,1*1,0
MERVKJ,ME BYE BYE DARK CIRCLES,20GM,0
MEGSDF,ME C3 FACE MASK,1'S,0
GYTG,ME CASTOR OIL,1*1,0
MEHSDJ,ME CHARCOAL BLACK LONG,35GM,0
UYGUY,ME CHARCOAL BODY WASH,1*300ML,0
TYFD6,ME CHARCOAL FACE SCRUB,1*100ML,0
YTFSD7,ME CHARCOAL FACEWASH,1*100ML,0
MAFJWE,ME CHARCOLAL SOAP,5*75GM,0
S688,ME CHERRY TINTED LIPBALM,,0
JFHHGH,ME CLEANSER 500ML,1*500ML,0
MENMKD,ME COCO BAMBOO SHEET MASK,,0
BFSFYR,ME COCO BODY LOTION,1*1,0
DGDFWU,ME COCO BODYWASH,1*300ML,0
KLJNU;,ME COCO COLD CREAM,200GM,0
JKUO,ME COCO FACESCRUB,1*100GM,0
GUAS,ME COCO FACEWASH 100ML,1*1,0
"NAFGE,",ME COCO SOAP,5*75GM,0
SECD,ME COCO TINTED LIPBALM,,0
SDHGHK,ME COMBO BRUSH,1*1,0
BJHGS7,ME DAILY LOTION,400ML,0
"DM,FBK",ME DAILY LOTION FOR,1*1,0
GJHGTH,ME DEEPLY NOURISHING,1,0
ITG8,ME DUSTING POWDER 150GM,1*1,0
KJFHKJ,ME DUSTING POWDER 300GM,1*300G,0
HGUD,ME DUSTING POWDER FOR,1*1,0
HFHUTW,ME EDP BODY SPRAY ALL,1*1,0
MRHFSC,ME EGG CONDITONER,250ML,0
MEDFHS,ME EGG SHAMPOO250ML,250ML,0
NEMNSJ,ME EYE LINER,3.5ML,0
DKJGKG,ME FEEDING BOTTLES,1*1,0
MEMAHG,ME FOOD FEEDER,1*1,0
UYGUYT,ME FRUIT PUNCH TOOTHPASTE 1*1,,0
SDKLJF,ME GENTLE CLEANSING,1*400ML,0
MEJKJE,ME GLOW CREAM,9GMS,0
MENRDS,ME GLOW SERUM,30ML,0
ANGFHJ,ME GREEN TEA DAY CREAM,1*1,0
HDGSJH,ME GREEN TEA NIGHT CREAM,1*1,0
MRWEFW,ME HENNA CONDITIONER,250ML,0
MEJFCS,ME HENNA HAIR OIL 150ML,150ML,0
MEMRFH,ME HENNA SHAMPOO 200ML,200ML,0
MEHHII,ME HONEY MALAI FAEC WASH,100MLL,0
MEBJKF,ME HYALURONIC BAMBOO,250ML,0
DJHKFG,ME HYDRA GEL 50GM,1*1,0
GBFHJW,ME LASH CARE MASCARA,1*1,0
MNERJJ,ME LAUNDRY DETERGENT LIQ,200ML,0
JIHIH,ME MAJORMANGO BODWASH,1*1,0
HGFD,ME MASSAGE OIL FOR BABIES 1*1,,0
MEEFJG,ME MILK SOFT DAIPER RASH,1*1,0
TYGWTE,ME MILKY SOFT BODY LOTION 1*400ML,,0
MERKWF,ME MILKY SOFT BODY WASH,400ML,0
GHBX,ME MILKY SOFT CREAM FOR,1*1,0
UGUID,ME MILKY SOFT DAIPER RASH 1*1,,0
MAEJKJ,ME MILKY SOFT LIP BALM,1,0
AJKHDJ,ME MILKY SOFT LOTION,1*100ML,0
MEMILU,ME MILKY SOFT NATURAL,4GM,0
MEKJRK,ME MOISTURE MATTE,1,0
DSADAL,ME MOISTURISING BATHING,75,0
JHGUY,ME MOSQUITO BODY ROLL ON,1*1,0
GUJK,ME MOSQUITO REPELLENT,1*1,0
MEJEHF,ME MULTANI METTI FAEC,100GM,0
MKDJIJ,ME NATURAL MOSQUITO,1,0
ASMNVK,ME NATURAL SOAP,5*75GM,0
MENAIV,ME NIACINAMIDE SHEET MASK 1,,0
DHKGFG,ME NIPPLE BUTTER,1*1,0
HGU,ME NOURISING HAIROIL BABY 1*1,,0
RHGFJK,ME OIL FREE FACE WASH,1*100ML,0
JHIHD,ME ONION CONDITIONER,1*1,0
HGDQ,ME ONION HAIR SERUM 100ML 1*1,,0
JHGUYT,ME ONION HAIROIL 150ML,1*1,0
MEONIO,ME ONION SCALP SERUM 50ML 50ML,,0
HIUGH,ME ONION SHAMPOO,1*1,0
JKEHK,ME ORANGE BODYWASH KIDS,1*1,0
FGUGY,ME PLANT MULTIPU CLENCER,1*1,0
MEUBDJ,ME RETINOL BAMBOO SHEET,,0
TUY8,ME RETINOL FACEWASH 100ML 1*1,,0
MEBNJS,ME RICE BAMBOO SHEET MASK,,0
GHFUHD,ME RICE FACE SCRUB,100GM,0
MKERJK,ME RICE FACE SERUM,30ML,0
EFF,ME RICE HAIR OIL 150ML,1*1,0
BFHWTH,ME RICE NIGHT CREAM,1*1,0
JFHBFF,ME RICE WATER CONDITIONER 1*250ML,,0
HDGAF,ME RICE WATER FACE WASH,1*100ML,0
GHVUH,ME RICE WATER SHAMPOO,1*1,0
HIHWD,ME RICH BODY CREAM,1*1,0
MERWHD,ME ROSE BAMBOO SHEETMASK,1,0
MEROS,ME ROSE BODY LOTION,400ML,0
DEX2,ME ROSE TINTED LIPBALM,,0
JWYT,ME ROSEHIP FACE SERUM,1*30ML,0
QWKLUH,ME SHEET MASK MIX,1*1,0
MEFNSC,ME SKIN CORECT FACE SERUM 1,,0
MEBFJH,ME SKIN ILLUMINATING FACE 80GM,,0
MEFJF,ME SKIN ILLUMINATING FACE 1,,0
DERKJD,ME SOOTHING MASSAGE OIL,200ML,0
MEJILU,ME STRECHMARK CREAM,1,0
OIJ9I,ME SUPERSTRAW BODYWASH,1*1,0
MEJFHK,ME TEA TREE CONDITIONER,250ML,0
MEJKFB,ME TEA TREE FACE SCRUB,1,0
SF2IN1,ME TEA TREE FACE SERUM,30ML,0
YUDW,ME TEA TREE FACEWASH,1*1,0
MRHVNB,ME TEA TREE FOAMING FACE,150ML,0
MERBJD,ME TEA TREE MOISTURISER,80GM,0
GDY8,ME TEA TREE SHAMPOO,1*250ML,0
MEHFJG,ME TEA TREE SOAP 5*75GM,5*75GM,0
HHFHJG,ME TEA TREE SPOT GEL,1*1,0
GHF,ME TEATREE BODYWASH,1*300ML,0
JHGH,ME TEATREE HAIR OIL 250ML 1*1,,0
JKIJ,ME TEATREE MASK 100GM,1*1,0
JFHHFF,ME TINTED LIP BALM,1*1,0
HKDGKG,ME TOUNG BRUSH,1*1,0
JLFKLG,ME UBTAN BAMBOO SHEET,1*1,0
MEUBT,ME UBTAN BODY LOTION,400ML,0
VBS,ME UBTAN BODY WASH,1*300ML,0
UKYUTN,ME UBTAN CLENSING MILK,1*100ML,0
MERMFB,ME UBTAN COLD CREAM,200GM,0
MNKHUI,ME UBTAN DAYCREAM,50GM,0
MEUNVB,ME UBTAN FACE SCRUB,100GM,0
GTYJ,ME UBTAN FACEMASK 100ML,1*1,0
UYYWED,ME UBTAN FACEWASH 100ML,1*1,0
GHFWER,ME UBTAN FACIAL KIT,1*1,0
YGUW,ME UBTAN FOAMING FACEWASH 1*1,,0
HFYUSD,ME UBTAN HAIR REMOVEL KIT 1*150GM,,0
MMERRH,ME UBTAN MOISTURISER,80GM,0
MEUBTA,ME UBTAN SHEET MASK,,0
"MD,FJS",ME UBTAN SOAP,5*75GM,0
MGJHSF,ME UBTAN TINTED LIPBALM,,0
GHKLHG,ME ULTRA LIGHT SUNSCREEN,1*1,0
MEVIDF,ME VITAMIN C BAMBOO SHEET,,0
MEDKJS,ME VITAMIN C BODY LOTION,1'S,0
HGD,ME VITAMIN C BODYWASH,1*300ML,0
S1038,ME VITAMIN C COLD CREAM,200GM,0
GDFJES,ME VITAMIN C DAILY GLOW,1*1,0
MNERHK,ME VITAMIN C DAILY GLOW,30ML,0
T7TE,ME VITAMIN C FACE CREAM,1*1,0
UYUYTW,ME VITAMIN C FACE MASK,1*1,0
UIHUI,ME VITAMIN C FACE MILK,1*1,0
MERTFS,ME VITAMIN C FACE WASH,100ML,0
UYGYG,ME VITAMIN C FACESCRUB,1*1,0
BGDASG,ME VITAMIN C FACIAL KIT,1*1,0
HID,ME VITAMIN C FOAMING,1*1,0
KLJHLG,ME VITAMIN C LIP CARE,1*1,0
ME,SGJ ME VITAMIN C SOAP,5*75GM,0
S1079,ME VITAMIN C TINTED,,0
JKDHKG,ME VITAMIN C UNDER EYE,1*20ML,0
JLSDBK,ME WIPES,1*1,0
HYJF,NOURISHING HAIR OIL FOR,1*1,0
JHYUIG,DAPAMADE M,1*10,0
FIX11,FIXTIM 200DT TABS,10'S,0
NER.,NERVITOL SPL SYRUP,450ML,0
NERSYP,NERVITOL SYP,220ML,0
D5779,DOXINATE PLUS TABS,30'S,120
SCC-4,SCC-4 SACHAT,5GM,0
HHYTT,PLACIDA TAB,1*10,0
ABV100,ABEVIA 100MG TAB,1*10,0
AC14,ACCU CHEK GO STERPS,50'S,0
AC11,ACNESTAR 20 CAPS,10'S,0
AHJF,ACNESTAR FACEWASH,50GM,1
ACN1,ACNESTAR GEL,30GM,3
ACNS1,ACNESTAR S SOAP,75GM,0
AC13,ACNESTAR SOAP,75GM,0
AGO2,AGOPOSE TABS,10'S,0
LPOFHH,ALOGRACE CREAM 50GM,1*50G,0
AAOG1,ALOGRACE SOAP,75GM,4
ASKJGD,AMLOKIND 10MG TAB,1*10,0
A1M2,AMLOKIND 2.5 TABS,30'S,510
AMLK,AMLOKIND 5 TABS,15'S,4260
AMLOK,AMLOKIND AT TABS,15 S,5280
A2M2,AMLOKIND H TABS,10'S,0
AKL,AMLOKIND L TABS,10'S,0
AP,1 APTIMUST SYRUP,200ML,5
ARG22,ARGIPREG PLUS SACHAT,10GM,0
ARG11,ARGIPREG SACHET,5GM,18
AR100,ARNISAC 100,14'S,0
AR50,ARNISAC 50,14'S,238
AS14,ASTHAKIND DROPS,15ML,0
GFJHHL,ASTHAKIND DX 60ML SYP,1*60ML,0
AST8,ASTHAKIND DX JUNIOR SYRUP 60ML,,7
AS15,ASTHAKIND DX SYRUP,100ML,44
AS1T,ASTHAKIND P DROPS,15ML,0
ASTHAK,ASTHAKIND PRO SY,100ML,1
AST6,ASTHAKIND SYRUP,60ML,40
AST1,ASTHAKIND SYRUP,100ML,68
ATEK,ATEKIND 50 TABS,14'S,0
BA45,BANDY PLUS SYRUP,10ML,6
BANS,BANDY PLUS TABS,1'S,15
BZN1,BANDY PLUS12 TABS,1'S,0
BAND,BANDY SYRUP,10ML,0
BANDSH,BANDY TAB,1*1,0
BE111,BETAKIND MOUTH WASH,50ML,0
BETA,BETAKIND SYRUP,50ML,0
BIS11,BIGSPAS D INJ,2ML,0
BIF1,BIGSPAS P TABS,10'S,0
BB21,BIOPREG F TABS,10'S,0
BIP1,BIOPREG PLUS CAPS,10'S,0
B1D1,BODY BLAST POWDER,300GM,0
BROM1,BROMENAC EYE DROPS,5ML,0
C1A11,CALAPURE A LOTION,50ML,3
C1F3,CALAPURE A LOTION,100ML,2
233,CALDIKIND CAPS,10'S,0
EGFU2W,CALDIKIND P SYP,200ML,5
CALD1,CALDIKIND PLUS CAPS,10'S,80
CALS1,CALDIKIND SACHET,1.5GM,0
CALL1,CALDIKIND SYRUP,200ML,2
ACALO,CALOSOFT PLUS LOTION,100ML,0
CAD11,CANDIFORCE 100MG CAPS,10'S,60
CAND20,CANDIFORCE 200MG TABS,10'S,120
CANSB,CANDIFORCE SB 130,10'S,30
CEFACA,CEFACLASS 200 TAB,10;S,0
CEFA,CEFAKIND 250MG TAB,10'S,70
CEF500,CEFAKIND 500MG TABS,10'S,0
CV14,CEFAKIND CV 250 TABS,10S,0
INTAGL,CEFAKIND CV 500 TABS,10'S,30
CF21,CEFAKIND SYRUP,30ML,0
CE1000,CEFAKIND XP1000MG INJ,1000MG,0
CEMO,CEMADOL 50 MG TABS,10'S,0
CKJHFH,CHEKFALL F SOLUTUION,1*60ML,0
GGHGHH,CHEKFALL SOLUTION 60ML,1*60ML,0
NHICCO,CHICCO TOOTHPASTE APPLE,50GM,0
CILAH.,CILAHEART 10MG TABS,1*15,45
CUIOHH,CILAHEART 20MG TAB,1*10,0
CILAH,CILAHEART 5MG TABS,10'S,0
CILT,CILAHEART T TABS,10'S,0
KQGWID,CILORY 20MG,10S,0
CLA11,CLARINOVA 250MG TABS,6'S,24
CL511,CLARINOVA 500MG TABS,1*10,20
CLIND1,CLINDATIME 300MG TABS,10'S,0
CLO11,CLONAFIT 0.25MD TABS,10'S,0
CLONAF,CLONAFIT BETA TABS,10'S,30
CLON11,CLONAFIT MD0.5MG TABS,10'S,0
CLONA.,CLONAFIT PLUS TABS,10'S,90
C1L11,CLOPIKIND 75MG TABS,10'S,0
CLOP11,CLOPIKIND AS 75 CAPS,10'S,0
CL32,CLOSATR GM CREAM,15GM,0
C2L4,CLOSTAR GM CREAM,16GM,0
CD22,CODISTAR DX SYRUP,100ML,0
COD60,CODISTAR DX SYRUP,60ML,0
SLJKCF,CODISTAR SYP 100ML,1*100ML,0
CF42,COFSTOP A SYRUP,100ML,12
COLG,COLIGYL DRY SYRUP,30ML,0
HWHH,CORABRAD 5MG TAB,1*15,0
CEFAC,CRFACLASS 200MG TAB,10;S,0
D3M11,D3 MUST 1K TABS,10'S,0
D3M.,D3 MUST 2K TABS,10'S,0
D3M1,D3 MUST 60K TABS,4'S,60
D3M6,D3 MUST DROPS,15ML,9
D3MF9,D3 MUST FORTE DROPS,15ML,5
JHSAJ,D3 MUST NANO ORAL,5ML,0
DALO,DAFFY LOTION,100ML,3
DENT11,DENTAKIND L GUMPAINT,15GM,0
DOL34,DOLOFORCE DT TABS,10'S,170
DOLP,DOLOKIND AA TABS,10'S,0
DJLFJH,DOLOKIND AQ AMP,1*1ML,0
DLG,DOLOKIND GEL,15GM,0
DOL2,DOLOKIND MR TABS,10'S,90
DKPLUS,DOLOKIND PLUS TABS,15'S,360
DLS10,DOLOKIND SPAS TABS,10'S,0
DOLS,DOLOKIND SR TAB,1X10'S,100
DLK,DOLOKIND TABS,10'S,100
DORT,DORTIKIND INJ,1,0
DOXK,DOXYKIND LB CAPS,10'S,120
DROTI,DROTIKIND-M,10'S,0
GFAJBF,DUXEAD 30MG TAB,1*10,0
ASDJKH,DYDROBOON TAB,1*10,50
DYNAD,DYNADUO 10 TAB,10'S,30
DYNAD5,DYNADUO 25 TAB,10'S,50
DYNA1,DYNAGLIPT 20MG TABS,10'S,70
DYNAGL,DYNAGLIPT LM 2.5/1000 TAB 10'S,,30
DYGLMF,DYNAGLIPT M FORTE TABS,10'S,60
DYNA20,DYNAGLIPT M TABS,10'S,200
EEEE,ELECTROKIND APPLE DRINK,200ML,0
EL10,ELECTROKIND L LIQ,100ML,0
ELT1,ELECTROKIND SACHAT,21GM,0
HAKL,EMPAGREAT TRIO 25/1000,10'S,30
EMTR,EMPAGREAT-TRIO 10/1000,10'S,30
ENER2,ENERBLESS CAPS,10'S,0
FENE,ENERBLESS SYP,1,0
ENER1,ENERZOSH TABS,10'S,0
ELPB,EPLEBLESS 25 TAB,10'S,10
EPRP1,EPRIPRIDE CAPS,10'S,0
FREK1,FERIKIND DROPS,15ML,0
UYU,FERIKIND MSYP,170SYP,0
FER11,FERIKIND PLUS INJ,2ML,0
FER5,FERIKIND S100 AMP,5ML,0
FR!4,FERIKIND S50 INJ,2.5ML,0
FR20,FERIKIND SYRUP,150ML,0
FR11,FERIKIND TABS,10'S,0
FEEZ1,FERIKIND Z TABS,10'S,0
FLAT9,FLATUBUST CAPS,10'S,0
FJHJHH,FLOKIND D TAB,1*10,0
FLK12,FLOKIND F TABS,10'S,0
ELB,FLORA BC CAPS,10'S,0
FLOF,FLORA SB SACHETS,1X1GM,0
FLORA.,FLORA ZN SACHET,1GM,0
FLT1,FLOTRIP PLUS CAPS,10'S,0
FLL11,FLOZEN AA TABS,10'S,40
JHFDUI,FLUTIWAYS AZ NASAL SPRAY,1*1,0
FOL36,FOLIMUST D CAPS,10'S,0
FOL11,FOLIMUST TABS,10'S,0
FULA,FULAID PLUS TABS,10'S,0
KSDKGF,FYNAL OZ TAB,1*10,0
GS20,GASTICA DROPS,15ML,0
GATIK,GATIKIND DROPS,5ML,13
GEST19,GESTAFINE 200MG CAPS,10'S,0
GES30,GESTAFINE 300SR TABS,10'S,0
GML1,GLIMESTAR 1 TAB,10S,200
GIL2,GLIMESTAR 2 TAB,10S,70
DFHLHL,GLIMESTAR M 0.5MG TAB,1*10,280
G3M2,GLIMESTAR M1 FORTE TABS,10'S,20
GLM1,GLIMESTAR M1 TAB,15'S,2655
GLM12,GLIMESTAR M2 FORTE TABS,30'S,60
GLM2,GLIMESTAR M2 TAB,15'S,645
GLIM.,GLIMESTAR M3 FORTE TABS,10'S,0
GLIM4,GLIMESTAR M4 FORTE TABS,10'S,20
GP42,GLIMESTAR PM1 TABS,10'S,0
GL2T,GLIMESTAR PM2 TAB,10'S,100
GLI,M3 GLIMESTAR-M3,10'S,0
GL,M4 GLIMESTAR-M4,10'S,0
GLIM4F,GLIMESTAR-M4 FORTE,10'S,0
GL,MV1 GLIMESTAR-MV1,15'S,0
GLIMES,GLIMESTAR-MV2,15'S,0
GLIPTA,GLIPTAGREAT 50,15'S,75
GLIPD1,GLIPTAGREAT D10,10'S,0
GLIPD5,GLIPTAGREAT D5,10'S,0
GLIM10,GLIPTAGREAT M 1000MG,10'S,30
FKJGKG,GLIPTAGREAT M 500MG TAB,1*10,90
GLIPOD,GLIPTAGREAT OD 100MG,10'S,60
GLIDCD,GLIZID M XR 60/500 MG,10'S,30
GLU9,GLUCOMUST M TABS,10'S,0
GLU3,GLUCOMUST PM TABS,10'S,0
GYM,GLYKIND M TAB,10X10S,260
GUD12,GOD SENT TABS,10;S,0
GRAN11,GRANIFORCE SYRUP,10ML,0
FGJLJH,GUDCEF 100 DRY SYP,1*30ML,8
GU10,GUDCEF 100MG TABS,10'S,250
GU20,GUDCEF 200 TABS,10'S,398
GUD11,GUDCEF 50MG TABS,10'S,60
GUD36,GUDCEF AZ TABS,10'S,0
DJFGKG,GUDCEF CV 50 SYP 30ML,1*30ML,2
GUDCV1,GUDCEF CV SYRUP,30ML,6
GU19,GUDCEF CV200 TABS,10'S,640
GD41,GUDCEF DROPS,15ML,1
GD99,GUDCEF DRY SYRUP,30ML,3
GUD.,GUDCEF L TABS,10'S,0
GD,4 GUDCEF PLUS TABS,10'S,160
GUDNF9,GUDLAX NF POWDER,90GM,0
GUDLA,GUDLAX PLUS SY,200ML,6
GU22,GUDLAX PLUS SYRUP,110ML,5
GU36,GUDLEX NF POWDER,90GM,0
GUD,GUDMENSIA TABS,10'S,0
GUDP2,GUDPRES AM50 TABS,10'S,60
GU25,GUDPRES XL25 TABS,10'S,0
GUD1,GUDPRES XL50 TABS,10'S,0
KSDGKF,GUTGERMINA CAP,1*10,30
KJFHJH,GUTGERMINE ORAL LIQUID,,90
DHFJHJ,HAIRBLESS 30S TAB,1*30,0
HAI22,HAIRBLESS LOTION,60ML,0
HA121,HAIRBLESS TABS,10'S,20
HEOK1,HEALOKIND NANO GEL,10GM,4
HELA1,HEALTH OK DROPS,15ML,3
HELTH,HEALTH OK SACHETS,5GM,12
HEAL2,HEALTH OK SYRUP,200ML,0
HEALTH,HEALTH OK TABS,10'S,240
HEOK,HEALTHOK TABS,30'S,5
HERG9,HERGRACE CAPS,15'S,0
HR21,HERPIKIND 400 TABS,10'S,0
HIRP,HERPIKIND 800 MG TABS,10'S,0
HICP,HICOPE 100ML SYRUP,1X100ML,0
HICOPE,HICOPE-25,15'S,0
HZ14,HISTAFREE 120 TABS,10'S,420
HIST,HISTAFREE 180MG TABS,10'S,0
HIST1,HISTAFREE M TABS,10'S,265
HISTS1,HISTAFREE SYRUP,60ML,2
IL11,ILADAY 10MG TABS,10'S,0
ILD54,ILADAY DSR CAPS,10'S,0
IMMU,C IMMU C PLUS,10'S,0
IMUB2,IMUBLESS CAPS,10'S,0
IMUS,IMUBLESS SACHET,1G,0
AAUHFA,INFLACLEAR GEL,1*30GM,0
"INTI,",INTIWASH LIQUID,50ML,3
INT11,INTIWASH LIQUID,100ML,0
UIHGFG,ITRAGREAT 100MG CAP,1*10,0
UIGGHH,ITRAGREAT 200MG TAB,1*10,0
DGFKGK,ITRAGREAT SB 50MG CAP,1*10,0
DSDFGG,JUSTOGZA M 10/1000MG TAB,1*10,0
FFUFK,JUSTOZA 10MG TAB,1*15,0
EHFLHH,JUSTOZA 5MG TAB,1*10,0
JHFHFH,JUSTOZA M 10/500MG TAB,1*15,0
HGGTRR,JUSTOZA M 5/500 TAB,1*10,0
KETOND,KETOSTAR LOTION 50ML,1*50ML,0
KET32,KETOSTAR SOAP,75GM,7
KOF11,KOFKIND SYRUP,60ML,0
LACT9,LACTAWAYS POWDER,200GM,1
LECOPE,LECOPE AD TABS,10'S,90
LEC1,LECOPE M KID TABS,10'S,0
LEC11,LECOPE M TABS,10'S,0
LP49,LECOPE SYRUP,30ML,12
LECO,LECOPE TAB,1X10'S,70
LPK,LIPIKIND 10MG TABS,15'S,405
LIPIKI,LIPIKIND 20MG TAB,10'S,100
JKFJKG,LIPIKIND 40MG TAB,1*10,0
LIPICV,LIPIKIND CV 20 TAB,10'S,90
L0P2,LIPIKIND F TABS,10'S,90
LP16,LIPIKIND PLUS CAPS,15'S,0
HJSFFD,LIPIKIND-AS CAP,1*10,0
LIPP1,LIPIROSE 10MG TABS,10'S,90
LIII,LIPIROSE 20MG TABS,10'S,10
LIP31,LIPIROSE 5MG TABS,10'S,0
LIPIRO,LIPIROSE AS 10,10'S,30
LIF10,LIPIROSE F10 TABS,10'S,0
LIF5,LIPIROSE F5 TABS,10'S,0
LIZ6,LIZOFORCE 600MG TABS,10'S,70
"LI,.",LIZOFORCE I.V,300ML,0
LIZ11,LIZOFORCE SYRUP,30ML,0
L057,LONGIFENE TABS,10'S,0
LONA1,LONGIFINE A SYRUP,200ML,1
LOGN1,LONGIFINE DS SYRUP,200ML,0
LONG1,LONGIFINE DS TABS,10'S,0
LORK1,LORKING P TABS,10'S,0
LOS2,LOSAKIND 25MG TABS,10'S,0
LOS5,LOSAKIND 50MG TABS,10'S,200
LOSH,LOSAKIND H TABS,10'S,170
DHFHGH,LUBIMOIST EYE DROPS,1*10ML,2
HFBKBF,LUBIMOIST ULTRA EYE DROPS 1*1,,0
LB41,LUBISTAR CMC EYE DROP,10ML,0
LUBT1,LULIBRUT CREAM,25GM,0
LUBT10,LULIBRUT CREAM,10GM,0
LYCOS,LYCOSTAR CAP,10'S,0
LY44,LYCOSTAR SYRUP,200ML,0
HKAJHD,MAHACEF 100 SYP 30ML,1*30ML,0
MA1,MAHACEF 100MG TABS,10'S,60
MA20,MAHACEF 200MG TABS,10'S,246
MA400,MAHACEF 400MG TABS,10'S,0
M1H1,MAHACEF 50MG TABS,10'S,0
MAHC,MAHACEF CV 200MG TABS,6'S,48
MAAV1,MAHACEF CV100 TABS,6'S,0
MHM,MAHACEF DROPS,10ML,0
MAHAC,MAHACEF OZ TABS,10'S,50
MH24,MAHACEF PLUS TABS,10'S,220
MH11,MAHACEF PLUS100 TABS,10'S,0
MAS,MAHACEF SB 1.5GM VIAL,1.5GM,0
MAHA,MAHACEF-XL 200 NEW,10'S,30
MAHA.,MAHACORT DZ 12MG,10'S,0
MAHC1,MAHACORT DZ SYRUP,30ML,0
MAH30,MAHACORT DZ30 TABS,10'S,0
MHT6,MAHACORT DZ6 TABS,10'S,30
MAHA1,MAHAFLOX 400MG TABS,5'S,20
MAH3,MAHAFLOX CX200MG TABS,10'S,0
MAHAD,MAHAFLOX D EYE DROPS,5ML,0
MH14,MAHAFLOX EYE DROPS,5ML,1
MAH11,MAHAFLOX INJ,100ML,0
MAHK9,MAHAFLOX KT EYE DROPS,5ML,0
MAHL1,MAHAFLOX LP EYE DROPS,5ML,0
MAHAO,MAHAFLOX ONIT,5GM,6
MA19,MAHAGABA M 75 TABS,10'S,20
HFHFGJ,MAHAGABA NT TAB,1*10,0
MH21,MAHAGESIC MR4 TABS,10'S,0
MHH1,MAHAGESIC MR8MG TABS,10'S,0
MAH21,MAHAGESIC PLUS TABS,10'S,0
MAH1,MAHALEVO TABS,10'S,0
MA100,MAHAPOD 100MG TABS,10'S,0
MAHAP1,MAHAPOD(INTAPOD)200MG,10'S,0
MANF10,MANFORCE 10'S,10'S,0
MANF1,MANFORCE 3'S,3'S,0
MANP9,MANKIND'S PROTEIN POWDER,200GM,0
MAT,MATCH INJ,1,0
MAXC1,MAXICAL HIGH SACHETS,7.25GM,0
MAXI,MAXICAL PLUS TABS,10'S,0
ME1T1,MEFKIND FORTE SYRUP,60ML,0
MEFN1,MEFKIND FORTE TABS,10'S,0
M14,MEFKIND P SYRUP,60ML,0
ME21,MELABEST CREAM,15GM,0
MELO,MELOPRAX 0.50 TAB,10'S,0
MET10,METATIME 1000 XR TAB,10'S,0
META.,METATIME 500 XR TABS,10'S,60
METROK,METROKIND PV OINT,15G,0
896,MIKASTAR 500 INJ,2ML,0
HFKKNG,MOISAWAVE MOISTRIS LOTION 1*250ML,,0
MOMTAS,MOMSTAR CREAM,10MG,0
MOT11,MONTICOPE A TABS,10'S,0
MO\T1,MONTICOPE KID TABS,10'S,0
MONT3,MONTICOPE SYRUP,30ML,4
MONT60,MONTICOPE SYRUP,60ML,6
MN14',MONTICOPE TABS,10'S,140
MOXIF6,MOXIFORCE CV 625MG TABS,10'S,170
MOXCV3,MOXIFORCE-CV 375,10'S,0
MOXI21,MOXIKIND 500MG CAPS,10'S,0
NK56,MOXIKIND CV 1.2 INJ,1.2GM,0
MOX2,MOXIKIND CV 375 TABS,10'S,120
MOX02,MOXIKIND CV FORTE SYRUP,30ML,3
MOXC,MOXIKIND CV-KID TAB,1X6S,0
MOXK1,MOXIKIND CV1000 TABS,6'S,0
MOCV,MOXIKIND CV625 TABS,10'S,290
M1121,MOXIKIND PLUS TABS,10'S,0
MXV,MOXIKIND-CV DRY SYRUP,1X30ML,20
NFC1,NEFACOOL EYE DROPS,10ML,0
NEF20,NEFROZON TABS,10'S,0
NTR1,NITROLONG 2.6 TABS,25'S,6
NI6.4,NITROLONG 6.4 TABS,25'S,0
NOB,NOBEGLAR VAIL,5ML,0
KSDFKG,NOBEGLIZ M XR TAB,1*10,0
NOBMR,NOBEL CREAM,10'G,0
NOG,NOBEL GEL OINT,30GM,6
NOB11,NOBEL PLUS SYRUP,60ML,0
NOBSRF,NOBEL SPAS RF,1,36
NOB1,NOBLOK SYRUP,60ML,0
NB21,NOBLOK TABS,10'S,0
NOS13,NOSCOTUSS SYRUP,100ML,0
NS23,NOSIKIND 0.01% NASAL,10ML,0
NS41,NOSIKIND P NASAL DROP,10ML,0
NUA,NUCOPE AD TAB,1X10'S,0
NUCO,NUCOPE TABS,10'S,0
NU14,NUCORT M16 TABS,10'S,0
NT14,NUCORT M4 TABS,10'S,0
NR14,NUCORT M8 TABS,10'S,0
NUFOR,NUFORCE 150MG TABS,2'S,36
NUFHUN,NUFORCE 200MG TAB,1*2,0
NUFKIT,NUFORCE 3-KIT TABS,3'S,0
NFC,NUFORCE CD CAPS,7'S,0
NIUGFK,NUFORCE CD3 TAB,1*3,0
NU,NUFORCE GM CREAM,15GM,0
NURO,NUFORCE LOTION,50ML,0
NUFO,NUFORCE MOUTH PAINT,15ML,0
NUFP15,NUFORCE PLUS TABS,1'S,0
NUFP,NUFORCE POWDER,1X75GM,1
NUFSHA,NUFORCE SCALPE,50ML,0
NUF11,NUFORCE SOAP,75GM,0
NUFO1,NUFORCE SZ KIT,3'S,0
NUK5,NUROKIND 500MG TABS,10'S,50
NURKA,NUROKIND AMP,1'S,20
NUROK,NUROKIND D3 TABS,10'S,0
NUROF1,NUROKIND FAST STRIPS,1.5MG,0
FDGGGS,NUROKIND FORTE TAB,1*15,15
NUG,NUROKIND G TAB,1X10'S,100
NUR31,NUROKIND G100 TABS,10'S,0
NU,2 NUROKIND GOLD AMPS,2ML,22
.NUROK,NUROKIND GOLD SACHET,5GM,0
NU,1 NUROKIND GOLD TABS,10'S,265
NUR3,NUROKIND LC TABS,15'S,155
NEU11,NUROKIND NEXT CAPS,10'S,30
NUR6,NUROKIND OD INJ,1ML,0
NURK,NUROKIND OD TABS,20'S,20
NUPLUS,NUROKIND PLUS AMPS,1'S,269
NUKP,NUROKIND PLUS TABS,10'S,15
NUTREF,NUROKIND SYP,210ML,0
NRK,NUROKIND Z MORE TAB,10'S,0
NUR1,NUROSTAR C AMP,2ML,0
NU!4,NUROSTAR PLUS INJ,2ML,0
NU44,NUROSTAR TABS,10'S,0
OLN11,OLMETIME 20MG TABS,10'S,80
OLME.,OLMETIME 40MG TABS,10'S,70
OLM011,OLMETIME AM20 TABS,10'S,0
OLMR1,OLMETIME AM40 TABS,10'S,0
OLM366,OLMETIME AMH 20 TABS,10'S,0
OLMETI,OLMETIME CT 20MG TAB,1*10,0
OLMDFH,OLMETIME CT 40MG TAB,1*10,10
OLLL,OLMETIME H 40MG,10'S,40
OLHH1,OLMETIME H20 TABS,10'S,120
OLM,CT OLMETIME-CT 40,10'S,0
OLMEH4,OLMETIME-H40,10'S,0
KJD,ORAHELP GEL,15G,10
ORNG1,ORNIGREAT OINT,10GM,5
ORT21,ORTHOBOON SACHET,12GM,6
ORT1,ORTHOKIND P TABS,10'S,0
ORTH01,ORTHOTRUE CAPS,10'S,0
ORTOFI,OTOCIN C EYE DROPS,1*5ML,6
OTIMFF,OTOCIN D EYE DROPS,1*5ML,0
OT-1,OTOCIN EAR DROPS,5ML,0
OTOCIN,OTOCIN O EAR DROPS,1'S,0
OVMYO9,OVABLESS MYO TABS,1*10'S,60
OVBL1,OVABLESS TABS,10'S,60
"OVA.,",OVAFLO CAPS,10'S,0
OVAS1,OVAFLO SR TABS,7'S,0
OVAP,OVAGRACE PLUS TABS,10'S,0
OVA21,OVAGRACE SACHETS,3GM,0
OVERZ1,OVERZYME SYRUP,100ML,9
PNT,PANTAKIND 40MG TAB,15'S,450
PA11,PANTAKIND DSR CAPS,10'S,22
PANT11,PANTAKIND FLUX TABS,10'S,0
PANK5,PANTAKIND INJ,10ML,310
PANF,PANTAKIND RAFT SY,225ML,5
PAN31,PANTANAM D TABS,10'S,0
PEP,PILOROUTE EP TABS,5'S,20
PILO1,PILORUTE CREAM,30GM,0
PIM1,PIOKIND M 15 TAB,10S,0
PLL13,PLACIDA PLUS TABS,10'S,0
PLAT,PLACIDA TABS,10S,50
PRG0,PREGA NEWS CARD,1'S,240
PSR21,PSORAFUSE OINT,20GM,0
RAB,RABEKIND 20MG TAB,15'S,180
RACP1,RABEKIND CP CAPS,10'S,0
RABE2,RABEKIND DSR CAPS,10'S,40
C4003,RABEKIND PLUS CAPS,10'S,30
RM21,RAMIHART 2.5 CAPS,10'S,0
RM22,RAMIHART 5 CAPS,1*10,90
RAMIH1,RAMIHART H2.5MG TABS,10'S,0
RANIDO,RANIDOM O SUSP,200 ML,5
RNDO,RANIDOM O TABS,10'S,150
RANI,D RANIDOM RAFT,200ML,3
RANID,RANIDOM TABS,20'S,80
RANI,RANIDOM-MPS,170ML,0
RAN2,RANISPAS,20,0
REP12,REHEPTIN CAPS,10'S,40
RSTOP,RIFASTOP 400MG TABS,10'S,0
RL04,ROLITEN OD4MG CAPS,10'S,0
ROSOR,ROSORTHO CAPS,10'S,0
YI,RUPAHIST TABS,10'S,0
ROT11,RUTOHEAL D TABS,10'S,0
TRO13,RUTOHEAL TABS,10'S,0
ASM61,SAMLOKIND AT TABS,10'S,0
SCAB1,SCABELICE LOTION,100ML,0
SCKCBN,SCABELICE SOAP 75GM,1*75GM,0
ACS1,SCAREND GEL,10GM,1
SCAS1,SCAREND SILICONE GEL,10GM,10
SETA9,SERTACREAM CREAM,10GM,0
JLDFHL,SGLTD 10MG TAB,1*10,0
HSDJGG,SGLTD 5MG TAB,1*10,0
BHFGDH,SGLTD S 5/50MG TAB,1*10,0
SDGLM,SGLTD-M 10/1000 TAB,10'S,10
DYYTYY,SGLTD-M 10/500,1*10,60
S10/10,SGLTD-S 10/100 TAB,10'S,30
SLT100,SGLTD-TRIO 1000,10'S,60
SGLTD,SGLTD-TRIO 500,10'S,20
HBDGH,SGLTR V TAB,1*10,0
SIL13,SILVERKIND NANO GEL,10GM,0
SIL36,SILVERKIND NANO GEL,30GM,0
HGSYGW,SITADAY M 500MG TAB,1*15,0
SKINB1,SKINBLESS LITE CREAM,20GM,0
"SOLO,",SOLOPOSE BETAO.5MG TABS,10'S,0
AU005S,SOLOPOSE MD 0.5MG TABS,10'S,0
QWPY0O,SOLOPOSE O.25MD,10*S,0
SOLO1,SOLOPOSE PLUS TABS,10'S,0
SPI11,SPINOBAK 10MG TABS,10'S,0
ASKJSD,STATPURE CV 10MG TAVBB,,0
STAT,STATPURE-10 TAB,1*10,0
JHFSER,STATPURE-A TAB,1*10,0
T98,T98 DROPS,15ML,0
TD98,T98 DS SYRUP,60ML,0
T91,T98 SYRUP,60ML,0
T9811,T98 TABS,10'S,0
TED1,TEDYKOFF LX SYRUP,60ML,0
TL20,TELMIKIND 20MG TABS,10'S,530
TEL1,TELMIKIND 40MG TABS,15'S,330
TE33,TELMIKIND 80MG TABS,10'S,0
TL42],TELMIKIND AM TABS,10'S,410
TEH21,TELMIKIND AMH TABS,10'S,160
TEL32,TELMIKIND BETA 25 TABS,10';S,130
TEB21,TELMIKIND BETA50 TABS,10'S,220
BVFSJG,TELMIKIND CT 40/6.25 TAB,1*10,30
"TELMI,",TELMIKIND CT 40MG TABS,10'S,50
GFKGHL,TELMIKIND CT 80MG TAB,1*10,30
TL00,TELMIKIND H TABS,10'S,240
TL280,TELMIKIND H80 TABS,10'S,210
FGDHKG,TELMIKIND TRIJO 6.25MG,1*10,280
THREEE,TELMIKIND TRIO 12.5MG TAB 1*10'S,,0
.TER1,TERBIFORCE CREAM,10GM,0
TER11,TERBIFORCE PLUS OINT,15GM,0
RUHEFF,TERBINAFORCE 500MG TAB,1*7,7
TR32,TERBINAFORCE CREAM,10GM,4
TERL1,TERBINAFORCE LITE OINT,15GM,0
TERB.,TERBINAFORCE PLUS CREAM,15GM,10
TERDP,TERBINAFORCE POWDER,100GM,0
TR24,TERBINAFORCE TABS,7'S,98
TEXAA,TEXAKIND AMP,5ML,16
TEXA,TEXAKIND BETA 25 TABS,10'S,0
TEXA5,TEXAKIND BETA 50 TABS,10'S,0
TEXM,TEXAKIND MF TAB,1X10S,140
GUF,THERMOKIND ADVANCE PASTE,100GM,6
THE11,THERMOKIND F GEL,50GM,9
THERMO,THERMOKIND F GEL,100G,11
TH44,THERMOKIND M/WASH,100ML,8
THROB1,THROMBOMARK OINT,20GM,8
TH213,THYROBLESS TABS,10'S,0
TB32,TOBASTAR EYE DROPS,5ML,0
DTOF,TOBASTAR F EYEDROPS,5ML,1
TRS11,TORSKIND 10MG TABS,10'S,0
TOTPL1,TOTAGLIPT M FORTE TABS,10'S,0
TOTA1,TOTAGLIPT M TABS,10'S,0
TRA12,TRAMASURE PLUS TABS,10'S,0
TRAM,TRAMASURE-100,1,0
T1R1,TRIGLIMESTAR 1MG TABS,10'S,0
TRI11,TRIGLIMESTAR 2 TABS,10'S,0
UBNX9,UBINEXT LC TABS,10'S,0
UN1,UNWANTED TABS,1'S,0
UNW1,UNWANTED-21 TABS,21'S,0
U1R1,URIKIND K SYRUP,100ML,20
UR111,URIKIND KM SACHETS,6GM,10
UR21,URIKIND TABS,10'S,0
SDKFKH,UV SMART MATTI GEL 50GM,1*50G,0
SDKJLH,UV SMART SUNSCREEN GEL,1*50GM,0
UBBVBV,UVSMART MATTI SUNSCREEN,1*50GM,0
SDJKFK,UVSMART SUNSCREEN LOTION,1*50ML,0
VENT11,VENTIDOX 400MG TABS,10'S,0
VENTB1,VENTIDOX BRO TABS,10'S,0
VENTI.,VENTIDOX DL TABS,10'S,0
VENT1,VENTIDOX M CAPS,10'S,190
"VER,MA",VERMACT 12MG,10'S,60
VER11,VERMACT 3 TABS,1'S,0
VRS,VERTISTAR 8 TABS,10'S,0
VRT14,VERTISTAR MD16 TABS,10'S,30
VERTMD,VERTISTAR-MD24,10'S,0
VITG1,VITAGREAT TABS,10'S,0
VT31,VITAKIND I CAPS,10'S,0
VIT12,VITAKIND ZIT TABS,10'S,0
VT43,VITAMIN C AMP,1ML,0
VOGL.,VOGLISTAR GM1 TABS,10'S,45
VOG9,VOGLISTAR GM2 TABS,10'S,0
VOG31,VOGLISTAR MD 0.2MG TABS,10'S,0
VOG32,VOGLISTAR MD 0.3MG TABS,10'S,0
VOGP1,VOGLISTAR PLUS 0.2 TABS,10'S,0
VOMI1,VOMIKIND FAST SACHETS,1'S,12
VOM23,VOMIKIND INJ,10ML,0
VKD,VOMIKIND INJ 2ML,2ML,735
VO4,VOMIKIND MD4 TAB,10X10S,300
VMK,VOMIKIND SYRUP,30ML,28
VOMI.,VOMILAST OD TABS,10'S,0
VM01,VOMILAST TABS,10'S,0
VONA,VONALONG-10MG TAB,10;S,30
VONAL,VONALONG-20MG TAB,10'S,100
ZADY,ZADY 500 TAB,5'S,155
Z1D1,ZADY SYRUP,15ML,0
ZADY2,ZADY-250MG TABS,10'S,114
ZEN11,ZENFLOX NT TABS,10'S,0
ZENF,ZENFLOX 100MG TABS,10'S,0
ZEN200,ZENFLOX 200MG TABS,10'S,110
ZEN400,ZENFLOX 400MG TABS,10'S,0
ZENFLO,ZENFLOX EYE DROPS,1'S,18
ZIV,ZENFLOX IV,100ML,0
ZEN31,ZENFLOX OZ IV,100ML,0
ZOZ,ZENFLOX OZ SYRUP,30ML,0
ZE0,ZENFLOX OZ TAB,1X10S,230
ZENOZ,ZENFLOX PLUS TABS,10'S,124
ZS,ZENFLOX SYRUP,60ML,11
FZEN,ZENFLOX UTI TABS,10'S,90
ZENOS,ZENOTIN SYRUP,30ML,0
ZER3,ZEROFAT 120 CAPS,10'S,0
ZR1,ZEROFAT 60MG CAPS,010'S,0
ZER1,ZEROFAT A SACHATES,5GM,0
ZER13,ZEROFAT A TABS,10'S,0
ZERN2,ZEROFAT NEXT CAPS,10'S,0
ZER69,ZEROGRAIN 10MG TABS,10'S,110
ZERO.,ZEROGRAIN PLUS TABS,10'S,150
ZES4,ZESTABOLIN 50MG INJ,1ML,0
ZINC,ZINCOLIFE PLUS SACHET,1'S,0
Z1L1,ZINCOLIFE SYRUP,50ML,0
ZOL,40 ZOLAHART 40 TAB,10'S,0
ZOL,80 ZOLAHART 80 TAB'S,10'S,0
ZXOX1,ZOXAKIND O SYRUP,30ML,0
JDKSBD,ZUKANORM 50MG TAB,1*10,0
SGFKNS,ZUKANORM D 10MG TAB,1*10,0
SJHFBS,ZUKANORM M 500MG TAB,20'S,60
A905,AMIT 10MG TABS,10'S,0
A4706,AMIT 25MG TABS,10`S,0
A873,AMLO 10MG TABS,10'S,0
A871,AMLO 5MG TABS,10'S,0
A766,AMLO AT TABS,10'S,0
BENF,BENFAGE FORTE CAP,1X10'S,0
BMN1,BENFO FORTE CAPS,10'S,0
BENOF,BENFO PLUS TAB,10'S,0
B549,BENFORMIN TABS,10'S,0
C1207,CLAFORMIN HS TABS,10'S,0
CO10,COSANOL-10 TAB,10S,0
D383,DINE 2.5MG TABS,10`S,0
D385,DOTH 25MG TABS,10`S,0
D382,DOTH 50MG TABS,10`S,0
D639,DOTH 75MG TABS,10'S,0
EA5,ESAMLO 5 TABS,10'S,0
FIB16,FIBROFEN TABS,10'S,0
F580,FLUGRAINE 10MG TABS,10`S,0
G1003,GLICLA 40MG TAB,10'S,0
GLP,GLIMTIDE PLUS TABS,10'S,0
G1005,GREG SR 1000MG TAB,10'S,0
G378,GREG SR 500MG TABS,10'S,0
D1F2,IDEOX TABS,10'S,0
INDASR,INDAP SR 1.5MG TABS,10'S,0
L1060,LOL SR 40MG CAPS,10'S,0
L483,LOSAVAS 25MG TABS,10'S,0
M375,MANOCALM PLUS TABS,10`S,0
M783,MANOHEXY TABS,10'S,0
M369,MANOPROLOL 20MG TABS,10`S,0
MEFC,MENOFIT TAB,1X10'S,0
ME2,METO ER 25MG TABS,10'S,0
ME5,METO ER 50MG TABS,10'S,0
MOBIUM,MOBIUM CAPS,10'S,0
OL,1 OLSAVAS 20MG TABS,10';S,0
OLS3,OLSAVAS 3 TABS,10'S,0
OL2V1,OLSAVAS 40MG TABS,10'S,0
O2L1,OLSAVAS AM TABS,10'S,0
P1380,PIDLET 75MG TAB,10'S,0
PIDLP,PIDLET PLUS TABS,10'S,0
PIOC15,PIOCON 15MG TABS,10'S,0
R674,RISCALM FORTE TABS,10'S,0
RISLS,RISCLAM LS TABS,10'S,0
R676,RISCLAM PLUS TABS,10`S,0
T6,TAZ SR 60MG TABS,10'S,0
TL44,TELMIVAS 20 TABS,10'S,0
TL45,TELMIVAS 40 TABS,10'S,0
TEL21,TELMIVAS 80MG TABS,10'S,0
TER19,TERCIN WHP POWDER,10GM,0
CYPT1,CYPTAL SYRUP,200ML,0
MT,2 METAGLIM 1MG TABS,10'S,0
MT,1 METAGLIM 2MG TABS,10'S,0
MTCP50,MITCOLIN P TABS,10'S,0
SJKDDG,TELMICO 40MG TAB,1*10,0
LHHHKF,TELMICO AM TAB,1*10,0
TEL,TELMISURE AM TAB,10,0
AN43,ANGIOTEL 40 TABS,10'S,0
ANG1,ANGIOTEL A TABS,10'S,0
CIZ11,CIZIPAM 0.25MM TABS,10'S,0
COF/1,COFORMIN 1MG TAB'S,10'S,0
CO41,COFORMIN 2MG TABS,10'S,0
GABAM9,GABAMA M TABS,10'S,0
GAN,GABAMA NT TAB,10,0
HT,1 HOCET ASR TABS,10'S,0
LDL1,LDLOW 10MG TABS,10'S,0
LDL20,LDLOW 20MG TABS,10'S,0
LDLTG,LDLOW TG TAB,10'S,0
MMMA1,MANSAZOL D CAPS,10'S,0
RJ111,REJUNET CAPS,10'S,0
RJ10,REJUNET OD TABS,10'S,0
RRD1,REMOOD PLUS TABS,10'S,0
TM4,TRAMOFAST TABS,10'S,0
D709,DROTIN AMP,2ML,18
D547,DROTIN TABS,1*15,64
H357,HAIR & CARE OIL,50ML,0
MED,MEDIKER OIL,25ML,0
MEDIK,MEDIKER OIL,50ML,0
IGWL1,I-GLOW LITE SOAP,75GM,0
ISP11,ISOPRIME CAPS,10'S,0
LV45,LIVOGEN XT TABS,10'S,50
M692,MELASCREEN BIG LOTION,100ML,0
M872,MELASCREEN CREAM,1X70G,0
M815,MOISDER CREAM,40GM,0
MOS,MOISTDER LOTION,50GM,0
N425,NEUROBION PLUS TABS,10'S,140
AZAC,AZAC SOAPS,75GM,0
D211,DANKARE PLUS SCALP,100ML,0
D641,DANKARE SHAMPOO,100ML,0
G191,GLYSEB SOAP,100GM,0
M212,MARK CALAMINE,60ML,0
M876,MARKAL CALAMINE LOTION,60ML,0
M627,MELASCREEN LOTION,50ML,0
OLM14,OLMIGHTY 20 TABS,10'S,0
OLM15,OLMIGHTY 40MG TABS,10'S,0
OLM/H,OLMIGHTY H 20 TAB'S,10'S,0
P1350,PSCAB SOAP,75GM,0
W67,WHIT CARE OINT,25GM,0
QGGFWI,FLUTISONE CREAM,1,0
JSYYU,HMC ISO 10 TAB,1*10,0
B505,BICIL TABS,10'S,0
D5653,BP MANNUAL DIAMOND,1*1,0
COBO,COBAL OD TABS,10'S,0
COBA9,COBALGIN PG TABS,10'S,0
D5781,DM P3 SYRUP,60ML,0
D616,DM SYRUP,60ML,0
D723,DMX EXP SYRUP,100ML,5
F392,FOLACIN TABS,10`S,0
OXYP,OXYPUR 400MG TABS,10'S,10
SER20,SERAX 20MG TABS,10'S,0
SXD,SERAX D TABS,10'S,0
S664,SERAX FORTE TABS,10'S,0
S802,SERAX TABS,10'S,0
V320,VITCON FORTE TABS,10`S,0
DROT,DROTIN 100ML SYRUP,1S,0
URHASN,URILISER 200ML SYP,1*200ML,5
QWUDYH,MYLAMIN GOLD CAP,15*S,0
CALO,CALCIMAX OP CAP,1X15S,0
BENWIN,BENFOWIN,10'S,10
CALM9,CALCIDOL M TABS,10'S,0
CAL500,CALCIDOL TABS,10'S,0
FEX11,FERRIBLAZE XT TABS,10'S,0
GINCO9,GINCO PLUS CAPS,10'S,0
GLIM1F,GLIMZOX M1 FORTE TABS,10'S,0
GLMZ1,GLIMZOX M1 TABS,10'S,0
GZMF2,GLIMZOX M2 FORTE TABS,10'S,0
GLMZ2,GLIMZOX M2 TABS,10'S,0
GLIZ1,GLIMZOX MV1 TABS,10'S,150
GLIMV2,GLIMZOX MV2 TABS,10'S,0
DJHFBG,GNM 2 FORTE TAB,1*10,0
IBRALY,LYCOFAST CAPS,10'S,30
OLMM20,OLMISET 20MG TABS,10'S,0
OUTGFI,OLMIZET 20H TAB,1*10,0
KBWSDK,OLMIZET 40 TAB,1*10,0
JHVQWY,OLMIZET 40H TAB,1*10,0
ASFKLJ,OLMIZET 40MG TAB,1*10,0
OXYB1,OXYBLAZE CAPS,10'S,0
OXYG1,OXYBLAZE G TABS,10'S,0
DLFHHF,OXYBLAZE GN TAB,1*10,0
OXYB9,OXYBLAZE INJ,2ML,0
OX123,OXYBLAZE P TABS,10'S,0
GFGGKG,OXYBLAZE PLUS TAB,1*10,0
OXYPN,OXYBLAZE PN TAB,10S,0
PROT9,PROTIBAC B POWDER,200GM,0
PROTD1,PROTIBAC D POWDER,200GM,0
KLGRMA,RMAX CV TAB,10'S,0
TEL3D,TELNOX 3D TABS,10'S,0
TELL40,TELNOX 40MG TABS,10'S,0
TELAM9,TELNOX AM TABS,10'S,0
DJFHHF,TELNOX CT TAB,1*10,0
TELN1,TELNOX H40 TABS,10'S,0
TELM25,TELNOX M25MG TABS,10'S,0
TEM050,TELNOX M50MG TABS,10'S,0
TELNAO,TELNOX MAX,10'S,40
DSHGFH,TENDOZOX TAB,1*15,0
TRII,TRIZET 20H,10'S,20
WOMERA,WOMAN ERA,10'S,0
XYCV2,XYLOPOD CV TABS,10'S,0
ZYB9,ZYBACT CAPS,10'S,0
HFDKGG,G-FIT FORTE TAB,1*10,0
MC2,' MACVITAL CAPS,10'S,0
JIFUII,NUTRICAP H TAB,1*15,0
EHJHKR,PHYTORAL TAB,1*10,0
OGUWOF,DICLOBENZ GEL,30GM,0
ASADA,MACGEST SR 200 TAB,1*10,0
MACL1,MACSART CL TABS,10'S,0
RABE,RABEMAC MPS SYP,200ML,1
SOLL,SOLOLUKAST-L,10'S,0
QWYTRG,CDSTAT 10MG TAB,1*10,0
CNDJOL,CNBETA TAB,1*15,0
UYRAU6,KETOMED SOAP,1*1,0
FDFJHF,NERVITIN QC TAB,1*10,0
ACNAY,ACNAY GEL OINTMENT,10GM,10
ACWS,ACNEREX FACEWASH,1*75,0
ACNS,ACNEREX SOAP,75GM,2
AND11,ANDROMIN 2% LOTION,100ML,0
ADN5,ANDROMIN 5% LOTION,60ML,0
AAD11,ANDROMIN TABS,10'S,0
AA321,ARGIGEST SACHETS,6GM,0
BILAJD,BILAHIST 40MG TAB,1*10,0
KJDDGF,BILAHIST M TAB,1*10,0
HTKT,BILAHIST TAB,1*10,0
SKJHFF,BILAMED M TAB,1*10,0
OL110,BIOFOL TABS,10'S,0
BUIOFH,BIOFOL Z TAB,1*10,0
BDFAFA,C BEST SUPPISOTORY,1*1,0
CAL13,CALORA LOTION,60ML,3
CAL3,CALORA LOTION,100ML,0
CARM2,CARMOPEPTIN DROPS,15ML,0
CARM6,CARMOPEPTIN SYRUP,100ML,0
CEFO-D,CEFO-DS 1.5G AMP,1*1,0
DCLJVC,CILORY 10MG TAB,1*15,0
CILSHF,CILORY 5MG TAB,1*15,0
DSKJFG,DAPANOVA 10MG TAB,15,0
HGWYR,DAPANOVA M 10/500 TAB,1*15,0
DENTG,DENTACAIN GEL,10GM,0
DESE,DESENSE SMALL TOOTHPASTE,100GM,0
EDMDHD,EBERMED 1% CREAM,1*30GM,1
DKJFHK,ETAN G CREAM 20GM,1*20G,0
FENUGB,FEBUGENIX 40MG TAB,10'S,0
DCJKHD,FOLICAN GOLD TAB,1*10,0
GAMA,GAMAMED SOAP,75GM,2
GLU31,GLUTANASE SYRUP,200ML,0
GLUT1,GLUTANASE TABS,10'S,0
JFHHHH,GLYMED BODY WASH,1*1,0
GLYD1,GLYMED DEW SOAP,100GM,0
GLYG1,GLYMED GLO SOAP,100GM,0
GLYM9,GLYMED LOTION,100ML;,0
GLYMED,GLYMED SOAP,75GM,4
DGFKLH,GOFULL 200ML SYP,1*200ML,0
JLBBJJ,IVERMAXX 12MG TAB,1*10,0
KETO4S,KETO 4S CREAM,15GM,6
KT22,KETO AZ SOLUTION,75ML,1
KE,KETO B CREAM,10 GM,19
JFHLKH,KETO B LOTION 15ML,1*15ML,0
KEC,KETO CREAM,30GM,7
KETG1,KETO GOLD SOAP,100GM,0
KET2,KETO LOTION,50ML,1
KT44,KETO SOAP,50GM,22
LHGGGH,KETO SZ HAIR SERUM,1*120ML,0
KB10\,KOJIMED CREAM,15GM,1
FJKHFG,KOJIMED ULTRA CREAM,1*20GM,0
KUF11,KUFRIL C SYRUP,60ML,0
KF14,KUFRIL D SYRUP,100ML,0
KU6,KUFRIL EXPE 60ML,1X60ML,0
KUD,KUFRIL LS DROPS,15ML,12
KUF1,KUFRIL LS SYRUP,100ML,4
KU,KUFRIL SYRUP,100ML,0
MNU14,M NEURON FORTE TABS,10'S,0
MNS,M NEURON SYRUP,120ML,0
MDL1,MEDICLIN SOAP,75GM,0
MELAN,MELAN TAB,10'S,0
MENO9,MENOHELP SYRUP,300ML,0
NAP11,NAPIGARD CREAM,15GM,2
NAPI1,NAPIGARD POWDER,50GM,0
NEPHR,NEPHRO MV CAP,10'S,0
NS44,NICECAL TABS,10'S,0
DGHGGG,O2 M SYP,1*30ML,0
OVA32,OVAFORCE CAPS,15'S,0
OVI21,OVIDUCT NC DS TABS,30'S,0
OVID1,OVIDUCT NC TABS,48'S,0
PA125,PARAWEL 125 SYRUP,60ML,0
PAR1,PARAWEL 250 SYRUP,60ML,0
PAR21,PARAWEL DROPS,15ML,0
PA33,PARAWEL TABS,10'S,0
PER1,P PERMED GEL,30GM,0
PFUYGH,PERMED SOAP 75GM,,0
PH14,PHYLLOCONTIN 350 TABS,10'S,0
POV31,POVIMED S OINT,15GM,0
DHGKLK,PSORALYS OINT 20GM,1*20GM,0
RB102,RABNOR D CAPS,10'S,0
RB210,RABNOR O TABS,10'S,0
REP11,RAPEED D CAPS,10'S,0
QGWDIO,RIFAXIGYL M TAB,10*S,30
RODJDK,ROSUNOVA CV 10MG TAB,1*10,0
LGHLHG,ROSUNOVA PLUS TAB,1*10,0
BFHMSF,ROSVIN 10MG TAB,1*10,0
S759,SENSOKARE F BIG,100GM,0
S758,SENSOKARE F SMALL,50GM,0
S1037,SKINN C SOAP,75GMS,2
SPT1,SPUTNIL SYRUP,100ML,0
TEDI9,TEDISOFT SOAP,75GM,0
TRICHO,TRICHOTON AT TABS,10'S,0
TR51,TRICHOTON FORTE TABS,10'S,0
.TRI,TRICHOTON M SOLUTION,60ML,0
TR49,TRICHOTON SYRUP,100ML,0
TRUKIH,TRICHOTON TAB,10'S,0
TCT,TRICHOTON TABS,10;S,0
TRIJJH,TRICILORY 50MG TAB,10'S,0
T137,TRU HAIR OIL,100ML,0
TUS1,TUSCOLD AF DROPS,15ML,0
TUC1,TUSCOLD SYRUP,60ML,0
TUS11,TUSCOLD TABS,10'S,0
VAL211,VALMED 300MG TABS,10'S,0
VA500,VALMED 500 TAB'S,10,0
XPCOS,XPCOS SACHET,5GM,0
ZIS,ZINCOLD 60ML SYRUP,1X60ML,0
DKSGFK,ZINCOLD AF DROPS,1*15ML,0
ZN10,ZINCOLD DROPS,15ML,0
ITG789,ZINCOLD JR TAB,1*10,0
ZNI1,ZINCOLD LP TABS,10'S,0
ZN214,ZINCOLD PD DROP,15ML,0
Z2N4,ZINCOLD PD SYRUP,60ML,0
ZINCP1,ZINCOLD PLUS SYRUP,60ML,0
SDHGKG,ZINCOLD PLUS TAB,1*10,0
ZINCT,ZINCOLD TABS,15'S,0
ZIF,ZINOFIL FORTE,1X10S,0
ZF,ZINOFIL TABS,10'S,0
KHGSDK,NEP LP TAB,1*10,0
NEPH9,NEPHRO FE TABS,15'S,0
SDAJFH,PANTOCAID DSR CAP,1*10,0
PBFHDF,PB GENIX CAP,1*10,0
ELJNFG,PREGANIX 25MG TAB,1*10,0
HHGHDE,PREGANIX-50MG TAB,1*10,0
SEV400,SEVANIX 400MG TABS,10'S,0
SEVAN8,SEVANIX 800MG TABS,10'S,0
SOBINE,SOBINIX DS TAB,15'S,0
DFJJGG,SOBINIX TAB,1*15,0
GJFHGN,TOLVANIX 15MG TAB,1*4,0
BB41,BIOZEP FORTE TABS,10'S,0
BB43,BIOZEP PLUS TABS,10'S,0
CALOR,CALORA LOTION 60ML,1,0
QSDGXI,DAPAFIT 10MG,10*S,0
CVHGJK,G FIT M2 TAB,1*10,0
FJJFFG,INERVE OD TAB,1*10,0
MED301,MEDI TAPE 310,1INCH,0
NOVO,NOVONERVE PLUS,10;S,0
ATCD20,ATORCAID 20MG TABS,10'S,0
ATODF9,ATORCAID F TABS,10'S,0
C404,CITRO SODA PWD,1'S,0
ETN,ETICAID BETA 0.5 TAB,10'S,20
EOJEHE,ETICAID PLUS 5MG TAB,1*10,0
GLIM9,GLIMECAID M1 FORTE TABS,10'S,0
GLIMD1,GLIMECAID M1 TABS,1*15,0
GLIMC1,GLIMECAID M2 FORTE TABS,10'S,0
GGLIM2,GLIMECAID M2 TAB,1*15,0
MSTR1,M STRENGTH CAPS,10'S,20
OLME20,OLMECAID 20MG TABS,10'S,0
OLMC40,OLMECAID 40MG TABS,10'S,0
OLMH20,OLMECAID H20MG TABS,10'S,0
OLCH40,OLMECAID H40MG TABS,10'S,0
RAC20,RABECAID 20MG TABS,10'S,0
RACD20,RABECAID DSR CAPS,10'S,0
GHKDFG,TELMECAID 40MG TAB,1*10,0
CERCAL,COMFORT CERVICAL COLLAR,SMALL,0
CERCOM,COMFORT CERVICAL COLLAR,MEDIUM,0
JOYW9,JOYWELL CAPS,10'S,0
MECOL9,MECOLIFE AMPS,1ML,0
MEDK9,MEDIKAST LC TABS,10'S,0
NEUP75,NEURO PM75MG CAPS,10'S,0
TERR1,TERIPRESS INJ,10ML,0
ATR9,ATORBAY 10MG TABS,10'S,0
AATF1,ATORICA F TABS,10'S,0
BEF1,BENFODAY TABS,15'S,0
CAL31,CALCICRON PLUS TABS,10'S,0
CLOP1,CLOPISURE 75MG TABS,10'S,0
GLE2,GLIMITONE M1 FORTE TABS,10'S,0
GLR13,GLIMITONE M1 TABS,10'S,0
GLE1,GLIMITONE M2 FORTE TABS,10'S,0
GL0M2,GLIMITONE M2 TABS,1*15,0
GLIMIT,GLIMITONE M3 TAB,15'S,0
GLP11,GLIMITONE MP1 TABS,10'S,0
GLP32,GLIMITONE MP2 TABS,10'S,0
GLIV02,GLIMITONE MV1 0.2MG TABS,10'S,0
GLIM02,GLIMITONE MV2 0.2MG TABS,10'S,0
GLIV03,GLIMITONE MV2 0.3MG TABS,10'S,0
MACXT9,MACROFER XT CAPS,10'S,0
MACVP9,MACRONERV PLUS CAPS,10'S,0
MED96,MEDIFER XT TABS,10'S,0
MED31,MEDINERV PG CAPS,10'S,0
MD2S,MEDINERV TABS,10'S,0
RAD1,RAM DSR CAPS,15'S,0
TES3,TELMISURE 40MG TABS,10S,0
TE80,TELMISURE 80MG TABS,10'S,0
TELH80,TELMISURE H 80 TAB,10,0
TLSH,TELMISURE H TABS,10'S,0
TEL63,TELMISURE MT TABS,10'S,0
M448,MEDIFLON 16,1'S,0
M449,MEDIFLON 18,1'S,0
M451,MEDIFLON 22,1'S,0
C666,NITROBACT 100 CAP,1*10,180
KTYEER,TEXAKIND TABS,1*10,70
GU,DABUR GULABARI 120ML,120ML,0
DAB,DABUR SAT ISABGOL 100GM,1,0
DAB1,DABUR SAT ISABGOL 200GM,1,0
DAB3,DABUR SAT ISABGOL 50GM,1,0
LEN60K,LENTECAL 60K TABS,4'S,0
LATK2,LENTECAL K2 TABS,10'S,0
ND3,NERVITIN D3 TAB,10,0
TELMED,TELMED AH TABS,"10,S",0
ACEN.,ACENAC MR TABS,10'S,50
ACNACP,ACENAC P TAB,1*15,110
KDGHHK,ANXIPAN CAP,1*10,0
1ATR1,ATORBEST 10MG TABS,10'S,0
BETAGD,BETABEST AM 25MG TAB,1*10,0
BETT1,BETABEST AM50 TABS,10'S,0
BT12,BETABEST XL 25 TABS,10'S,0
BM14,BETABEST XL 50 TABS,10'S,0
B1411,BPX MONITOR ROMSONS,1'S,0
CE111,CEFX-O-CLAV TABS,6'S,0
CDP,CILDIP 10MG TAB,1*10,0
CDP3,CILDIP 3D,10,0
CIDP5,CILDIP 5MG TABS,10'S,0
CITIM1,CITIMED PR TABS,10'S,0
CF10,COFSTOP Z SYRUP,100ML,0
DSFJHV,CONJOINT TAB,1*10,0
DOS1,D-SOL 60K SACHET,1GM,0
DOMF,DOMPAN FORTE TAB,10'S,0
DOMP1,DOMPAN SR TABS,10'S,0
DOM,DOMPAN TABS,10'S,0
EE102,EEZFLAM D TABS,10'S,0
EVQ1,EVA Q SYRUP,100ML,0
EVAQ2,EVA Q SYRUP,200ML,0
GEEDGG,GEPRIDE M 0.5 MG TAB,1*10,0
GE1F1,GEPRIDE M1 FORTE TABS,10'S,0
GP10,GEPRIDE M1 TABS,10'S,0
GEPRI,GEPRIDE M2 FORTE TABS,10'S,0
GEP,GEPRIDE M2 TABS,10'S,0
GES16,GESTACAL TABS,10'S,0
GLYT9,GLYTRIN 20MG TABS,10'S,0
GHGJKJ,GLYTRIN MET 1000MG TAB,1*10,0
GLYM1,GLYTRIN MET TABS,10'S,0
GJLJKH,GLYTRIN TAB,1*10,0
HBK2,HBRAN TABS,10'S,0
ITRSAW,ITRATEK 100MG TAB,10'S,0
ITRABN,ITRATEK 200MG TAB,10'S,0
KETT9,KETOTRAM TABS,10'S,50
LEX1,LEXICAM PLUS TABS,10'S,0
LOR31,LOREX P TABS,10'S,0
BJHJF,MECOBION-NP TAB,1*10,0
MEC3,MECOBIONE OD CAPS,10'S,0
M823,MINOGEN DROPS,15ML,0
MOT9,MOTINORM ORAL DROPS,15ML,2
NORTI,NORTIPAN DM TAB,10;S,0
NORTM,NORTIPAN M TABS,10'S,60
NORT9,NORTIPAN TABS,10'S,10
NUK11,NUKALSIN SACHET,1GM,0
KJFKGG,O2 BACT 5GM CREAM,1*5GM,0
FJKGDG,O2 DERM CREAM 15GM,1*15G,0
O,O2 SYRUP,30ML,0
O2-,O2 TAB,"10,S",50
ADGK;D,OMEN 20MG TAB,1*10,0
OMDJKB,OMEN CDP 20MG TAB,1*10,0
IOPSDK,OMEN CDP 40MG TAB,1*10,0
BHDFFE,ONCET 3D TAB,1*10,0
ONCCF,ONCET CF TABS,10'S,160
OST11,OSTIUM K2 KIT TABS,30'S,0
OST19,OSTIUM K2 TABS,15'S,0
OST2F,OSTIUM K2FORTE TABS,15'S,0
RBTO,R.B.TONE DROPS,15ML,0
R176,RB TONE CAPS,1*15`S,450
RBT,RB TONE INJ,1,0
JKFKGJ,RB TONE KID SYP 100ML,1*100ML,0
R177,RB TONE SYP.,1*200ML,6
RBX,RB TONE XT CAP,10'S,0
RPSJFM,ROSVIN CV 10 TAB,1*10,0
ERIHLF,ROSVIN F TAB,1*10,0
AHFHKB,ROSVIN GOLD 10MG TAB,1*10,0
ST1F,SEMI TRIGEM 1FORTE TABS,10'S,0
SETR1,SEMI TRIGEM 1MG TABS,10'S,0
ST2F,SEMI TRIGEM 2FORTE TABS,10'S,0
SUND3,SUNDE 60K CAPS,4'S,0
TELD20,TELMED 20MG TABS,10'S,0
TEL49,TELMED 40MG TABS,10'S,0
TEKLED,TELMED AH 80MG TAB,1*10,0
TEM3,TELMED AM TABS,10'S,0
TELM11,TELMED H TABS,10'S,0
TRG31,TRIGEM 1MG TABS,10'S,0
TRIG.,TRIGEM 2MG TABS,10'S,0
TRI/SY,TRISOLIV SYRUP,1'S,0
VNLSNN,VIDAGLO M 50/500MG TAB,1*10,0
VOC11,VOCETIN XP TABS,10'S,0
3VOG02,VOGLI 0.2MG TABS,10'S,0
VOG33,VOGLI 0.3 TABS,10'S,0
VOGG1,VOGLI GM1 TABS,10'S,0
VOGM2,VOGLI M 0.2MG TABS,10'S,0
VOG3,VOGLI M0.3 TABS,10'S,0
VCJNVJ,VOGLI RAPID 0.3/0.5 TAB,1*10,0
CVBKGH,VOGLI RAPID 0.3/2.0MG TAB 1*10,,0
VOGT1,VOGLI TRIO 0.2MG TABS,10'S,0
VOGT3,VOGLI TRIO 0.3MG TABS,10'S,0
XTA22,XTAZ 10MG TABS,10'S,0
X013,XYMEX DROPS,15ML,0
X014,XYMEX SYP.,200ML,19
ATOR2,ATORIN F TABS,10'S,0
OXYB,OXYBAN CAPS,15'S,0
PA4,PANTOMED 40MG TAB,1X10'S,0
RB110,RABIMED D TABS,10'S,0
UT22,UTIZYME SYRUP,200ML,0
GLIN,GLINIL 5MG TABS,10'S,0
MED650,MEDOMOL 650,15'S,2185
MEDRO,MEDOMOL DROPS,15ML,20
MEDO,MEDOMOL DS SYRUP,60'ML,29
MED120,MEDOMOL-120 SYRUP,60'ML,15
MED30,MEDOMOL-300MG,15,200
NLOK,N-LOK 10MG TAB,10'S,70
N-LOK,N-LOK T TAB,10'S,0
AVENTN,AVENT BOTTLES,1,0
MEFSKL,ME BYE BYE BLEMISHES 30ML 30ML,,0
HJFWER,MEE MEE BABY CARYING BED,1*1,0
MEEMEE,MEE MEE BABY MITTENS,1,0
MEMNDG,MEE MEE BABY PACIFIER,1,0
MWEHUW,MEE MEE BREAST PADS 12%,1,0
MJRWER,MEE MEE BREAST PADS 5%,1,0
SDKHKF,MEE MEE BREAST PUMP,1*1,0
CFMEEM,MEE MEE COMBO BRUSH,1,0
VCZUFG,MEE MEE DETERGENT ALL,1*1,0
WKRGKH,MEE MEE FEEDING BOTTLE,1*1,0
MRGUY,MEE MEE FOOD FEEDER,1,0
MEFWWW,MEE MEE GIFT PACK,1,0
DIWEII,MEE MEE MEDICINE DROPER,1,0
MEEFMS,MEE MEE MITTEN BOOTY,,0
MEEEF,MEE MEE NECK PILLOW,,0
MERREK,MEE MEE POWDER PUFF,1,0
MERERE,MEE MEE TEETHERS 18%,1,0
MEKLIK,MEE MEE TONGUE BRUSH,1,0
MEE,ME MEE MEE TOOTH BRUSH,1,0
MEJRWJ,MEE MEE TOOTH PASTE,50GM,0
FGHJRW,MEE MEE TOWEL,1*1,0
GGDDYU,MEE MEE WRAPPER,1*1,0
ADVEMN,PHILIPS AVENT NIPPLES,,0
YUG,MEE MEE GP FEEDING,1*1,0
MEEB,MEE MEE BABY LIQUIDE,300ML,0
SFMEHF,MEE MEE BOTTLE BRUSH,1,0
HGTYR,MEE MEE COTTON BUDS,1*1,0
ME,KLF MEE MEE ELECTRICAL BREAST 1,,0
MEEMU9,MEE MEE FEEDING BOTTLE,,0
MEEERE,MEE MEE LIQUID CLENSER,300ML,0
MEEMER,MEE MEE NAPKINS,1,0
MEE,MEE MEE NIPPLE SHIELD,1*1,0
MEEN9,MEE MEE NIPPLES,1,0
MEEEME,MEE MEE NOSE CLEANER,1,0
MEEF4,MEE MEE SP4 FEEDING,,0
BFSFJF,MEE MEE TEETHER,1*1,0
MHRJEH,MEE MEE TOILETRIES BOX,1,0
MENRJH,MEE MEE TONGUE CLENER,1,0
MEETC9,MEE MEE TRAINING CUP,100ML,0
M181,METRONIDAZOLE (ISOTONIC),1'S,0
BEEL,BELLADONNA PLASTER,1X11.0CM,200
ZIPP,ZIPROVIT POWDER,200GM,0
ACNE6,ACNELAC,100GM,0
ACEN9,ACNELAK SPOT ON CREAM,15GM,0
QGDJVK,DEWDERM AD LOTION,200ML,0
IWEDI1,DEWDERM LOTION,100GM,0
DEJHDH,DEWDERM SOAP 100GM,1*100G,0
EYEG9,EYEGLOW UNDEREYE GEL,20GM,0
FLATT1,FLATUNA DROPS,15ML,0
I-GL,I-GLOW LITE UVAB SPF16,50GM,0
IMOS1,I-MOIST SOAP,75GM,4
DLSJFH,MELALUMIN LIP LIGHT 10GM,1*0G,0
MENO1,MENOCTYL TABS,10'S,0
UV/AV,UV AVO LOTION,75G,0
LOBATE,LOBATE GN CREAM,30G,0
RSH2.5,RAMISTAR H 2.5MG TABS,10'S,0
BIO21,BION CAPS,10'S,0
CARG1,CARBOPHAGE G1 FORTE TABS,10'S,0
CARB21,CARBOPHAGE G1 TABS,10'S,0
CAG2,CARBOPHAGE G2 TABS,10'S,0
CR111,CARBOPHAGE XR1000MG TABS,10'S,0
CONCOR,CONCOR T 2.5MG TAB,1*10MG,0
CRINO1,CRINONE GEL,8GM,0
DI123,DVION DROPS,15ML,0
DVION1,DVION PEARL CAPS,30'S,0
ECO21,ECOBION BC AMPLES,5ML,0
ECOB1,ECOBION SACHETS,1GM,0
ESF11,ESOFENCE 40MG TABS,10'S,0
SDKJKG,EUTHYROX 12.5MG TAB,1*1,0
EV10,EVION Q100 CAPS,10'S,0
LIPI10,LIPIGO 10MG TABS,10'S,0
VNFJG,LIPIGO A 75 CAP,1*10,50
LIVOGE,LIVOGEN TIN,30'S,2
MET61,METHYCAL TABS,15'S,0
MIC11,MICROBENZ 3.5 AQUAGEL,15GM,0
NAS1,NASIVION MOIST NASALSPRAY 1*10ML,,0
JFHHFL,POLYBION ACTIVE 150ML SYP 1*150ML,,5
S017,SEVENSEAS CAPS,100'S,0
STA03,STARVOG 0.3MG TABS,10'S,0
STAV2,STARVOG M0.2MG TABS,10'S,0
TTKL1,TOLFLEX SR450 TABS,6'S,0
UTH1,UTHYROX 100MCG TABS,100'S,0
UTH3,UTHYROX 25MCG TABS,100S,0
UTH2,UTHYROX 50MCG TABS,100S,0
UTH75,UTHYROX 75MG TABS,10'S,0
B397,BETAMIL GM CREAM,10G,1
B382,BETAMIL M CREAM,10GM,0
C1447,CANDISTAT CAPS,4`S,0
CABG1,CARBOPHAGE G2 FORTE TABS,10'S,0
CR,0 CARBOPHAGE XR500MG TABS,10'S,0
C697,CLOBETAMIL G CREAM,10GM,0
CONCVC,CONCOR 10MG TAB,1* 10,0
C680,CONCOR 5MG TABS,10'S,130
COAM,CONCOR AM 2.5 TAB,1X10S,0
CO5,CONCOR AM 5,1X10'S,110
C1473,CONCOR COR 2.5MG TABS,10'S,120
CONTJJ,CONCOR T 5MG TAB,1*10,20
C217,COSOME COUGH SYRUP,100ML,0
C590,COSOME EXP SYRUP,100ML,0
D416,DEPICOR SR 20MG TABS,20'S,0
ECOB3,ECOBION CAPS,10'S,0
]ELE,ELECTROBION APPLE SIP,1X200ML,0
ELES,ELECTROBION LEMON SIP,1X200ML,0
ELEBIS,ELECTROBION POWDER ORANGE 5.7GM,,0
ELEBSI,ELECTROBION POWDER ORANGE 21GM,,0
E259,EMFLAM PLUS TABS,10'S,0
E227,EMQUIN SYRUP,60ML,0
E264,ENCEPHABOL 100 TABS,10'S,0
E258,ENCEPHABOL 200 TABS,10'S,0
E275,ENCEPHABOL SYRUP,100ML,0
EUTHOI,EUTHYROX 100MG TAB,1*100'S,0
E270,EVION 200MG CAPS,10`S,100
E263,EVION 400MG CAPS,1*20,320
E260,EVION 600MG CAPS,10'S,0
E434,EVION CREAM (BIG),60GM,0
E318,EVION DROPS,15ML,0
EVF,EVION FORTE CAP,10X10S,0
GOU4,GOUTCHEK 40 TAB,10S,0
GOUTC,GOUTCHEK 80MG TABS,10'S,0
IMMB1,IMMUBRON TABS,10'S,0
KLDJGG,IMMUNIVITAL CAP,1*10,0
JNV,JANUVIA 100MG TABS,7'S,0
LIPIG1,LIPIGO 20MG TABS,10'S,0
LIPG4,LIPIGO 40MG TABS,10'S,0
L088,LIVOGEN HEMTONIC SYP BIG,250ML,0
LIVO.,LIVOGEN INJ,5ML,0
L383,LIVOGEN TABS,15'S,465
L997,LODOZ 2.5MG TABS,10'S,0
LOZ,LODOZ 5MG TABS,10'S,0
M015,MAXEPA CAPS,30'S,0
MT,3 METNEUROBION OD CAPS,10'S,0
MT1,METNEUROBION P CAPS,10'S,0
MOI1,MOISTDER CREAM,40GM,0
N297,NASIVION ADULTS 0.05%,10ML,9
NASA,NASIVION ADVANCED ASAL,10ML,0
NASI1,NASIVION ALLERGY TABS,10'S,0
N299,NASIVION MINI 0.01%DROPS,10ML,10
NAM1,NASIVION MOIST CHILD,10ML,3
N298,NASIVION PAED 0.025%,10ML,4
N442,NASIVION S NASAL DROPS,10ML,20
NA14,NASIVION TABS,10'S,0
N315,NEUROBION FORTE AMP,3ML,190
N200,NEUROBION FORTE TABS,30'S,1190
OCU11,OCUMOIST EYE DROPS,10ML,0
OCU21,OCUMOIST MAX EYE DROPS,10ML,0
OS19,OSTONATE TABS,15'S,0
589,PEDIMUNE POWDER,90G,0
P1216,PNEUMOVAX 23 VACCINE,VIAL,0
KJJJGJ,POLYBION ACTIVE 250ML,1*250ML,0
P412,POLYBION AMP,2ML,124
P425,POLYBION CAPS,10`S,0
PL15,POLYBION CZS TABS,30'S,120
POLYB.,POLYBION D SYRUP,200ML,0
PL48,POLYBION SF SYRUP,100ML,0
PL49,POLYBION SF SYRUP,250ML,0
P471,POLYBION SYP LARGE,400ML,0
TL141,TOLFLEX 150MG TABS,10'S,0
T581,TRAVA 10MG TABS,7'S,0
TRIO20,TRIOLMIGHTY 20MG TABS,10'S,0
TRLM11,TRIOLMIGHTY 40MG TABS,10'S,0
GRVAMP,GRAVIDOL AMP,,0
GRAVD1,GRAVIDOL TABS,10'S,0
K.WARE,K-WIN(VITAMIN K1) INJ,1'S,10
K089,KERUTIN C TABS,10'S,0
K197,KSTAT 250MG TABS,10'S,0
K196,KSTAT 500MG TABS,10'S,0
K239,KSTAT AMP,2ML,0
M268,MERIZYME DROPS,15ML,0
M269,MERIZYME SYRUP,200ML,0
M270,MERIZYME TABS,10'S,0
FLATU.,FLATUNA TABS,10'S,0
LFFHLH,HALLENS CHILD FFS,1*5ML,0
A340,ALPHADOPA 250MG TABS,10`S,0
ALPA5,ALPHADOPA 500MG TABS,10'S,0
B252,BG PROT SYRUP,200ML,0
B253,BG PROT SYRUP,400ML,0
D276,DECDAN AMP,1*2ML,1174
D277,DECDAN TABS,10`S,0
H137,HB RICH SYRUP,200ML,0
L168,LIBOTRYP TABS,1*30,300
LXL,LIBOTRYP XL 25MG TABS,10'S,30
M1455,METHYCOBAL AMP,1ML,1
M868,METHYCOBAL TAB,15'S,240
NOR2,NORTRYPTOMER P75 TABS,10'S,0
P321,PRACTIN EN SYP.,200ML,6
P320,PRACTIN SYP.,200ML,3
P319,PRACTIN TABS,15`S,715
TRI,TRINEUROSOL H AMP,1'S,0
TTTT,TRINEUROSOL H FORTE,5ML,0
TTT,TRINEUROSOL H FORTE AMP,10X1ML,0
T332,TRINEUROSOL H VIAL,5ML,0
T239,TRYPTOMER 10MG TABS,30'S,590
T240,TRYPTOMER 25MG TABS,30`S,784
T241,TRYPTOMER 75MG TABS,10`S,0
TRYG1,TRYPTOMER G100MG TABS,10'S,0
T0RYP,TRYPTOMER G300MG TABS,10'S,0
V169,VISCODYNE LS SYRUP,100ML,0
V205,VISCODYNE SYP,50ML,0
V081,VISCODYNE SYRUP BIG,100ML,0
DEE1,DEECOLD SR CAPS,10'S,0
K99,KNEE CAP MEDIUM,2'S,0
DE8,DEFMOR 6 TAB,10'S,130
BB14,BABYGESIC 125 SYRUP,60ML,0
BABYG,BABYGESIC DROPS,15ML,0
BANY,BABYGESIC DS SYRUP,60 ML,0
AHSVDH,CALCIFLAVONE PLUS TAB,1*15,0
CALCIF,CALCIFLAVONE TABS,15'S,0
CACI,CALCIMAX 500 TAB,30'S,30
CALDS9,CALCIMAX D SYRUP,200ML,0
C663,CALCIMAX FORTE CAPS,30'S,0
CX19,CALCIMAX ISO TABS,15'S,0
CAP11,CALCIMAX K2 PLUS TABS,10'S,0
CLK0,CALCIMAX K2 TABS,10'S,0
CAL1,CALCIMAX P SYRUP,200ML,2
C818,CALCIMAX SYRUP,200ML,6
CND1,CANDIFEM VEGINALGEL,30GM,0
YHUTGY,CANDIMALE CREAM,15GM,0
CARI9,CARIPAYA SYRUP,150ML,0
CARIPA,CARIPAYA TABS,15'S,0
C605,COLICAID DROPS,15ML,3
COLIC.,COLICAID EZ DROPS,15ML,0
COLI2,COLICAID SYRUP,1X60ML,2
C1070,CONGESTYL SYRUP,60ML,0
D531,DIABETONE CAPS,15'S,0
DB10,DIABETONE PN CAPS,15'S,0
ELKFHJ,DOCOWISE SYP100GM,1*100G,0
FER12,FEROGLOBIN B12 SYRUP,200ML,0
G372,GASTRACID SYRUP,1*200ML,0
GAST2,GASTRAZOLE D TABS,10'S,0
GRT,GASTRAZOLE PLUS TABS,10'S,0
GOLD1,GOLD CARE CAPS,6'S,0
IMMUN,IMMUNACE FORTE TABS,30'S,0
IMML,IMMUNACE LIQUID,1X200ML,0
IM,IMMUNACE TAB,6'S,0
FDKJKG,IMMUNE ALL TAB,1*10,0
IMMN1,IMMUNIT SYRUP,200ML,0
DSFHLH,JOINTACE C2 PLUS TAB,1*10,50
JONC,JOINTACE C2 TAB,10'S,10
JON1,JOINTACE DN SUPAR,10'S,0
JOD,JOINTACE DN TAB,15'S,0
JOINT,JOINTACE OD TAB,15'S,0
J882,JOINTACE PLUS GEL,50GM,0
J026,JOINTACE TABS,15'S,15
KJHGLJ,JOINTACE TRIO TAB,1*10,0
KIDID,KIDICARE D SYRUP,200ML,0
KIDC,KIDICARE DROPS,15ML,0
KIDI1,KIDICARE PRO POWDER,200GM,0
K103,KIDICARE SYRUP,200ML,0
LIVE,LIVERIL FORTE TABS,15'S,30
LVB2,LIVERIL SYRUP,200ML,0
LIVR,LIVERIL TABS,15'S,0
MCOM,M-COM 500 INJ,1ML,60
MAGST1,MAGSTONE B6 SYRUP,200ML,0
M413,MENOPACE CAPS,15'S,0
MEIS,MENOPACE ISO TAB,10'S,0
11ME,METABOLIS TABS,10'S,0
M746,MIM ORANGE SYRUP,200ML,0
M726,MIM Z DROPS,15ML,0
MIM,MIMORANGE L LIQUID,200ML,0
NEO11,NEORELAX GEL,30GM,0
NE10',NEORELAX MR TABS,10'S,0
NR21,NEORELAX MR8 TABS,10'S,0
NEOREL,NEORELAX P TAB,10'S,0
MEUR1,NEUROZAN TABS,10'S,0
OLCR,OLIGO CARE TABS,15'S,0
OLIGO,OLIGO SAFE TABS,15'S,0
O1L2,OLIGOCARE FORTE CAPS,15'S,0
OSTREJ,OSTEOCARE TAB,1*15,0
OVC10,OVACARE FORTE TABS,12'S,0
OV19,OVACARE TABS,15'S,0
PAIGSI,PAINGESIC 20MG,10'S,0
PATC1,PATCHEX TABS,15'S,0
PER32,PERFECTIL CAPS,6'S,0
P424,PREGNACARE FORTE CAPS,15'S,0
ELJHKL,PREGNACARE TAB,1*10,0
1PR11,PREGNACARE Z CAPS,15'S,0
PRE50,PREGNACREME,100GM,1
P639,PREMENCE PLUS CAPS,15'S,0
PR14,PRULIN TABS,5'S,0
RE14,REESHAPE 60MG TABS,10'S,0
RES09,REESHAPE NATURAL TABS,10'S,0
RR11,REESHAPE(ORLISTST)120MG,15'S,0
RES211,RESHAPE SLIM POWDER,400GM,0
HCGDY,THYROPACE TABS,"15,S",0
UGESIC,UGESIC TABS,10'S,0
ULT4,ULTRA 4K TABS,30'S,0
ULTD1,ULTRA CO Q10 TABS,15'S,0
FGKKGL,ULTRA D3 4K TAB,1*15,0
ULTD41,ULTRA D3 4K TABS,30'S,0
ULTRA,ULTRA D3 800 DROPS,15'ML,0
U105,ULTRA D3 CAPS,30'S,0
ULTR/3,ULTRA D3 DROPS,30ML,6
ULD2,ULTRA D3 FORTE CAPS,30'S,0
HSDJHS,ULTRA MAGNESIUM TAB,1*15,30
JFJKGG,ULTRA OMEGA CAP,1*10,0
ULT100,ULTRA Q 100 CAP'S,15'S,0
ULT300,ULTRA Q300MG TABS,10'S,0
WLL1,WELLMAN CAPS,15'S,0
WEGDGD,WELLWOMAN 50PLUS TAB,1*10,0
W1L4,WELLWOMAN CAPS,15'S,0
Z1T1,ZITHROCARE 500MG TABS,3'S,0
ZY00,ZYMOGESIC TABS,10'S,0
KDFKGK,CDSTAT CL CAP,1*10,0
CNFNHG,CNDAPA TAB,10,0
CHGKGB,CNDIPIN TM TAB,1*10,0
KLDHFL,LCPIN CV TAB,1*10,0
DJFHKL,MGRAB DSR CAP,1*10,0
DKJSGF,MGTEL CT TAB,1*10,0
GHSDKG,MGTEL MT TAB,1*10,0
JKSDGF,MGTEL TRIO TAB,1*10,0
JDFNJB,RIVALIFE TAB,1*14,56
ANKL18,ANKLE BRACE 0803,1,0
JHN,CYPROMAT SY,200ML,38
KJHQ,FOOTWEAR,1*1,0
MGRMNK,MGRM ABDOMINAL BELT ALL,ALL,0
MGRNMN,MGRM ANKLE BRACE ALL,,0
MGEYFG,MGRM ARM U SPLINTS ALL,,0
MCGHV,MGRM BRACE ALL,,0
MGERMJ,MGRM CLAVICLE SUPPORT,1,0
MGRM,MGRM COLLAR ALL,PCS,0
MGRRTC,MGRM COT SPLINT ALL,,0
MHUGBG,MGRM FINGER EXERCISER,,0
MGRMUJ,MGRM FOOT DROP SPLINT,,0
MJHGJD,MGRM FOOTWEAR FEMALE,PAIR,0
MGFSFS,MGRM FOOTWEAR MALE,PAIR,0
MGHS,MGRM FUNCTIONAL HINGED,,0
GRMMM,MGRM IMOBILIZERS ALL,PCS,0
MGKNE,MGRM KNEE CAP ECONOMY ALL,,0
MHGYF,MGRM KNEE SUPPORTS ALL,,0
MHVFGF,MGRM LEG U SPLINT ALL,,0
DTYECU,MGRM LUMBO SACRAL BELTS,,0
MGVGJG,MGRM NIGHT SPLINT,,0
MRGMRB,MGRM RIB BELT MALE,,0
MGRMV,MGRM SKIN TRACTION KIT,,0
HUJVK,MGRM SPLINTS ALL,,0
MGEDTF,MGRM STAX MALLET,,0
MGRM,S MGRM STERINAL SPLINTS ALL,,0
MGRMS,MGRM SUPPORT ALL,PCS,0
MGRMGF,MGRM TENNIS ELBOW SUPPORT 1,,0
MHCVFM,MGRM TIBIA BRACE ALL,,0
MDFCV,MGRM WEIGHT CUFF ANKLE,,0
MGRM1,MGRM WRIST WRAP ALL,ALL,0
JIFFW,ALLERCET COLD TAB,1*10,0
QGWUCD,ANGIPLAT 2.5MG,25*S,3
DJHFFF,COVERIT PLUS SPRAY 100ML,1*100ML,0
KUFF2,KUFFDRYL SYRUP,100ML,15
DYSFFF,MGTEL BETA TAB,1*10,0
MIST,MICROSTERIL,500ML,0
JZDFHS,NEOSMILE DROPS,1*10ML,0
IGWIG,NEURICA B CAP,10*S,0
JHYUU,PHYTORAL BAR 75GM,1*75GM,0
RAP1,RAPID GEL,30GM,0
TRIFK,TRIFIX-O TAB,10'S,640
TURASP,TURBOVAS ASP CAP,10'S,0
RYTEYE,VILPOWER M 500 TAB,1*10,0
2VOG2,VOGLINORM GM2 TAB,1*15,0
JKDFSE,VOXAMIN 50MG TAB,1*10,0
WOAM1,WOAMCILLIN D CAPS,10'S,0
WHWJ,ZUCAPRIDE-M 1000MG TAB,1*10,0
A4804,ACNE AID BIG SOAP,100GM,0
ACNE,ACNE AID SMALL SOAP,50GM,0
EKMGGG,ALLERCET M TAB,1*10,0
AMI100,AMIODAR 100MG TABS,10'S,0
AMLO10,AMLONG 10MG TABS,15`S,45
AML2.5,AMLONG 2.5 TABS,15`S,105
AMLON5,AMLONG 5 TABS,30'S,510
AMLA25,AMLONG A TABS,15'S,180
AML5,AMLONG MT 50MG TAB,1*7,0
AMLAOS,AMLONG TRIO TAB,1*10,0
AMH,AMLONG-H TAB,1X10S,0
ANGI25,ANGIZAAR 25MG TABS,10'S,0
ANGI50,ANGIZAAR 50MG TABS,10'S,0
ANX025,ANXIT 0.25MG TABS,15`S,15
ANXI05,ANXIT 0.5MG TABS,15'S,0
ANXITP,ANXIT PLUS TABS,10'S,0
ARB20,ARBITEL 20MG TABS,10'S,0
ART4,ARBITEL 40MG TABS,10'S,0
AR8,ARBITEL 80MG TAB,10S,0
ATB,ARBITEL AM TABS,10'S,0
ARB22,ARBITEL AMH TABS,10'S,0
ARB32,ARBITEL CT40 TABS,10'S,0
ARHT,ARBITEL H TABS,10'S,0
ARB65,ARBITEL MT50MG TABS,7'S,0
KGKJFD,ARBITEL TRIO 50MG TAB,1*10,0
ATMT25,ARBITEL-MT 25MG,1*7,0
ASTI10,ASTIN 10MG TABS,10'S,0
AVAS10,AVAS 10MG TABS,10'S,0
AVAS20,AVAS 20MG TABS,10'S,0
AVP,AVAS 40MG TABS,10'S,0
AV,AVAS 5MG TABS,10'S,0
A12C,AVAS 80MG TABS,10'S,0
AVCV10,AVAS CV10MG CAPS,10'S,0
A792,AZIDERM 15% GEL,15GM,0
AZ20,AZIDERM 20% GEL,15GM,0
BETAR9,BETABRIMB EYE DROPS,5ML,0
B167,BETAGEL G CREAM,20GM,0
B165,BETAGEL OINT,20GM,0
BIOVIT,BIOVITAL CAPS,10'S,0
BISO,BISOT-2.5 MG TAB,10'S,0
BISOT,BISOTAB T 5MG,10;S,30
CALFS,CALOSOFT AF LOTION,100 ML,0
CALP50,CALOSOFT PLUS LOTION,50ML,0
CARB.,CARBOX 150MG TABS,10'S,0
CAR31,CARBOX 300MG TABS,10'S,0
CAR,CARBOX 600MG TAB,10'S,0
CARV20,CARVIDON 20MG TABS,10`S,0
CARVID,CARVIDON MR TABS,10'S,45
CAR-OD,CARVIDON-OD,10'S,0
CLA250,CLARIWIN 250MG TABS,10`S,0
CL5,CLARIWIN 500MG TABS,10'S,0
CO21,COVERIT 2% LOTION,50ML,0
COVERT,COVERIT 5% SOLUTION,60ML,0
DIAM1,DIANORM M OD TABS,10'S,0
DIAN1,DIANORM M OD1000MG TABS,10'S,0
DIANOM,DIANORM M TABS,15`S,0
DIA30,DIANORM OD30MG TABS,10'S,0
DIAPR1,DIAPRIDE 1MG TAB,10'S,0
DIAPR2,DIAPRIDE 2MG TABS,10`S,0
DIA,DIAPRIDE M.0.5 TAB,15;S,75
DIAMF1,DIAPRIDE M1 FORTE TABS,10'S,0
536,DIAPRIDE M4 FORTE TABS,10'S,0
DIS14,DIARICH POWDER,200GM,0
DIBIZM,DIBIZIDE M TAB,10'S,30
D577,DIBIZIDE-M TABS,10'S,0
BHATYG,DIVALPRID OD 750,1*10,0
D400,DIVON PLUS TABS,15'S,0
JHFLHJ,DOLO 120 SYP,1*60ML,0
JFKFBF,DOLO 250 SYP,1*60ML,4
DOLO65,DOLO 650 TABS,15'S,7630
DOLOTH,DOLO TH 4,10'S,0
DOLOTA,DOLOPAR TABS,1*15,0
DOLL1,DOLOWIN FORTE TABS,10'S,0
DOL33,DOLOWIN PLUS TABS,010S,0
DL11,DOLOWIN TABS,10'S,0
D663,DOTHIP 50MG TABS,15'S,90
EBV41,EBAST M TABS,10'S,0
EBAS,EBAST-DC TAB,10,0
ADV1,EDAVIT INJ,20ML,0
ELDOCA,ELDOPER CAPS,10'S,0
EPI22,EPITANE EYE DROPS,5ML,0
ESOF,ESOFAG 40MG TABS,10'S,75
ESOD1,ESOFAG D TABS,10'S,0
ESOL1,ESOFAG L CAPS,10'S,0
EXTR1,EXTRALUBE EYE DROPS,10ML,0
FLKHLG,FERISOME TAB,1*15,0
FIBRAL,FIBRAL TABS,10'S,0
FIS,5 FIBROVAS TAB,1X10'S,0
GLYCO6,GLYCO 6 CREAM,30GM,0
DGLY6,GLYCO A,30G,0
G1183,GLYCO A 12% CREAM,30GM,0
GAMC,GRAMOCEF CV TABS,10'S,0
G173,GRISOACT 250MG TABS,'10'S,0
HAPPY,HAPPYHEEL CREAM,50GM,0
HAR2,HARVEST CAPS,15'S,0
SDKBSD,HARVEST PS TAB,1*10,0
HERP,HERPERAX 200MG TABS,1X5'S,0
HER400,HERPERAX 400MG TABS,10'S,0
H113,HERPERAX OINT,5GM,0
HER800,HERPERAX800(ACICLOVIR)TAB 10'S,,0
HOPAC2,HOPACE 2.5MG CAPS,10'S,0
HOPAC5,HOPACE 5MG CAPS,15'S,0
HYPO,HYPOTAB TABS,4'S,0
IR44,IREX SYRUP,150ML,0
IR14,IREX TABS,10'S,0
IS11,ISOTANE 10MG CAPS,10'S,0
KOJ4,KOJIVIT GEL,15GM,0
KOJP1,KOJIVIT PLUS OINT,15GM,0
KOJI/U,KOJIVIT ULTRA GEL,1,0
LEVA25,LEVACETAM 250MG TABS,10'S,0
LE90,LEVACETAM 500MG TABS,10'S,0
LEVA.,LEVACETAM 750MG TABS,10'S,0
LIMBIT,LIMBIVAL TABS,10`S,0
LORINO,LORINOL 1OMG TABS,15'S,0
LUBR1,LUBREX DS EYE DROPS,10ML,2
LUBE,LUBREX EYE DROPS,1X10ML,1
MECF,MECONERV FORTE CAP,1X10'S,0
ADFXGH,MECONERV PLUS TAB,1*10,0
MELG,MELCOVIT GOLD,10'S,0
M,TAB MELMET 500MG TAB,20;S,160
MEL,MELMET SR 1000 TAB,15'S,0
MEL500,MELMET SR 500MG TABS,15`S,0
MNHRT9,MENO HRT TABS,10'S,0
HGHGJG,METAPRO-XL 50 TAB,1*15,0
MIC1,MICRO D3 DROPS,30ML,0
MIC15,MICRO D3 TABS,4'S,0
MICR25,MICROCID 25MG CAPS,10`S,40
MIC75S,MICROCID SR 75MG CAPS,10`S,0
MICAX,MICRODOX LBX CAPS,10`S,0
MICRCT,MICROFLOX LBX TABS,10`S,0
MICRO.,MICRONAC EYE DROPS,5ML,0
MIC21,MICROVIR 250MG TABS,3'S,0
MISOP,MISOPT EYE DROPS,5ML,0
DLJHGH,MO0NTRAL KID TAB,1*10,0
MOIST,MOISTANE EYE DROPS,10ML,0
MONO9,MONOGUARD CREAM,10GM,0
MONO30,MONOGUARD CREAM,30GM,0
DMNFG,MONTRAL KID TAB,1*10,0
MX12,MOXIGRAM P EYE DROPS,5ML,0
NE123,NEURICA M75 CAPS,10'S,0
NEURN1,NEURICA NT TABS,10'S,0
NEUR9,NEUROCETAM SYRUP,100ML,0
NEU5,NEUROVIN 5 TAB,1X10'S,0
NEWV9,NEWVEN OD50MG TABS,10'S,0
NIL11,NILAC CREAM,20GM,0
BSS,NILAC GEL,20GM,0
N508,NITRA SMALL TOOTHPASTE,50GM,6
N370,NITRA TOOTHPASTE,100GM,6
NITR30,NITROFIX SR 30MG CAPS,10'S,0
NUL10,NULONG 10MG TABS,1*15,0
O275,OFLACIN DX EYE DROPS,5ML,0
JKLJHF,OKT EYE DROPS,1*5ML,0
OLAN10,OLAN 10MG TABS,10'S,0
OLAN5,OLAN 5MG TABS,10'S,0
O1L1,OLMAT 20MG TABS,10'S,0
IOUJHF,OLMAT AM 40MG TAB,1*10,0
OL52,OLMAT H TABS,10'S,0
OLMH2,OLMAT H40 TABS,10'S,0
ONE2T,ONETONE 0.3% CREAM,20GM,0
FSDFFG,OSMITOL SYP 200ML,1*200ML,0
OX111,OXIDON PLUS CAPS,10'S,0
PANT1,PANTOCAR D CAPS,10'S,0
PARTAB,PARKIN TABS,15'S,775
P610,PETRIL 0.5MG TABS,10'S,0
PETIRI,PETRIL 1MG TAB,1*15,0
PTRRR,PETRIL MD0.25MG TAB,10,0
"PETR.,",PETRIL PLUS TABS,10'S,0
PH0,PHOTOBAN 30 LOTION,60ML,0
PH5A,PHOTOBAN-50 AQUAGEL,60GM,0
KLJLHL,PHYTORAL OINT 30GM,1*30G,0
PHY,PHYTORAL SHAMPOO,75ML,0
PLAGA,PLAGERINE A CAPS,10'S,0
PLA150,PLAGERINE A150MG CAPS,10'S,0
PLAGER,PLAGERINE TABS,10'S,0
RESV1,RESVINOL CAPS,10'S,0
RISPO3,RISPOND 3MG TABS,10'S,0
R1T2,RITE-O-CEF 200MG TABS,10'S,0
S1250,SECALIA CREAM,100GM,0
SECA,SECALIA CREAM SMALL,50GM,0
SIL140,SILYBON 140MG TABS,10`S,10
SILY70,SILYBON 70MG TABS,10`S,0
S587,SILYBON SYRUP,100ML,0
SIMV10,SIMVAS 10MG TABS,10'S,0
BFJFJW,SITAPRIDE M 50/500 TAB,1*15,0
SPASM,SPASMOPRIV CAPS,10X10'S,0
TELT,TELPLUS TAB,10'S,0
TELT9,TELPUS TRIO TABS,10'S,0
TEE11,TELROSE TABS,10'S,0
TENE20,TENEPRIDE 20MG TABS,10'S,0
TENM10,TENEPRIDE M20/1000MG TABS 10'S,,0
TENM5,TENEPRIDE M20/500MG TABS,15S,45
TEN,TENEPRIDE M500 TAB,15,45
TRAZ,TRAVO Z EYE DROPS,3ML,0
TRP1,TRIPRIDE 1 TAB,1*15,30
TRIP2,TRIPRIDE 1LP TABS,10'S,0
TRURIU,TRIPRIDE 2 FORTE,1*15,0
TRI2LV,TRIPRIDE 2LV TABS,10'S,0
TRD2,TRIPRIDE 2MG TABS,1'5S,0
TURBOV,TURBOVAS 10 TABS,10'S,0
TUR20,TURBOVAS 20 TAB,10'S,0
TUR,F TURBOVAS F TABS,10'S,0
ULT,ULTRAM TAB,15'S,75
VALPRI,VALPRID CR 500 TAB'S,10'S,0
VALP21,VALPRID CR300MG TABS,10'S,30
VAL200,VALPRID-CR 200,10,0
VESS11,VESORET CAPS,15'S,0
DKFHKH,VILDAPRIDE M 50/1000MG,1*10,0
SDKJHK,VILDAPRIDE M 500MG TAB,1*15,45
VILD,VILDAPRIDE-D 100/10,10'S,0
VUHFHH,VILPOWER 50/500MG TAB,1*10,0
VOGL9,VOGLINORM GM FORTE2 TABS,10'S,0
VOGGM1,VOGLINORM GM1 TABS,15'S,0
VGGFS,VOGLINORM GM2 FORTE TAB,1*10,0
VL10,VOLTADIN TABS,10'S,0
TOUHHG,YOGAZAM 10MG TAB,1*10,0
ZILT40,ZILARTA 40MG TABS,10'S,0
ZILT80,ZILARTA 80MG TABS,10'S,0
ZUUHFH,ZUCAPRIDE M 500MG TAB,1*10,30
ZXHCZH,ZUCAPRIDE S 10/100MG TAB,1*15,30
C1L6,CALOSOFT AF LOTION 50ML,50ML,0
CAR/S,CARIPILL SYRUP,150ML,5
CAR32,CARIPILL TABS..,15'S,45
DIAT30,DIANORM TOTAL 30MG TABS,10'S,0
DIAT60,DIANORM TOTAL 60MG TABS,10'S,0
01DS,DIAPRIDE M1 TABS,15'S,45
DIM2,DIAPRIDE M2 TABS,15'S,15
DI500,DIVALPRID OD 500MG TABS,10'S,0
EB201,EBAST 10MG TABS,10'S,0
EPI/25,EPITOP 25MG TAB'S,10'S,0
FINTRI,FINTRIX 500MG TAB,7'S,0
LEV500,LEVOBACT 500MG TABS,5'S,0
MMCHO1,MICROMOM CHOCOLET POWDER,200GM,0
MICM1,MICROMOM V/F POWDER,200GM,0
MOX12,MOXIGRAM EYE DROPS,5ML,0
OL40,OLMAT 40MG TABS,10'S,0
PET10,PETRIL BETA 10MG TABS,1*15,60
PET20,PETRIL BETA 20MG TABS,15'S,0
PREG1,PREGATOR CAPS,10'S,0
STDHAS,STATPURE 20MG TAB,10'S,0
TULP1,TELPLUS TRIO TABS,10'S,0
UDI33,UDIBON CAPS,10'S,0
F514,FLURISONE EYE DROPS,5ML,0
L471,LACRISOL EYE DROPS,10ML,0
MICFLO,MICROFLOX DX EYE DROPS,10ML,0
M656,MICROFLOX DX EYE DROPS,5ML,0
O352,OFLACIN EYE DROPS,5ML,0
PH,PHOTOBAN 30 AQUAGEL,60ML,0
FUWW,ARBITEL TRIO 25MG TAB,1*15,45
AGHFYJ,AZIDERM 10% GEL,15GM,0
NICERB,NICERBIUM TAB,10'S,0
C439,CLIMAX SPRAY,300MDS,0
C1301,CLIMAX SPRAY,15GM,0
R126,RELISPRAY SPRAY,40GM,0
R184,RELISPRAY SPRAY,75GM,0
R646,RELISPRAY SPRAY,135GMS,0
S954,SPRAY MINT,15GM,0
S955,SPRAY MINT (SAUNF),15GMS,0
S1254,SPRAY MINT ELAICHI,15G,0
S1255,SPRAY PAN MASALA,15G,0
SPT,SPRAYMINTT MOUTH,1X15G,0
ESPU1,ESPUMISAN GOLD CAPS,10'S,0
GLYH9,GLYHA KOJ SOAP,75GM,0
IGLO1,I-GLOW LITE CREAM,20GM,0
IZK9,IZK SOAP,75GM,0
PCL,PICLIN KID SYRUP,100ML,0
PIC9,PICLIN SYRUP,120ML,0
SAL123,SALYTAR SCALP,1,0
INNBKH,INN D3 60K CAP,1*4,0
FOLIBG,FOLICAN PLUS TAB,1*30,0
AGKJHL,CYSTOP MET TAB,1*10,0
XCYGCG,CYSTOP OD SACHETS,1*1,0
JKLHFD,HEMOCARE SYP 300ML,1*1,1
PILE1,PILEUM TABS,10'S,0
FQEEG,BUVALOR 10MCG/H,1*1,0
BHG,K DOC-B CR,10GM,0
KETGC,KETODAC 2% CREAM,10GM,0
IUYD8Y,PRO PL VAN POWDER,500GM,1
D291,DILCONTIN 60MG TABS,10'S,0
D554,DILCONTIN XL 120 TABS,10'S,0
D001,DILCONTIN XL 90MG TABS,10'S,0
F192,FECONTIN F TABS,10'S,0
F193,FECONTIN Z TABS,10'S,0
FTYYKJ,HEPA MERZ OA SYP,1*60ML,0
MON39,MONUROL SACHET,3GM,0
N232,NITROCONTIN 2.6MG(25)TABS 25'S,,1
N233,NITROCONTIN 6.4MG TABS,25'S,0
P326,PYRICONTIN TABS,10'S,0
SOY1,SOYGROTH POWDER,200GM,0
TAC22,TACMOD OINT,10GM,0
TM13,TAMCONTIN 0.2 TABS,10'S,0
TM11,TAMCONTIN 0.4 TABS,10'S,0
TAMC1,TAMCONTIN D TABS,10'S,0
T488,TRD CONTIN 100MG TABS,10'S,0
TRM,TRD-MD TAB,10S,0
U033,UNICONTIN 400MG TABS,10'S,0
U034,UNICONTIN 600MG TABS,10'S,0
BN44,BONE C PLUS CAPS,15'S,0
CQL,CQL CAPS,30'S,0
EN21,ENRACTIN TABS,10'S,0
NUT.,NUTAM FORTE TABS,10'S,0
NUT1,NUTAM PLUS TABS,10'S,0
PRJ1,PREJUNATE PLUS75 CAPS,10'S,0
VM44,VIMINTA CAPS,15'S,0
VIN13,VIMINTA D3 60K TABS,4'S,0
VISC2,VISCOVENT TX SYRUP,100ML,0
VI144,VITERMA CAPS,15'S,0
ALT1,ALOTIN HAIR OIL,100ML,0
ALOTP1,ALOTIN PLUS TABS,10'S,0
A1112,ALOTIN TAB,10'S,0
CANCE,CANZOL CREAM,30GM,1
CLAR31,CLARISA GEL,15GM,0
CLS1,CLARISA SOAP,75GM,7
EKFHHF,CLOPINATE F CREAM,1*10G,0
PCLO,CLOPINATE G CREAM,30G,2
CL26,CLOPINATE G OINT,15GM,0
CLOPI,CLOPINATE GM CREAM,15 GM,4
XYUL,CLOPINATE GM CREAM,30GM,6
CLOPI,CLOPINATE GM CREAM,15 GM,6
CL52,CLOPINATE S CREAM,15GM,2
CLS,CLOPINATE-S CREAM,30GM,2
GL0B1,GLOSKIN BABY SOAP,75GM,0
DHFKHK,GLOSKIN CREAM 50GM,1*50GM,0
GL34,GLOSKIN SOAP,75GM,6
HEP,HEPTARON SYP,1,43
HYDROX,HYDROX SYP,100ML,6
HY1,HYDROX-10 TAB,10X10S,0
LPF11,LPF LIQUIDE,100ML,0
MBA,M-BACT SOAP,75GM,5
MC21,MC GEL CREAM,30GM,9
MOON,MONOSONE 30GM CREAM,30GM,0
MN19,MONOSONE CREAM,10GM,0
MONO.,MONOSONE HT CREAM,20GM,0
MONL09,MONOSONE LOTION,15ML,0
EI,PERITOP CREAM,30 GM,5
PRLO,PERITOP LOTION,60ML,45
0PERI,PERITOP LOTION 100ML,100ML,13
PES,PERITOP SOAP,75GM,18
RUDE11,REDUX A TABS,10'S,0
RUD11,REDUX GEL,30GM,10
RES12,RESPEE SYRUP,100ML,0
RINC,RINOCLEAR DROPS,1'S,40
RINOX9,RINOCLEAR XYLO AD NASAL,10ML,0
RINOPD,RINOCLEAR XYLO PD NASAL,10ML,0
RINO/,RINOREST SYRUP,60ML,0
RIN11,RINOREST TABS,10'S,0
VITP,VITAZED PLUS CAP,1X10S,0
VITAZ1,VITAZED TABS,10'S,0
WBC,WBC CREAM,15GM,4
WBC11,WBC OINT,5GM,0
ZOV14,ZOVISTAR 800 TABS,10'S,0
ZYL,ZYCET-L TAB,10'S,160
JKHUG,ACCUSURE BP MONITOR,1,0
ACCUS,ACCUSURE GLUCO METER,1,0
"BABY,",BABY DREAMS FEEDING,60ML,0
BREP9,BREST PUMP SMALL,1,0
CALD,CALCIDOC 500MG TABS,10S,0
FENB11,FENCO 50MG TABS,10'S,0
GLUS9,GLUCO ONE STRIPS,50'S,0
GLUC9,GLUCO ONE STRIPS,100'S,0
METT0,METOPROL XL25 TABS,10'S,0
METT2,METOPROL XL50 TABS,10'S,0
HFGD,NEBULIZER ACCUSURE JL,1,0
PEN6,PENTATE LS TABS,10'S,0
56,PREGA,1X10,0
ASGKGF,SAMSUC SYP 100ML,1*100ML,0
TH113,THIOFORD TABS,10'S,0
VOG23,VOGLIMORE 0.3MG TABS,10'S,0
B1643,BABY FEEDING BOTTLE,60ML,0
BABYT1,BABY TEETER,1'S,0
BRS1,BREST PUMP,1'S,0
DIMM1,DIAMORE MSM TABS,10'S,0
ETO12,ETORIMO 120MG TABS,10'S,0
GAB65,GABACO MCB TABS,10'S,0
GMSM,GABAMORE MCB TABS,10'S,0
LEM11,LEMOLATE SYRUP,100ML,0
P553,MOREBREATH CAP,1*10,0
NORRM1,MORMOX F 400MG TABS,5'S,0
NAD11,NADIWEL CREAM,10GM,0
QUK11,QUICK CHEK HCG STRIP,1'S,0
S252,SAT ISABGOL (DR),100GM,0
SHGDKG,SILORIGHT D8 TAB,1*10,0
DFUHUG,THYROACE 25MG TAB,1*1,0
URS2,URSOFINE 300MG TABS,10'S,0
BEN32,BENOVAT 45MG TABS,10'S,0
BE140,BENTHAI 150MG TABS,10'S,0
C4012,BENTHAI FORTE CAPS,10'S,0
CARN9,CARNOZ S KIT,1,0
CAR32',CARNOZ S TABS,10'S,0
CIT0,CITICON-P TABLETS,10,0
DP22,DEPNOC 75 TABS,10'S,0
FENB1,FENBAC XR10MG TABS,10'S,0
SDHFLK,FLUTIWIN NASAL SPRAY,1*1,0
FBF,FOBEN FORTE CAPS,10S,0
GACE1,GARBOLIM CE TABS,10'S,0
GB111,GB 40 TABS,10'S,0
GMM2,GMM TABS,10'S,0
LEVE3,LEVET PLUS TABS,10'S,0
LMF01,LM-FLO PM TABS,10'S,0
MLOL,M-LOL ER 50 TABS,10'S,0
MAG11,MAG P5P CAPS,10'S,0
MIOPHD,MOAID 6MG TAB,1*10,0
MOC11,MOCAR AL TABS,10'S,0
MOK9,MOKAST LC SR TABS,10'S,0
MPKA1,MOKAST LC TABS,10'S,0
MOPN9,MOPANT N TABS,10'S,0
MOPA.,MOPART SR 25MG TABS,10'S,0
MOPP3,MOPART SR12.5MG TABS,10'S,0
MORA1,MORACETAM FORTE V TABS,10'S,0
NOR12,MORACETAM PLUS TABS,10'S,0
MOR11,MORINE N CAPS,10'S,0
MS22,MOSARTAN H 50 TABS,10'S,0
MOV1,MOVACEF 500MG TABS,10'S,0
MV49,MOVACOBAL AMP,1ML,0
MVS1,MOVACOBAL SYRUP,200ML,0
MV11,MOVALAX PLUS SYRUP,100ML,0
NRV1,NERVIMAC SYRUP,200ML,0
PE55,PEBLIN M 75 CAPS,10'S,0
PRR1P,PRIDEP FORTE TABS,10'S,0
PR,2 PRIVITAMIX CAPS,10'S,0
TERWHP,TERCIN WHP POWDER,5GM,0
TIA11,TIAM 100MG TABS,10'S,0
TIA12,TIAM 75 CAPS,10,0
TKUJSG,TIAM 75MG TAB,1*10,0
TIA2,TIAM INJ,2ML,0
VAROZ.,VAROZAP 100MG TABS,10'S,0
VAROZ,VAROZAP 50MG TABS,10'S,0
VS21,VASOMET ER50 TABS,10'S,0
VIT08,VITAHIST 8MD TABS,10'S,0
XGA21,X-GAB TABS,10'S,0
LIVG,LIVGAIN TABS,10'S,0
GJDUGJ,SGLTR M 1000 TAB,1*10,0
DGJD,SGLTR M TAB,1*10,0
KHFJR,SGLTR TAB,1*10,0
SILUT,SILUTS 8MG TAB,10'S,0
UWEHIK,CONCOR 1.25MG TAB,1*10,20
SDFHDF,EC GLOW GEL,1*20GM,0
DHKFKG,I GLOW FACE WASH 60ML,1*60ML,0
LUFHLH,I GLOW LITE SPF 42 60ML,1*1,0
HGE,I GLOW LITESPF 16,50GM,0
DKLFJN,I GLOW NIGHT CREAM,1*20G,2
JKBSDD,I MOIST DFC CREAM 50G,1*50G,1
DJFHHG,I SALIC CP LOTION 30ML,1*30ML,0
HHGFUY,I-GLOW GEL 20GM,20GM,0
I-G,I-GLOW NIGHT CREAM,20GM,0
IGWOS1,I-GLOW SOAP,75GM,2
IOJKJH,I-MOIST BABY SOAP,1*75G,2
IMST,I-MOIST LOTION,1,0
ISALIC,I-SALIC 3 OINTMENT,1,0
REISAL,I-SALIC CP LOTION,30ML,3
KEHGHK,IGLOW FACE WASH 100ML,1*100ML,1
IZKS9,IZ K LOTION,50ML,0
IZ,IZ-AMOROL CREAM,30GM,3
ICAN,IZ-BECLO LOTION,30ML,1
IZK,IZ-K CREAM,30GRMS,0
1155,IZ-S-30 GM,30GM,0
I-Z,IZ-STAY LOTION,100ML,1
MRHM,MRHM CALOE LOTION,50GM,2
MRHMIT,MRHM MITE CREAM,60GM,1
JTTGDH,OLMAT 20 AM TAB,1*10,0
GGGGUC,OSTOPOLYBION 300ML SYRUP,1*300ML,5
5,CLOPINATE CREAM,30G,5
16,CLOPINATE CREAM,10G,0
DIN1,DINMEK TABS,30'S,0
FSV1,FOSAVANCE 70/5600IU TABS,4'S,0
GARD1,GARDASIL 0.5MG INJ,1*0.5ML,0
IN211,INVANZ 1GM INJ,20ML,0
ISTCP,ISTAMET XR 1000MG TABS,1*10,110
JAX1,JANUMET XR TABS,7'S,0
JAN25',JANUVIA 25MG TABS,7'S,0
JN22,JANUVIA 50 TABS,7'S,49
NAS14,NASONEX NASAL SPRAY,140MD,0
Q39,QUADRIDERM RF CREAM,10GM,4
ROT21,ROTATEQ INJ,5ML,0
S1157,SINGULAIR 10MG TABS,15'S,0
SING,SINGULAIR 4MG TABS,28'S,0
SIGN1,SINGULAIR 5MG TABS,7'S,0
TRD11,TREDAPTIV 1000/20 CAPS,7'S,0
VETL1,VETALGIN INJ,33ML,10
BAB,DAPAONE L 10 TAB,"10""S",80
DAPDJD,DAPAONE M 10/1000MG TAB,1*10,0
DJHFDD,DAPAONE M 10/500MG TAB,1*10,90
AGFMUL,DDR 60MG TAB,1*10,50
DDRD,DDR-D CAPS,10'S,40
FESO,FESOBIG 4MG TAB,10'S,30
BFHGGF,GARDASIL 9 0.5ML,1*0.5ML,0
MAGH,MEGAVAC-7,1'S,3
VBYDWD,PAH-20MG TAB,1*15,0
SACUTA,SACUTAN 100 TAB,14'S,42
TADO20,TADOVAS 20MG TABS,10'S,0
TA100,TAPAL 100MG TABS,10'S,0
TAP21,TAPAL 50MG TABS,10'S,0
TAPA3,TAPAL ER50MG TABS,10'S,20
TAEER,TAPAL-ER 100MG,10'S,10
TAPFRE,TAPFREE ER 50 TAB,10'S,0
TIOGGN,TIARE 90MG TAB,1*14,0
VII9,VITASAFE PLUS SYRUP,200ML,0
BORIC,ACID BORIC,200G,0
ACID.,ACID BORIC 400GM,400GM,0
C516,CAVIFAST SMALL TOOTHPASTE 50GM,,0
C440,CAVISAN DENT CREAM BIG,100GM,0
C930,CAVISAN DENT CREAM SMALL,50GM,0
TEEEE,TEEVIR TABLETS,30,0
HBGWGT,BACIGERM LIQUIDS,1*1,0
GOW11,GROWKID SYRUP,200ML,0
P1313,MY DR.PAIN OIL,75ML,5
JHFHHG,ELIDEL 10GM CREAM,1*10GM,0
TEL99,TELURA TABS,30'S,0
D360K,D3 SAFE 60K TABS,4'S,0
D3S11,D3 SAFE DROPS,15ML;,17
FEX,FEXOWELL SY,100ML,0
LFHLGH,GROW 200ML SYP,1*200ML,0
DLJHLH,GROW DROPS,1*30ML,7
FGHJHH,GROW SYP 200ML,1*200ML,0
HBSZ1,HB SAFE TABS,15'S,0
HBS1,HB SAFE DROPS,30ML,0
HBSZ,HB SAFE Z SYP,200ML,0
KIDS,KIDSBAR BABY SOAP 75G,1,10
JDKFKJ,MULTISET 2G TAB,1*15,0
MYC6,MYOCAL D3 TABS,15'S,0
MYISO,MYOCAL ISO TABS,15'S,0
MYOKAS,MYOKAST KID TAB,10'S,0
MYO21,MYOKAST L KID TABS,10'S,0
MYOK2,MYOKAST L SYRUP,60ML,0
MYOK1,MYOKAST L TABS,10'S,0
MYO32,MYOPEPTIN DROPS,30ML,7
JHYJH,MYOPEPTIN SYRUP,200ML,8
MYO2,MYOTUSS SYRUP,100ML,0
NEU9,NEUROSAFE TABS,15'S,0
OLFF,OLIGO FIT TAB,1*15,0
OVAF,OVAFIT TAB,15;S,60
OVA3,OVASAVE CAPS,15'S,0
HGDKGK,SACHRO RD SACHETS,1*1,0
CASSSC,SAFEJOINT TAB,10,0
ASWAGH,ASHWAGANDHAADI LEHYAM,500GM,0
CARDE1,CARDEPA TABS,10'S,0
DABNDJ,DANDROFF OIL,100ML,0
FQEIFG,EPILEX ORAL SOLUTION,1*200ML,3
ER1,ERLONATE 150MG TAB,"30,S",0
JGJKRD,FERRISTA Z TAB,1*10,0
JSDYHG,I-TYZA 100MG TAB,1*10,0
KUTAH3,KUTAJGHAN VAIT TAVB,40'S,0
MAHAAT,MAHAATHIKTHAKAM KA TAB,10,0
NEBN9,NEBULIZER NAREENA,1,0
JHASAK,PIGEON MANNUAL BREASTPUMP,,0
RJEFFJ,RHEUMAT LINIMENT,30ML,0
DICV,DICLOFLAM 30ML VAIL,1X30ML,0
KJIFFQ,MEDOMIL LBW 400,1*1,0
PCM,PARACETAMOL 30ML,1X30ML,0
MDML,MEDOMIL S1 200GM,200GM,0
JEER1,JEERNAM SYRUP,200ML,0
CHYM,CHYMOZIP PLUS TAB'S,10'S,0
CISB2,CISBON CAPS,10'S,0
CISP9,CISBON PLUS CAPS,10'S,0
FEN,FENASK TABS,10'S,0
LEO6,LEOSOL SYRYUP,100ML,0
MEGA6,MEGALIC LC TABS,10'S,0
MOST1,MOSTLE TABS,10'S,0
NATO1,NATORID PLUS TABS,10'S,0
NAT02,NATORID SP TABS,10'S,0
PGP28,PG PLUS M CAPS,10'S,0
RABEN1,RABENA DSR CAPS,10'S,0
RABLS1,RABENA LS TABS,10'S,0
THIAP1,THIOSID AP TABS,10'S,0
COLD,COLDOUT SYRUP,60ML,0
ERABAC,ERABACT DROPS,5ML,0
FFGGHF,APIGAT 2.5MG TAB,1*1,6
ALKFHN,APIGAT 5MG TAB,1*30S,1
APR32,APRETERO 125/50MG TABS,1,0
AP,TAC APRETERO 125/80 CAPS,1'S,0
BN55,BANDRONE 150MG TABS,1'S,0
KKHSDJ,BARINAT 4MG TAB,1*30,0
CAPN,CAPNAT 500 TAB,10X10S,0
C264,COLDACT CAPS,1*20,50
C267,COLDACT DROPS,15ML,0
C266,COLDACT PLUS SYRUP,60ML,0
C265,COLDACT SYRUP,60ML,0
CUT30,CURTRIK 30MG TABS,010'S,0
CUR2,CURTRIK 6MG TABS,10'S,0
CYTO,CYTOCRISTIN ING,1,0
JHDFJG,DASANAT 50MG TAB,1*60S,0
EZAT1,EZACT 120MG,"10,S",0
EZACT,EZACT 90,"10,S",20
GT18,GEFTINAT 250 TABS,30'S,0
VFSGHD,HYDENT K 100GM TOOTHPASTE 1*1,,6
HLHFHG,LINANAT 5MG TAB,1*10,0
LAX10,LORNAT PLUS TABS,10'S,0
MULT11,MULTIZYME SYRUP,225ML,0
NAT31,NATCLOVIR 500MG INJ,VIAL,0
N237,NATCOCILLIN 500MG CAPS,10'S,0
NAT45,NATPIP-T 4.5MG INJ,4.5MG,0
OST21,OSTONAT KIT,28'S,0
P-CAR,PCARZINE 50 CAPS,10'S,0
1RA1,RAMINATE 5MG TABS,10'S,0
SUC11,SUCRANAT SYRUP,200ML,0
S228,SUMINAT 50MG TABS,1'S,0
TS11,T-SCORE KIT,30'S,0
TASGSD,TAFNAT 25MG TAB,1*30,0
YR19,TARANA 5 TABS,28'S,0
V1V1,VEENAT 400 TABS,10'S,0
VILDAN,VILDANAT M 50/500MG TAB,1*10,0
XTAN1,XTANE TABS,30'S,0
ZEMP11,ZENMARK D POWDER,200GM,0
Z089,ZOFER 4MG AMP,1*1,0
ZOLDO,ZOLDONAT VAIL,1,0
KSFAGV,ADNEON AMPS,2ML,0
HFWEWE,FLUDOT AMP,1*5ML,0
JKCDHF,JUSTIN AMP,5*3,0
JJHJH,LOX 10% SPRAY,1*50ML,0
NEF21,NEFDYL HAIR OIL,100ML,0
NNES1,NEFDYL SHAMOO,50ML,0
N243,NEOPAN FORTE TABS,10'S,0
NIT1,NITRO PLUS INJ,5ML,0
JFEUSK,REJOINT T TAB,1*15,0
S341,SILODERM OINT,20GM,0
CORTS,CORT S AMP,1'S,38
LOADR,LOX 2% ADR VIAL,30ML,0
L495,LOX 2%(XYLOCAINE) JELLY,30GM,0
MAG121,MAGNEON AMPS,1ML,0
JSDFJL,NEOROF VAILS 10ML,1*10ML,0
NEOT1,NEOTERICIN 50MG INJ,5ML,0
NILAC,NILAC A GEL,20GRMS,0
NIPCA,NIPCARE OINT,20GM,0
RITR,RITROD TABS,10'S,0
TERMIN,TERMIN AMP 10ML,1*10,0
VSM1,VASOCON INJ,1ML,0
AMIAJD,AMIODON 150MG INJ,5*3ML,0
XBJUAA,ANAWIN HEAVY,1*1,0
FBSFFG,ANAWIN VAIL,1*20ML,0
ARAYAS,ARTACIL AMP,2.5ML,0
BUTODO,BUTODOL 1MG INJ,5*1ML,0
LONEOW,CLONEON AMP 1ML,1*1,0
JHRH,DEXTOMID 100MG AMP,1*1,0
DFYHJ,DOMIN AMP 5ML,5*5ML,0
DOTAAM,DOTAMIN AMP 5ML,5*5,0
GHFVDS,EFIPRESS AMP 1ML,1*1ML,0
ENT2,ENTAX(TAMOXIFEN)20MG TABS 10'S,,0
BFJF,GLUCI AMP,5*10,0
DFKJHF,JUSTIN 12.5MG SUPPIASTORY 1*5,,0
JUST1,JUSTIN 25MG SUPPOSITORIES 5'S,,0
LABSLD,LABLOL 20MG AMP,4ML,0
NVFNJS,LORI INJ 2ML,1*2ML,0
L496,LOX 2% AMP,1*30ML,0
LL,LOX 2% JELLY 30G,30G,4
GVGTWR,LOXICARD 2% VAIL,1*50ML,0
LUBIG,LUBIC JELLY,20GR,0
MEZOLA,MEZOLAM INJ 10ML,1*10ML,0
MLHLHF,MILRINEON INJ,1*10ML,0
MYUFDF,MYO PYROLATE INJ,1*5ML,0
NEO1,NEOMOL IV,100ML,20
DMNBFB,NEOMOL SUPPOSITORE 250,1*5,0
NEOP9,NEOPRATE VIAL,5ML,0
SDHGFG,NEOROF INJ 10ML,1*10ML,0
JFHJHH,NEOVEC 4MG AMP,1*2ML,0
HGBGH,NETICOL AMP,1*2ML,0
NORASS,NORAD AMP,2ML,0
POTUYI,POTCL INJ,5*10,14
PRILOX,PRILOX CREAM,5GM,0
HFFYH,PYROLATE AMP 1ML,5*1,0
SOIOAS,SODAC AMP,1*25ML,0
JJGJNG,SUCOL VAIL 10ML,1*10ML,0
BGHHG,THIOSOL 0.5G INJ,1*1,0
VAKIU8,VANKING 1000G AMP,1*1G,10
FBGHBF,VANKING 500MG AMP,1*500MG,0
VASOCP,VASOCON ADR AMP 1ML,5*1,0
VPRERH,VPRESS 1ML AMP,1ML,0
M812,MEZOLAM AMP,5ML,0
T333,TROPINE AMP,1*1ML,0
ACTIV,ACTIV LOZENGES,1'S,0
B1642,BABY&ME POWDER,300GM,0
CERE9,CEREGROW S6 POWDER,375,0
JHF6,CERELAC RAGI APPLE,1*300GM,0
CERES5,CERELAC 5 GRAINS & FRUITS 1*300GM,,0
CEREXC,CERELAC 5GRAINS &VEG,300GM,0
C308,CERELAC APPLE CARROT,1*300GM,0
CMCC,CERELAC APPLE CHERRY,400GM,0
C087,CERELAC HONEY S2,400GM,0
HFKJH,CERELAC KICHIDI VEG,1*300GM,0
GUYG,CERELAC MULTIGRAIN DAL,1*1,0
CUYF,CERELAC MULTIGRAIN FRUITS 1*1,,0
GSDSGU,CERELAC RICE MIXED FRUIT,1*1,0
FGHRTT,CERELAC RICE MIXED VEG,1*1,0
C305,CERELAC RICE S1,300GM,0
C304,CERELAC RICE VEG S2,300GM,0
CDERFE,CERELAC WHEAT,300GM,0
CMCWH,CERELAC WHEAT APPLE,1*300MG,0
FSTSYT,CERELAC WHEAT HONEY DATES 1*300GM,,0
GDHJUF,CERELAC WHEAT ORNG S2,1*300GM,0
COMCAR,COMPLAN CREAMY 500ML,500GM,0
EV46],EVERYDAY,475GM,0
E250,EVERYDAY REFILL,500GM,0
JFHGF,GERBER BLEND MNGO BERRY,1*300GM,0
GSETRW,GERBER BLEND SPIN CRT,1*300GM,0
K113,KIT KAT (NES),36GM,0
K205,KIT KAT MILKY CHOCO,17.5GM,0
LACTO,LACTOGEN 1 REFIEL,500GM,0
L128,LACTOGEN 1 TIN,500GM,0
LACTR,LACTOGEN 2 REFIEL,500GM,0
L127,LACTOGEN 2 TIN,500GM,0
GCFYT,LACTOGEN 3 FU IF,1*400GM,0
L132,LACTOGEN 4 REFIL,500GM,0
AJKLDB,LACTOGROW POWDER,1*400GM,0
MAGGI,MAGGI ALL,1,0
M205,MILO REFILL,500GM,0
M455,MILO REFILL,200GM,0
NAN1E,NAN EXCELLA PRO1 POWDER,400GM,0
NAN2E,NAN EXCELLA PRO2 POWDER,400GM,0
NANL9,NAN LO LAC POWDER,200GM,0
T6TYF,NAN PRO 1 REFL,1*400GM,0
TRD5,NAN PRO 1 TIN,1*1,0
YHF7,NAN PRO 2 IF,1*400GM,0
VBHGF7,NAN PRO 3 IF,1*400GM,0
NANAGR,NANGROW POWDER,,0
NESL11,NESTLE EVERDAY POWDER,1,0
JKDF,NESTLE LACTYOGROW 400GM,1,0
HGTHH,NESTLE NANGROW 400GM,1,0
NES1R,NESTOGEN 1 REFILL,500 GM,0
NESTT,NESTOGEN 2 REFIEL,500GM,0
NF,NESTUM FRUIT S3 POWDER,375GM,0
N176,NESTUM RICE S1 POWDER,400GM,0
NRD,NESTUM RICE VEG S2 POWDER 400GM,,0
N438,NESTUM RICE-BANANA,400GM,0
NIDO,NIDO 3+SMART GROWTH 500GM 1X500GM,,0
NIJ,NIDO GROWING UP MILK JR,1X500GM,0
NU1T3,NUTREN JUNIOR POWDER,250GM,0
L207,PEPTAMEN JUNIOR POWDER,1*1,0
HFGWER,PEPTAMEN POWDER,1*400,0
P735,POLO 2/-,30S,0
P1398,POLO 5/-,1'S,0
POL50,POLO MINI JAR,1'S,0
PRE11,PRE NAN POWDER,390GM,0
PROTIN,PROTINEX CHOCOLATE 250GM,1*250GM,0
PROT,PROTINEX LITE 250GM,1*250GM,0
REDHSD,RESOURCE FIBER CHOICE,86.8G,0
TAGZ,TANGREEZ,1,0
HGDGFF,FIVEDERM CREAM,1*15GM,0
JFWYRW,GRISOCLIX 500 TAB,1*10,0
BUN,BUN PRO TAB,10;S,20
BUNP,BUN-PRO FORTE,10'S,20
DSJFKL,MYCOTEN S 360MG TAB,1*10,20
NEFD,NEFRODAY TAB,10'S,30
NE,NEULOG TAB,10;S,100
RENL,RENLIV TAB,10;S,70
TOFA,TOFATINIB XR,10'S,0
C1717,COOLING GEL PATCH,1'S,0
NEU,NEULOG DS TAB,10;S,20
BEC,BECOLAC FORTE CAPS,15'S,0
CON\1,C ONE 1GM VIAL,1GM,0
CON20,C ONE SB VIAL,1.5MG,0
FACE,FACECLIN TUBE,20G,0
FE21,FEBUBEST 40MG TABS,10'S,0
FL1P,FLOXIP D EYE DROPS,5ML,0
FLOXI,FLOXIP TZ TABS,10'S,0
AC43,ACEVAH P TABS,10'S,0
ACITR1,ACITROM 1MG TABS,30'S,100
111,ACUVIN TABS,10'S,0
A679,AO-7 CAPS,15'S,0
A350,AQUAVIRON AMP,1ML,0
A336,ASCABIOL BIG LOTION,100ML,0
A337,ASCABIOL SMALL LOTION,50ML,0
AS12,ASCAPIL 12A TAB,1S,0
AZ41,AZRO 500MG TABS,3'S,0
BTS1,B-STIL 16GM TABS,10'S,0
B-ST,B-STIL 24MG TABS,10'S,0
BE83M,B-STIL 8MG TABS,10'S,0
B300,BENADON 40MG TABS,10'S,45
CAT1,CAAT 10 TABS,15'S,0
CAT2,CAAT 20 TABS,15'S,0
CC40,CAAT 40MG TABS,10'S,0
CA80\,CAAT 80MG TABS,10'S,0
CAAF1,CAAT F TABS,10'S,0
C183,CALAPTIN 120 SR TABS,15;S,90
C186,CALAPTIN 40MG TABS,1*30`S,150
C187,CALAPTIN 80MG TABS,10`S,0
CATN1,CANESTEN POWDER,100GM,0
C447,CARDULES PLUS 10MG CAPS,10'S,0
C448,CARDULES PLUS 20MG CAPS,10'S,0
C449,CARDULES RETA 10MG CAPS,10'S,0
C450,CARDULES RETA 20MG CAPS,10'S,0
CP11,CEFCHAMP 325 TABS,10'S,0
CEFIO,CEFI O 200MG TABS,10'S,0
CL,2 CLINAXON 500MG TABS,10'S,0
CLN1,CLINAXON P TABS,10'S,0
CLOZ1,CLOZAM 5MG TABS,10'S,0
COL16,COLLAGE P SACHET,1GM,0
C865,CYTOGARD 20MG TABS,10'S,0
CYTO60,CYTOGARD OD 60MG TABS,15'S,60
DP31,D3-UP SACHET,1GM,0
D462,DELETUS BX EXP SYRUP,100ML,0
D297,DELETUS D SYRUP,100ML,13
DTU,DELETUS P 100ML,100ML,1
D295,DELETUS TABS,10'S,0
DI3,DIABETROL 3P TABS,10'S,0
DIAS,DIABETROL SR TAB,10S,0
D559,DIABETROL TABS,10'S,0
DR99,DURAJOINT GM TABS,10'S,0
EBY,EBILITY CAP,1X10S,0
EF1.5,EFFIMAX S1.5G VAIL,1.5GM,0
ELE1,ELECT RTD DRINK,100ML,0
E191,EN-ACE 2.5MG TABS,10'S,0
E192,EN-ACE 5MG TABS,10'S,0
ENAC25,ENACE 2.5MG TABS,10'S,0
ENACE5,ENACE 5MG TABS,15,0
END5,ENACE D 5 TAB,1X10S,0
ENACED,ENACE D TABS,30'S,0
E116,ESGIPYRIN TABS,1*15'S,175
ESR,ESOGA RD CAP,10'S,0
E183,ESSENTIALE L CAPS,10'S,0
E067,EUGLUCON TABS,10'S,0
E366,EXERGE CAPS,30'S,0
EE11,EXERGE HC CAPS,10'S,0
FS32,FACECLIN AT CREAM,15GM,0
F197,FAMTAC 20MG TABS,14'S,0
F198,FAMTAC 40MG TABS,14'S,0
FBS10,FEBUSTAT 40GM TABS,10'S,0
FLAG,FLAGYL SYRUP,60ML,0
FLOX,FLOXIP 500MG TABS,10'S,0
FO41,FOLLIHAIR TABS,15S,0
G126,GARDENAL 30MG TABS,30'S,0
G129,GAROIN TABS,10'S,0
G289,GAVISCON SYRUP,100ML,0
G145,GENTICYN 80MG VIAL,2ML,50
G141,GENTICYN EYE DROPS,5ML,0
G302,GLIMER 2MG TABS,10'S,0
GUL1,GLUCOCARD 10'S,10'S,0
GLU100,GLUCOCARD 100'S,100'S,0
GL50,GLUCOCARD 50'S,1,0
GL424,GLUCOCARD SENSOR STRIP,25'S,0
GLUG,GLUFORMIN G1 FORTE TABS,10'S,0
GLUG1,GLUFORMIN G1 TABS,15'S,0
GGF,GLUFORMIN G2 FORTE TABS,10'S,0
GL,GLUFORMIN G2 TABS,15'S,0
GLUXL1,GLUFORMIN XL 1000MG TABS,10'S,0
GLUFOR,GLUFORMIN XL 500MG TABS,1*15,0
"GLUS,.",GLUSPAN D TABS,10'S,0
G487,GLUSPAN TAB,15'S,0
GOR2.6,GTN SORBITREATE CR 2.6,25'S,1
I032,INDERAL 10MG TABS,10'S,20
I037,INDERAL 40MG TABS,1*15,75
IND20L,INDERAL LA20MG TABS,15'S,45
INDE1,INDERAL LA40MG TABS,15'S,45
I034,ISMO 20MG TABS,30'S,60
IVC11,IVABID 5 TABS,1*14,42
KENA,KENACORT 4 TAB,15'S,30
KCL1,KERACNYL FACE WASH,100ML,0
KRL2,KERACNYL FACE WASH,50ML,0
1KT4,KETONATE OINT,15GM,0
KI,KIDPRED SYRUP,60ML,0
LEVESA,LEVESAM 1GM TABS,10'S,0
LE11,LEVESAM 250 TABS,10'S,0
LES,LEVESAM 500MG TABS,15'S,0
LV,2 LEVESAM 750 TABS,10'S,0
LEVES.,LEVESAM SYRUP,100ML,0
L112,LIBRAX TABS,20'S,0
L110,LIBRIUM 10MG TABS,1O'S,80
L111,LIBRIUM 25MG TABS,15'S,30
LPG,LIPIGOAL 10 TABS,10'S,0
L1068,LMWX 0.4ML/40MG INJ,0.4ML,0
L173,LOBATE CREAM,30GM,0
L175,LOBATE GM CREAM,20GM,13
L301,LOBATE M CREAM,15GM,0
L435,LOBATE S CREAM,15GM,0
LO5,LOBATE-GM CREAM,7.5GM,0
LORS,LORSAID 4 TAB,10,0
LORS1,LORSAID 8 TAB,10,0
LO44,LORSAID P TABS,10'S,0
LOR8,LORSAID P8 TABS,10'S,0
LOR99,LORSAID SD4 TABS,10'S,0
LOR11,LORSAID SD8 TABS,10'S,0
ML21,MALIDENS 250 SYRUP,100ML,0
ML44,MALIDENS 500 TABS,10'S,0
ML42,MALIDENS 650 TABS,10'S,0
MALI.,MALIDENS DS SYRUP,60ML,0
M281,MALIDENS SYRUP,100ML,0
MEL1,MELAGARD 50+ LOTION,60GM,0
ML12,MELAGLOW CREAM,30GM,0
M282,MELALITE 15 CREAM BIG,50GM,0
M482,MELALITE FORTE CREAM,30GM,0
MALXL,MELALITE XL CREAM,15GM,0
ETA2,METAGARD CR 60MG TABS,10'S,0
M1T1,METGLAR 1MG TABS,10'S,0
MT99,METGLAR 2 TABS,10'S,0
M387,MICROPYRIN TABS,10'S,0
M286,MONO SORBITRATE 20MG TABS 10'S,,0
MULT9,MULTILET LANCETS,25'S,0
M093,MYSOLINE TABS,10`S,0
N439,NEOMERCAZOLE 10MG TABS,100'S,1
NEO445,NEOMERCAZOLE 20MG TAB,100'S,1
N247,NEOMERCAZOLE 5MG TABS,100'S,2
NERV,NERVUP AMPS,0.5ML,0
E1R,NERVUP ER TABS,10'S,0
NERFOR,NERVUP FORTE,1X10'S,0
NER,NERVUP OD CAPS,15S,0
PG14,NERVUP PG CAPS,10'S,0
NCN1,NICODUCE 10MG TABS,20'S,0
NIC10,NICODUCE 5MG TABS,20'S,0
NIC1,NICOFER XT TABS,7'S,0
"NORMI,",NORMICTAL 600MG TABS,10'S,0
NUB,NUBETA 5MG TABS,10'S,0
O376,OMNATAX O 100MG TABS,10'S,0
O374,OMNATAX O 200MG TABS,1X10S,0
OXM1,OXMAZETOL 150MG TAB,1X10'S,0
OXM21,OXMAZETOL ER300 TABS,10'S,0
P128,PARAXIN 500MG CAPS,10S,0
P309,PHENERGAN 25MG TABS,10'S,0
P303,PHENSEDYL SYRUP BIG,100ML,0
P1292,PHENSEDYL SYRUP SMALL,50ML,0
P785,PIOZONE 15MG TABS,10`S,0
PIOM15,PIOZONE M 15MG TABS,10'S,0
P618,POLYCHROL FORTE SYRUP,170ML,0
P332,POLYCROL FORTE GEL BANANA 170ML,,0
P430,POLYCROL FORTE MINT GEL,170ML,0
PPG1,PPG 0.2 TABS,30'S,0
PP4,PPG 0.3 TABS,10'S,0
PP41,PPG MET 0.2 TABS,10'S,0
Q1T1,QUIET SYRUP,100ML,0
RCID1,R CID PLUS CAPS,10'S,0
ROO2,R2 20MG TABS,10'S,0
RK26,R2 40MG TABS,10'S,0
ROO3,R2 5MG TABS,10'S,0
1R21,R2-F10 TABS,10'S,0
501R,R2-F5 TABS,10'S,0
R739,REJOINT TABS,1*15,60
RIV,RIVOTRIL 0.25MG TAB,10S,0
R112,RIVOTRIL 0.5MG TABS,1*15,15
R113,RIVOTRIL 2MG TAB,10'S,0
R114,ROCALTROL(CALCITROL),10'S,10
ROCK1,ROCK BON SACHET,1GM,0
RK19,ROCK BON TABS,10'S,0
T4027,ROCKBON D TABS,10'S,0
R164,ROVAMYCIN FORTE TABS,10'S,0
SAFD,SAFE DICLO CAP,10'S,0
S351,SARIDON TABS,10`S,1500
SET1,SEMI TRIBET 1 TABS,10'S,0
SET11,SEMI TRIBET 2 TABS,10'S,0
SLJHNS,SLOAN S BALM 20GM,1*20GM,0
S346,SORBITRATE 10MG TABS,50'S,0
S345,SORBITRATE 5MG TABS,50'S,200
STAV1,STARVOG M0.3MG TABS,10S,0
S913,STATOR 10MG TABS,15'S,0
S914,STATOR 20MG TABS,10'S,0
ST40,STATOR 40 TABS,10'S,0
ST111,STATOR ASP75 CAPS,1*15,0
STEZ,STATOR EZ 10 TAB,1X10'S,0
STAT1,STATOR F TABS,10'S,0
STEI,STEMETIL MD TABS,15'S,234
S1097,STROMIX 75MG TABS,10`S,0
SA150,STROMIX A 150MG CAPS,10'S,0
SA75,STROMIX A 75MG CAPS,10'S,0
SIAM,SUPERMET AM TABS,10'S,0
SPH,SUPERMET H TABS,10'S,0
SUX2,SUPERMET XL25 TAB,1*15,0
SUPER,SUPERMET,15,0
SUPR,SUPRACTIV CAPS,15'S,0
S204,SUPRADYN TABS,15'S,120
S136,SUPRESSA LIQUID 100ML,,0
SZETA,SZETALO 10MG TAB,10,0
SZP,SZETALO PLUS,15'S,0
SZEO,SZETALO PLUS MD TABS,10'S,0
SZT14,SZETLO 5 TABS,10'S,0
TELE,TELPRES 40MG TABS,15'S,0
TL10,TELPRES AM TABS,10'S,0
TELP80,TELPRES AM80MG TABS,10'S,0
TELCT1,TELPRES CT40/12.5MG TABS,10'S,0
TELP6,TELPRES CT40/6.25MG TABS,15'S,0
TE80H,TELPRES H80 TABS,10'S,0
TELP4,TELPRES MT25 TABS,1*15,75
TELL1,TELPRES MT50 TABWS,1*15'S,0
TELH,TELPRES-H TAB,1X10,0
T075,TENOCLOR 25MG TABS,14'S,0
T076,TENOCLOR 50MG TABS,15`S,0
T073,TENORMIN 100MG TABS,14'S,0
T071,TENORMIN 25MG TABS,14'S,0
T072,TENORMIN 50MG TABS,14'S,0
T074,TETMOSOL SOAP,100GM,28
TETMT1,TETMOSOL TOTAL CREAM,15GM,0
TGG,TGGOAL TABS,10'S,0
THA4,THIOSPAS A4 TABS,15'S,0
TOSA,TORESA 10 TAB,10'S,0
TRI2F,TRIBET FORTE2 TABS,10'S,0
TB1,TRIBET-1 TAB,10'S,0
TB2,TRIBET-2 TAB,10'S,0
TRUS11,TRUSTCHEK XPERT,1,0
TRUS,TRUSTYL BR SYRUP,100ML,0
TRUST.,TRUSTYL CD SYP,100ML,0
T752,TRUSTYL SYRUP SMALL,50ML,0
TYZ,TYZA CREAM,10GM,0
TYZAM,TYZA M OINT,10GM,0
TZT,TYZA TABS,7'S,0
UNO11,UNO-INSULIN COOL POUCH,1,0
VALANC,VALANCE OD 250,10'S,0
VAL-50,VALANCE OD 500,10'S,30
VALN,VALANCE OD 750MG TAB,10'S,0
V1L2,VALANCE OD1G TABS,10'S,0
VA22,VALANCE SYRUP,100ML,0
V045,VALIUM 10MG TABS,10'S,0
V043,VALIUM 2MG TABS,10'S,0
V044,VALIUM 5MG TABS,10'S,30
WN15,WINBP 20 TABS,10'S,0
WN19,WINBP 40 TABS,10'S,0
WIA11,WINBP AM20 TABS,10'S,0
WIN3,WINBP AM40 TABS,10'S,0
WIN12,WINBP CT20/12.5MG TABS,10'S,0
WINCT1,WINBP CT20/6.25MG TABS,10'S,0
WN16,WINBP H TABS,10'S,0
WB40\,WINBP H40MG TABS,10'S,0
"WIN.,",WINBP MT25 TABS,10'S,0
WINB1,WINBP MT50 TABS,10'S,0
X788,XARB 150MG TABS,10`S,0
XEVOR,XEVOR TABS,15'S,45
ZML1,ZOMELIS 50MG TABS,14'S,0
ZM21,ZOMELIS MET50/1000 TABS,1*15'S,0
REN21,RESENSE OD CAPS,10'S,0
TELP11,TELPACE AM TABS,10'S,0
TEL33,TELPACE H40 TABS,10'S,0
TR102,TRISURE 1MG TABS,10'S,0
TRL2,TRISURE 2MG TABS,10'S,0
VIT6,VITMOST CAPS,10'S,0
NBF125,NIKASU BABY FEEDER,125 ML,0
NPC250,NIKASU BABY FEEDER M/C,250 ML,0
NBF250,NIKASU BABY FEEDER PRI25,250 ML,0
NIC250,NIKASU BABY FEEDER S/C,250 ML,0
IFDUJU,ACERAPID GEL,SING,0
PIPR11,PIPRANIR TZ INJ,10ML,0
ROOT,ROOT OIL,100ML,0
"ROOT.,",ROOT SHAMPOO,100ML,0
FRIEND,FRIENDS ADULT DIAPERS MED 1PACK,,0
FRIDEN,FRIENDS WIPES,1,0
NEF10,NEFDYL TABS,10'S,0
NEL12,NELNAC 200SR TABS,10'S,0
NLSP,NELNAC SP(PAINIL SP) TABS 10'S,,0
NELM,NELNAC-MR,10S,0
RT111,RESTORE LIQUID,200ML,0
ZEE,DE ZENADRYL SYRUP,1,0
C565,COLINOL TABS,10`S,0
IT2,ITEL 25MG TABS,14'S,0
ASLUVL,LUVLAP BABY NIPPLES,1,0
NELCA,NELNAC P TABS,10'S,0
N283,NEOPAN TABS,10`S,0
T30,TOPACT LOTION,30ML,0
A9,ARG 9 SACHETS,3GM,0
DEC1,CONVALES POWDER,10.2GM,0
DG10,DIGESTAL CAPS,10'S,0
EZL1,EZLAX SACHET,10.4GM,0
FOLMET,FOLMET TABS,10'S,0
FDHLK,GLYZIFER NM SY,150ML,1
GLYZ9,GLYZIFER NM TAB,10'S,20
GN10,GNORM CAPS,6'S,0
GN47,GNORM SACHAT,5G,0
HG12,HIGHPRO POWDER,200G,0
HYOR,HYAL ORAL TABS,10'S,0
HFDGHR,HYRAL ORAL 18% TAB,1*10,0
KIO14,K-ION 10 TABS,10'S,0
MDA,MA DHA CAPS,10'S,0
MECG,MECGLA CAPS,10'S,0
ME36,META X TABS,10'S,0
MOCFDI,MOX CV 625MG TAB,1*10,0
T4026,NIACIN NF TABS,10'S,0
ORK1,OROKINASE TABS,10'S,0
RFF4,REFIL TABS,10'S,0
SIX11,SIX 9 TABS,10'S,0
AGE2,AGECAST L TABS,10'S,0
BN23,BENEFIBER POWDER,100GM,0
BERI,BERIRAB P 300 ING,1'S,0
DLP9,DOLAC P TABS,10'S,0
ES131,ESOSTEO TABS,30'S,0
GL1M1,GLIMTAS TABS,10'S,0
MUS10,MUSRAN ER600 TABS,10'S,0
ONB2,ONBREZ 300 BREEZHALER,30'S,0
P1L4,PALITEX TABS,6'S,0
T011,TEGRITOL 100MG TABS,10'S,500
TRIOP,TRIOPTAL 150 TABS,10'S,0
TRI44,TRIOPTOL 450MG TABS,10'S,0
VIN11,VINBOSE 0.3MG TABS,10'S,0
VOLT3,VOLTAREN EMUGEL,15GM,0
VYS50,VYSOV 50MG TABS,28'S,0
VYM50,VYSOV M50/500MG TABS,10'S,0
ZIT1,ZITAMET 50/1000 TABS,10'S,0
A028,ADELPHANE ESIDREX TABS,10`S,0
A029,ADELPHANE TABS,10'S,0
AGRI2,AGRIPPAL S1 VACCINE,0.5ML,0
ASAHZX,AZARGA EYE DROPS,1*5ML,0
CALCI,CALCIUM SANDOZ AMP,10ML,0
C1602,CALCIUM SANDOZ CHOC SMALL 30`S,,0
C043,CALCIUM SANDOZ GROWTH,30'S,0
NOCI1,CALCIUM SANDOZ ICE BIG,100'S,0
CAL30,CALCIUM SANDOZ ORAN SMALL 30'S,,0
CITROM,CITROMACALVIT TAB,10'S,0
C693,CLEARINE EYE DROPS,10ML,0
CURA,CURAM 228.5 SYRUP,30ML,0
DA,DASKIL 250MG TABS,7'S,0
DASKIL,DASKIL CREAM,10GM,0
DIOA,DIOVAN 160 TABS (MME),10'S,0
EFE11,EFETRAN CAPS,10'S,0
E396,EPITRIL 0.5MG TABS,10'S,0
GL15,GALVUS 50 TABS,15S,0
GL98,GALVUSMET 50/1000 TABS,15'S,0
GL99,GALVUSMET 50/500 TABS,1*15,0
GALV1,GALVUSMET 50/850 TABS,1*15,0
G503,GENTEAL EYE DROPS,10ML,0
G445,GLYRED M TABS,10`S,0
L016,LIORESAL 10MG TABS,10'S,0
LOPR25,LOPRESOR 25MG TABS,10'S,0
L019,LOPRESOR 50MG TABS,10'S,0
LOP.,LOPRESOR XL 50MG TABS,10'S,0
M650,MACALVIT 500 TABS,15'S,0
M005,MACALVIT SYP,200ML,0
VFGU,MECNURIN-LC TAB,1*10,0
M008,METHERGIN AMP,1ML,0
M007,METHERGIN TABS,10`S,0
MET2,METOXIM 200MG TABS,10'S,0
M852,MIACALCIC NASAL SPRAY,2ML,0
M127,MIXTARD 30 HM PENFILL,3ML,5
N113,NOVOFINE NEEDLES(NOVOLET) 1'S,,100
OT025,OTRINOZ 0.025% NASALDROPS 10ML,,0
OTR1,OTRINOZ 0.5% NASALDROP,10ML,0
OTAD,OTRINOZ AD NASAL DROP,10ML,5
O428,OTRIVIN (S) NASAL DROPS,10ML,0
O015,OTRIVIN ADULTS NASAL,10ML,10
JFGGGG,OTRIVIN BREATH CLEAN,1*100ML,0
O016,OTRIVIN PED NASAL SPRAY,10ML,5
OTRIV,OTRIVIN PERFECT NASAL,15ML,0
REJHNR,REGESTRONE CR 15MG TAB,1*10,0
R015,REGESTRONE TABS,10'S,110
R485,RESOURCE DIABETIC POWDER,56GM,0
456,RESOURCE DIABETIC VANILLA 200G,,0
R499,RESOURCE HIGH PROTEIN,400GM,0
R501,RESOURCE RENAL TIN,200GM,0
R332,RIMACTAZID + E TABS,2'S,0
R367,RIMACTAZID 450/300 TABS,10`S,0
R021,RIMACTAZID DISPED TABS,10'S,0
R766,RIMACTAZID PLUS 600/300,4'S,0
S013,SANDOCAL 500MG TABS,30'S,0
SQUI1,SEQUADRA INHALER,240MD,0
S37,SYNTOCINON AMP,1'S,0
TEG200,TEGRITOL 200MG TABS,10'S,900
T013,TEGRITOL 400MG TABS,10'S,0
T525,TEGRITOL CR 200MG TABS,10'S,160
TEC3,TEGRITOL CR 300 TAB,10S,0
T550,TEGRITOL CR 400MG TABS,10'S,0
T014,TEGRITOL SYP,100ML,0
TRT3,TRIOPTAL 300MG TABS,10'S,0
TRIO2,TRIOPTAL 600 TABS,10'S,0
TRIO6,TRIOPTAL SYRUP,60ML,0
VIG02,VINGOSE 0.2MG TABS,10'S,0
VITL1,VITALUX PLUS TABS,30'S,0
V003,VOLTAFLAM TABS,10'S,0
V004,VOVERAN 50MG TABS,15'S,0
V005,VOVERAN AMP,1ML,0
VOV3M,VOVERAN AMPS,3ML,0
V011,VOVERAN D TABS,10'S,0
V007,VOVERAN EMUGEL,30GM,1
VOVEMU,VOVERAN EMUGEL,50GM,1
VOVE1,VOVERAN EMUGEL,21GM,0
V008,VOVERAN SR 100 TABS,1X15'S,185
V154,VOVERAN SR 75 TABS,10'S,0
VOVE,VOVERAN THERMAGEL,30GM,0
VOVT1,VOVERAN TPM GEL,30GM,0
DKJHJH,VYMADA 200MG TAB,1*7,0
VYU10,VYSOV M50/1000MG TABS,15'S,0
GAB22,GABASET M TABS,10'S,0
GEB11,GEBEDEX TABS,10'S,0
NO5M,NORGLEN 5MG TABS,10'S,0
P015,PROSAN SYP,200ML,0
SPRTCH,SPERT CHOC POWDER,200GM,0
VYMADA,VYMADA 100MG TAB,1*14,28
VYM15,VYMADA 50 TAB,14'S,0
A703,ACTRAPID FLEXIPEN,3ML,0
020,HUMAN MIXTARD 100ML,100ML,0
HUMMIX,HUMAN MIXTARD 40 VIAL,10ML,9
H021,HUMAN MIXTARD 50/50 VIAL,10ML,1
I059,INSULATARD HM PENFILL,3ML,0
LEVEMI,LEVEMIR FLEXIPEN,3ML,0
M574,MIXTARD 30 FLEXPEN,3ML,0
NMF,NOVOMIX 30 FLEXPEN,1'S,1
NOV1,NOVOMIX 30 PENFILL,5ML,0
N,OBO NOVOMIX 50 FLEXPEN,1,0
NOV50,NOVOMIX 50HM PENFILL,3ML,0
N1555,NOVONORM 2MG TABS,15`S,0
NOV33,NOVOPEN 4 PEN,1*1,0
NOF,NOVORAPID FLEXPEN,1X3ML,0
NV44,NOVORAPID PENFILL,1*3ML,0
KDHKFH,RYBELSUS 3MG TAB,1*10,0
HFDHKG,RYBELSUS 7MG TAB,1*10,0
DJFLJH,RYBLELSUS 14MG TAB,1*10,0
RYZ2,RYZODEG FLEXPEN,100/3ML,1
RYZP1,RYZODEG PENFILL,3ML,6
TRE11,TRESIBA FLEXIPEN,3ML,0
SDJKDG,TRESIBA PENFIL,1*5,2
VIC3,VICTOZA(LIRAGLUTIDE) INJ,6MG/ML,0
MYT8,MYOLAX-TC 8 TAB,"10,S",0
MYT4,MYOLAX-TC4 TAB,"10,S",0
NV14,NOVOCERIN GM TABS,10'S,0
PROC9,PROCON POWDER,200GM,0
RB,1 RABISTAL DSR CAPS,10'S,0
NUML-1,NUMLO-D TAB,10'S,0
SNUM,S NUMLO 2.5MG TABS,10'S,0
NU-M,S NUMLO 5MG TAB,10'S,0
NUFLUC,NUFLUCON E/E DROPS,5ML,0
.CLOT,CLOTRIN AC EAR DROPS,5ML,0
C813,CLOTRIN EAR DROPS,10ML,0
NIC11,NICODIN SOLUTION,500ML,0
NZ10,NUZEN GOLD HAIR OIL,100ML,0
S486,SALACTIN LOTION,10ML,0
TUF1,TUFFEX AP SYRUP,100ML,0
NGM,NUGERM CAPS,10'S,0
NERT,NEWREST 150 TABS,1'S,0
NUZT,NUZOLIN-D TAB,10S,0
DKHGFJ,APTAMIL 1 REFIL 500GM,1*1,0
APTNFA,APTAMIL 3 GOLD REFL,400GM,0
FDRUGR,APTAMIL PEPTI 1,1*400GM,0
GFCJHJ,CAPNEA INJECTION 1ML,1*1,0
C956,CYCLENORM E TABS,6'S,0
TRGHRH,DEXOLAC 1 200GM TIN,1*200GM,3
DFRG,DFRAG TABS,10'S,0
DR32P,DR-PRO POWDER,200GM,0
DYS11,DYSMISS CAPS,10'S,0
EPG11,EPIGALLATE CAPS,10'S,0
MTT1,M-TORR CAPS,10'S,0
MBRY1,MBRYOSAFE SACHET,7GM,0
MEDO2,MEDOMIL S2 POWDER,400GM,0
MEDS3,MEDOMIL S3 POWDER,400GMS,0
ADNKFB,NEOCATE LCP POWDER 400GM,1*400GM,0
NUBH1,NU BPH VEG CAPS,10'S,0
OST3,OSTION CAPS,10'S,0
PRO31,PROGENIX TABS,10'S,0
DSHBFK,APTAMIL 2 GOLD REFIL,1*400GM,0
BZ43,BIZYTAB SYRUP,100ML,1
YUHY,DR VIT TABS,"10,S",0
NUTD,NUTRA D POWDER,200GM,0
NUTPG,NUVIT PG POWDER,200GM,0
PROOIO,PROTINEX MOTHER'S,250GM,0
REN0,RENNOCAP CAP,10S,0
APHLHY,APTAMIL 1 GOLD POWDER,1*400G,5
APTA99,APTAMIL 1 GOLD TIN POWDER 400GM,,0
APT2,APTAMIL 2 POWDER,400GM,0
F219,FAREX MIXED FRUITS REFILL 400GM,,0
F128,FAREX WHEAT REFILL,400GM,0
PROT09,PROTINED GROW MALT POWDER 400GM,,0
PRDV1,PROTINEX DIABETES POWDER,250GM,0
PRMM,PROTINEX MAMA,250GM,0
P790,PROTINEX ORIGINAL TIN,400GM,0
P219,PROTINEX ORIGINAL TIN,250GM,0
PROVEN,PROTINEX VANILLA TIN,250GM,0
HFYHJ,L FREE 400,1*1,0
MEDO1,MEDOMIL S1 400GM POWDER,400GM,0
NOMR9,NOMIL RICE POWDER,300GM,0
CAL15,CALCITA TABS,15'S,0
C1O11,COLIVISTA DROPS,15ML,0
DFD2,DF CORT 6MG TABS,6'S,0
DIAF1,DIAFLEX GM TABS,10'S,0
DXD1,DOXODRIL TABS,10'S,0
FERR2,FERRISTA DROPS,15ML,0
FEE21,FERRISTA TABS,10'S,0
HOS1,HOCET TABS,10'S,0
ISALMA,ISAGOL POWDER,50GM,0
ZYNETU,JYNETES D SYRUP,100ML,0
KE100,KEFFESTA 100MG TABS,10'S,0
KEF21,KEFFESTA 50 DRY SYRUP,30ML,0
CLB1,KLAVISTA 625 TABS,10'S,0
CLV11,KLAVISTA DRY SYRUP,30ML,0
KOFT9,KOFSTRILL LOZENGES,10'S,0
LYC1\,LYCOMAX CAPS,010'S,0
MONTS1,MONTASMA KID TABS,10'S,0
MO32,MONTASMA TABS,10'S,0
JHFKJH,NUROVISTA XL TAB,1*10,0
NTC1,NUTACEF 200MG TABS,10'S,0
PEN,PENVIK TAB,10,0
PRD11,PROXIBA 200MG TABS,10'S,0
VISCSJ,VISCOVENT LS SYRUP,100ML,0
YTY,VITAFLORA CAPS,"10,S",0
XEN3,XENAFIT SYRUP,200ML,0
ZYND,ZYNETUS D SYRUP,100ML,0
FLHHFG,AMROLSTAR 50GM CREAM,1*50GM,0
COS,COSGLO NEW CREAM,30GM,0
KJDHJH,COSMELITE NEXT SPF 30,1*50ML,0
NEVL9,COSVATE GM PLUS CREAM,1*1,0
GLORF1,GLORIMET FORTE G1 TABS,10'S,0
GLOR3,GLORIMET FORTE G2 TABS,10'S,0
GLOM1,GLORIMET G1 TABS,10'S,0
GLORG2,GLORIMET G2 TABS,10'S,0
GLOV1,GLORIMET VG1 TABS,10'S,0
GLOR1,GLORIMET VG2 TABS,10'S,0
GLOR10,GLORISTAT 10MG TABS,10'S,0
GLOS1,GLORISTAT F TABS,10'S,0
JECTIO,JECTOCOS LIPO,10' S,0
FHSGSH,JECTOCOS LIPO SYP,1*150ML,0
SUPG20,SUPRAGLIP 20MG TABS,10'S,0
SUPMF9,SUPRAGLIP M FORTE TABS,10'S,0
SUPM20,SUPRAGLIP M TABS,10'S,0
SUNP9,SUPRANERV P CAPS,10'S,0
SUP,NE SUPRANERV TAB'S,10'S,0
VIT/D3,VITASTASIS D3 TAB'S,4'S,0
SDGGJF,ZORAY APS GEL,1*50GM,0
ALLOG1,ALLOGESIC GEL,30GM,0
BIOSD1,BIOSTAN D CAPS,10'S,0
CA32,CALCIPURE 60K CAPS,4'S,0
GWOHIP,LUMYCAN 50GM,50GM,0
OAP4,OAPRED 4MG TABS,10'S,0
PET3,PETRO TH TABS,10'S,0
REN12,RENCAP TABS,10'S,0
OCRD01,OCCRAB DSR CAPS,10'S,0
OCTT9,OCCTRACET TABS,10'S,0
KCFIOP,VARISIL CAP,1*10,0
BIC,BIZYTAB TAB,10'S,30
C1597,CARNIVIT 500MG CAPS,10`S,0
D590,DOBESIL CAPS,10'S,20
ER14,ESSVIT TABS,10'S,0
IVER12,IVERMECTOL 12MG TABS,2'S,0
IVM6,IVERMECTOL 6 TABS,1'S,0
LUTI,LUTICA CREAM,10GM,0
BUR10,BURNHEAL OINT,15GM,3
CJSHFS,COSGLO GEL,15GM,0
ROPOSO,ROPOSO GOLD,10'S,50
HGJH,WOFLOX OZ TABS,"10,S",0
ADB1,ADBLOCK AT TABS,10'S,0
ADB11,ADBLOCK MT50 TABS,10'S,0
G2M,GLIMIDE M2 TABS,10'S,0
NIDC1,NIDCAL CL CAPS,10'S,0
OLB11,OLBEN CREAM,100GM,0
OLG11,OLGLIMIDE 2 TABS,10'S,0
GLFM2,OLGLIMIDE M1 FORTE TABS,10'S,0
GML,OLGLIMIDE M1 TABS,10'S,0
OLFM2,OLGLIMIDE M2 FORTE TABS,10'S,0
OL44,OLGLIMIDE M2 TABS,10'S,0
OLD3F,OLGLIMIDE M3 FORTE TABS,10'S,0
OLG41,OLGLIMIDE M4 FORTE TABS,10'S,0
OLI4,OLIMAX OIL,100ML,0
OLIG1,OLIMAX SOAP,100GM,0
PN15,PIONEER 15 TABS,10'S,0
PN30,PIONEER 30 TABS,10'S,0
PIO2,PIONEER GM1 TABS,10'S,0
PIO3,PIONEER GM2 TABS,10'S,0
PN13,PIONEER M15 TABS,10'S,0
PIN30,PIONEER M30 TABS,10'S,0
REL3,REOL 20MG TABS,10'S,0
ATYY,REOL DSR CAPS,10'S,0
CGHKLH,CIRASCREEN SUNSCREEN,1*30ML,0
OMRA1,OMRON BP 7120,OMRAN,0
OMRBP1,OMRON BP 7121,1S,0
OMRJHT,OMRON BP 7143T1,1,0
OMARDY,OMRON BP 7156,1,0
OMAIAJ,OMRON BP 8712,1,0
OM211,OMRON FOREHEAD,1,0
OMRN9,OMRON NEBULIZER,1,0
BS24,BEST DROPS,15ML,0
BEST0,BEST SYRUP,200ML,0
HB21,HB-OZ CAPS,10'S,0
HB142,HB-OZ DROPS,15ML,2
HB124,HB-OZ SYRUP,200ML,1
MLV1,MLV DROPS,15ML,10
MLV11,MLV SYRUP,200ML,0
SDJFKF,O D3 DROPS 15ML,1*15ML,5
OFHHFH,O FER DROPS 15ML,1*15ML,0
ONETG3,ONTEARS EYE DROPS,15ML,0
ONET12,ONTEARS GELDROPS,15ML,0
OZY21,OZYME DROPS,15ML,0
OZ14,OZYME SYRUP,20ML,2
PROD1,PROVIT D POWDER,200GM,0
P1291,PROVIT POWDER,200GM,0
STA1D,STAMINA Z DROPS,15ML,0
JRHGY,XEROLIVE SPRAY 50ML,1,0
XZ111,XZYME SYRUP,200ML,48
WHFLHL,OPESTAT GOLD 20MG TAB,1*10,0
CARZ9,CARO Z CAPS,10'S,0
CLOV9,CLOVIR EYE GEL,5GM,0
IMEG3,I-MEG3 CAPS,10'S,0
LTM09,LOTEMOX EYE DROPS,5ML,0
LUB9,LUBRINAC EYE DROPS,10ML,0
MEL9,MELOSE EYE GEL,5GM,0
MOT19,MONTARK L TABS,10'S,0
MOX9,MOXIFAX EYE DROPS,5ML,0
MOXFO1,MOXIFAX EYE OINT,5GM,0
OXYM9,OXYMET DROPS,10ML,0
FGYTD,VOGLIMIN M 0.3,10*S,120
DEN11,DENTAL FLOSS,1'S,0
GEHFD,F-TUM 500MG TAB,1*4,0
MISS,MISONAC SR TAB,1X10,0
OXY1,OXYCAL CT TABS,10'S,0
P99,PIONEER 45 TABS,10'S,0
AMNU1,AMNIUP FE TABS,2'S,0
APRESO,APRESOL TABS,10'S,0
CALC11,CALCIPILL TABS,10'S,0
CHR99,CHROMET PLUS TABS,10'S,0
OHCPS,COMPLETE PD SYRUP,150ML,0
C1676,COMPLETE TD TABS,15`S,0
EPL11,EPALRICA M TABS,10,10
EPLM1,EPALRICA MP TABS,10'S,0
ID44,IDEBEN TABS,10'S,0
LA44,L-ANTIX TABS,10'S,0
LIV11,LIVOPILL CAPS,10'S,0
LIV21,LIVOPILL DS TABS,10'S,0
MS41,MISONAC GEL,30GM,0
MIS0,MISONAC TAB,1X10,0
NERM,NEUROMIN M SYRUP,100ML,0
NEUO11,NEUROMIN OD TABS,10'S,0
NEURM,NEUROMIN SYRUP,120ML,0
NUP,NEUROPILL CAP,1X10S,0
ORF,ORBONE FORTE TAB,10S,0
"ORB.,",ORBONE PLUS TABS,10'S,0
PANT,PANTAGAN 40MG TABS,10'S,0
R707,ROXIDASE TABS,10`S,0
STB11,STABLANZ PV TABS,10'S,20
STB1,STABLANZ TABS,10'S,0
THIAM1,THIAMIN RH CAPS,10'S,0
TJHHKF,THIAMIN TAB,1*10,30
ASX1,AXETEN AM TABS,10'S,0
ESX2,AXETEN H 40 TABS,10'S,0
CER,CERAZETTE TABS,28'S,0
D059,DECA DURABOLIN 100MG AMP,1`ML,0
D060,DECA DURABOLIN 25MG AMP,1'ML,3
D061,DECA DURABOLIN 50MG AMP,1`ML,3
DR111,DROTIN A TABS,8'S,0
DRA1,DROTIN PLUS TABS,10'S,0
D065,DURABOLIN 25MG AMP,1`ML,0
E038,EVALON CREAM,15 GM,1
E040,EVALON TABS,10'S,0
F046,FARIZYME FORTE TABS,10'S,0
F339,FEMILON TABS,21'S,7
L491,LIVIAL 2.5MG TABS,28'S,0
L068,LYNORAL 0.01MG TABS,10'S,0
L069,LYNORAL 0.05 MG TABS,10'S,0
HHSAGF,MIDOCAINE GEL SYP,1*200ML,0
M058,MIXOGEN TABS,10'S,0
M060,MULTILOAD CU 250,1`S,0
M059,MULTILOAD CU 375,1`S,0
N059,NATUROLAX FORTE POWDER,6GM,0
N056,NATUROLAX POWDER SMALL,100GM,0
N060,NATUROLAX-A POWDER BIG,300GM,0
N065,NOVELON TABS,21'S,2
O422,ORGAGEST CAPS,10'S,0
O295,ORGAMED TABS,10'S,0
OVO10,OVOFAR 100 TABS,5'S,0
O035,OVOFAR TABS,5'S,0
P094,PREG COLOUR (SET),1'S,0
S097,SUSTANON 100MG AMP,1'ML,0
S098,SUSTANON 250MG AMP,1`ML,0
BLUEM,BLUEMONT-L SYP,60ML,0
LJIOJH,F-TUM-250MG TAB,1*4,0
ZALIM,ZALIM LOTION,10ML,0
COLDFK,COLDZMAX DS SYP,60ML,0
ORIC1,ORICAL 0.25MG CAPS,10'S,0
ABL21,ABLIFE 100MG TABS,10'S,30
ABL,ABLIFE-M TABS,10'S,120
COBA,COBALIFE CAPS,10'S,30
COJDWJ,COBALIFE CS TAB,1*10,0
GET8E,COBALIFE P TAB,1*10,90
CKBBCB,COBALIFE XT TAB,1*15,90
SKJSDD,DAPATAB 10MG TAB,1*10,250
DJKADD,DAPATAB 5MG TAB,1*10,0
DAPA,DAPATAB M 10/500MG TAB,10'S,230
DAPM5,DAPATAB M 5/500 MG,10'S,60
GABAR1,GABARED NT TABS,10'S,120
RGLKJG,GLUCORIS M1 FORTE TAB,1*10,330
G;KJGH,GLUCORIS M1 TAB,1*15,120
GJKGGH,GLUCORIS M2 FORTE TAB,1*10,0
EFLGGG,GLUCORIS M2 TAB,1*15,360
5MET2,METORIS 25 MG,10'S,0
DGHGGH,METORIS 50MG TAB,1*10,120
NIK,NIKOLIFE-5MG TABS,30'S,5
ORIS2,ORIS C3 TABS,10'S,20
GHORG,ORITEL 20 TAB,1*10,0
OR4H,ORITEL 40H,10'S,380
ORITE,ORITEL 40MG TAB,1*10,170
GFHB,ORITEL AM,1*10,540
ORIAMH,ORITEL AMH,10'S,190
FWJHEG,ORITEL CH 40,1*10,360
HFBDGJ,ORITEL M25,1*10,400
BFHE,ORITEL M50 TAB,1*10,140
ORI,ORITEL-20,10,0
RAB/20,RABIHART 20TAB,10'S,0
RABIH1,RABIHART DSR CAPS,10'S,0
ROSUL1,ROSULIFE 10MG TABS,10'S,340
ROS22,ROSULIFE 20MG TABS,10'S,60
ROSU,ROSULIFE A 10/75,10'S,0
ROSULI,ROSULIFE CV 10 TAB,10'S,260
ROSGG,ROSULIFE CV 20,1*10,110
ROSF10,ROSULIFE F10MG TABS,10'S,110
SGFKGK,ROSULIFE GOLD 10MG TAB,1*10,150
ROGOL,ROSULIFE GOLD 20 MG,10'S,50
SITM,SITOHA M 50/1000 MG,10'S,260
STM5,SITOHA M 500MG,10'S,720
FJHSFS,TENOHA-M 1000 TAB,1*10,120
GHVFYT,TENOHA-M 500 TAB,1*10,50
JLVBJB,VILDOHA 50MG TAB,1*10,0
VULSD,VILDOHA M 500,10'S,0
SJDFSL,VILDOHA-M 1000,10'S,0
VOGLIM,VOGLIMIN GM1 TABS,10'S,160
VGOGL2,VOGLIMIN GM2 TABS,10'S,120
VOG0.3,VOGLIMIN M 0.2 TAB,10'S,0
VONOH2,VONOHART 20 TAB,10'S,160
MEXJZZ,MEZOFOL PLUS AMP,2ML,0
11PAN,PANZOMIN DSR CAP,10,0
SOBI,SOBIMIN,10'S,0
D5,DIPROVATE CREAM,16G,0
BANT,GABACARE NT TAB,10'S,83
GLIM,GLIMYCARE G0.5,15'S,255
GLIMY,GLIMYCARE G1,15,365
GLG1F,GLIMYCARE G1 FORTE TAB,10'S,50
GLIMYC,GLIMYCARE G2,15,315
GLYG2,GLIMYCARE G2 FORTE,10'S,30
GLPG,GLIMYCARE PG2 TAB,15'S,90
GL,VG1 GLIMYCARE VG1,15'S,255
GL,VG2 GLIMYCARE VG2,10,170
GP,VG2 GLYCIPHAGE V2,10,0
IRO,IROFER XT TABS,15'S,0
MYLO,MYLO PLUS CAPS,15'S,60
]MY41,MYVIT PLUS CAPS,10'S,0
OLG21,OLGLIMIDE 1MG TABS,10'S,0
OLGL1,OLGLIMIDE 3MG TABS,10'S,0
OLLG1,OLGLIMIDE 4MG TABS,10'S,0
REL40,RELATE 50MG TABS,10'S,0
RELH1,RELATE H TABS,10'S,0
RCV,ROPOSO CV TAB,10'S,190
ROPOG2,ROPOSO GOLD 20 CAPS,10'S,120
TERE1,TERELATE MT50 TABS,10'S,0
WINBET,WIN BETA XL 25 TAB,15'S,15
WIN,BE WIN BETA-XL 50,10'S,130
WIN40,WIN TENSION 40,15,345
WINAM,WIN TENSION AM,15,165
WINB25,WIN TENSION BETA 25,15;S,225
WINCH,WIN TENSION CH,15'S,165
WIN50,WIN TENSION H TAB,15'S,225
WIN,50 WIN TENSION-BETA 50,10,100
WIN,WIN TENTION TRIO,15 S,285
WINB,WINTENSION,10,0
AM3D,AMLOSAFE 3D TABS,7'S,0
AZ142,AZIVENT 200MG SYRUP,15ML,0
CLIN,CLINGEN CAP'S,3S,0
CLNF1,CLINGEN FORTE VAGINAL 7'S 7'S,,0
CM,0 COMBITHER SYRUP,15ML,0
FLP3,FLODART PLUS TABS,10'S,0
FLOD1,FLODART TABS,10'S,0
FOLD,FOLINEXT D CAP,15'S,0
"FOL,",FOLINEXT GOLD TABS,10'S,0
FOXT,FOLINEXT TAB,20S,0
GAPB,GABASAFE PLUS CAP,10X10S,0
G406,GLIMIPREX 1MG TABS,10`S,0
G407,GLIMIPREX 2MG TABS,10`S,0
GLHHGG,GLIMIPREX MF 3/500MG TAB,1*10,0
NGSGGG,GLIMIPREX MF 4/500MG TAB,1*10,0
GLIMF1,GLIMIPREX MF FORTE 3/1000 10'S,,0
FFLKHH,GLIMIPREX MF FORTE 4MG,1*10,0
G1/5,GLIMIPREX MF1/500MG TABS,10'S,0
GLI2/5,GLIMIPREX MF2/500MG TABS,10'S,0
IMF,IMAX FORTE CAP,1X10'S,0
M1M1,IMAX S AMP,5ML,59
INTI,INTIMACY PLUS 2 TABS,21'S,0
INT3,INTIMACY PLUS 3,1X21'S,0
LR44,LORNASAFE PLUS TABS,10'S,0
MEG03,MEGABOSE 0.3MG TABS,10'S,0
Y,MY PILL TABS,21'S,1
MY12,MYOPROL XL50 TABS,10'S,0
DJKGOR,ORIS D3 60K TAB,4'S,0
NDGWQ,ORITEL CH 20 TAB,1*10,0
REDD,RABEZOL D CAP,1X10'S,0
RESI,RESICA KIT,1,0
R14,RESVITA CAPS,10'S,0
SPET20,SPECTRATIL 200MG TABS,10'S,0
TORSID,TORSID 20MG TABS,10'S,0
TGP1,TRIGLIMIPREX 1 TABS,10'S,0
TRP2,TRIGLIMIPREX 2 TAB,10S,0
TRV21,TRIMEGAVOG 1 TABS,10'S,0
TRIMEG,TRIMEGAVOG 2 TABS,10'S,0
JFWEWG,BURNOL OINT,1*10GM,24
DML11,DMLEF 20MG TABS,10'S,0
EZOF3,EZORB FEM TABS,15'S,0
EZOF1,EZORB TOTAL SACHETS,10GM,0
FXD1,FEXID XT TABS,15'S,0
AMFT,AMFAST AT TABS,10'S,0
DVN80,DVN A TABS,10'S,0
EZ41,EZORB D3 TABS,15'S,0
EZ14,EZORB DS TABS,10'S,0
ER88,EZORB FORTE TABS,15'S,0
GL04,GLUCUT 1MG TABS,10'S,0
GL06,GLUCUT 2MG TABS,10'S,0
GOD1,GOODVIT CAPS,10'S,0
NEF,NEURACTIN FORTE CAPS,10S,0
BGHBFY,NUZORB TAB,1*15,0
SP,4 SPASREX TABS,10'S,0
TRU21,TRUFOL GYNE CAPS,15'S,0
TRUF9,TRUFOL TABS,10'S,0
ALFAR,ALFAREN TAB,10S,0
BRIST1,BISTLA CAPS,10'S,0
NOC,NOCIDOS 500MG TAB,10'S,0
NOCDS9,NOCIDOS DS TABS,10'S,0
DKBKJH,COBETA LOTION 30ML,1*30ML,0
FGKGBK,HAEROOT SERUM 60ML,1*60ML,0
SDFJKG,TACROSOFT FORTE OINT 10GM 1*10GM,,0
DCBKLB,ZITCOP GEL,1*20GM,0
SDFWGW,ZITCOPE A GEL,1*15GM,0
AXB,AXBEX SYRUP,115ML,0
AXBEX,AXBEX TAB,15'S,0
DFO,D.F.O.GEL,30GM,0
DDYEYE,GLAMUS CREAM,1*20GM,0
NOM,NOMARKS CREAM SMALL,10GR,0
N584,NOMARKS DRY SKIN CREAM,25GM,0
NOSOAP,NOMARKS SOAP,75GM,0
JKM,JOYKEM 100 TABS,10'S,0
O231,ORAL B BRUSH ALL,1'S,0
PGLL,PETROGEL OINT,50GM,0
PBZ,PIBIZYME,10'S,0
JLDHFH,TRIGAINE CAFFINE 200ML,1*200ML,0
DRC,DERMACAN GEL OINT,20GM,0
GHJNN',EVION CREAM SMALL,1*20GM,1
KERSOL,KERSOL 6BZ OINT,50GM,0
KERSO,KERSOL 6C OINT,50GM,0
KSB,KERSOL BZ 50GMS,50GMS,0
KR10,KERSOL C LITION,30ML,0
HFGSDF,LIVOGEN TONIC SYRUP,1*200ML,0
MACH9,MACH3 LIGHTRAZER,1,0
HJKMEE,MEE MEE DRY SHEAT,1,0
MEEEMM,MEE MEE SP8 FEEDING,24'S,0
DSFKHH,NEUROBION ALFA D TAB,1*10,300
IHGYUG,P-SOFT LOTION,1*100ML,0
URU3Y,P-SOFT SOAP,1*90GM,0
PAMS5,PAMPERS ALL,,0
PXL02,PAMPERS PANTS XL,7'S,0
PAMPER,PAMPERS XXXL,,0
POLYL,POLYBION LC SYP,150ML,5
POL250,POLYBION LC SYP,300ML,0
G8WGFU,QUTE 100MG TAB,1*10,0
HFFKLK,SAETLO HAIR OIL,100ML,0
WHISPO,WHISPER ULTRA XXXL,1*20'S,0
IQDYFI,DERMACAN-B CREAM,20GM,0
KDFKBF,KERSOL C OINT,1*50GM,0
UYEYRQ,MITERID LOTION,1*100ML,0
FALJDH,P-SOFT CREAM 100GM,1*100G,0
UIBHSD,UV TAN LOTION 100ML,1*100ML,0
SDKLJD,UVTAN LOTION 100ML,1*1,0
PROVAD,PROVA COMMODE CHAIR,1,0
PROVA,PROVA WRIST BAND ELASTIC,1,0
DYWQR,CHLORAMPHENI,20*10,0
ACO,ACNOFF SOAP,75GM,0
CAN20,CANZOL LOTION,60ML,0
CALN1,CANZOL SOAP,75GM,4
CUTIC,CUTICAL LOTION,100ML,0
WELJFJ,FAIRLITE CREAM 20GM,1*20GM,0
H398,HYRAX 10MG TABS,10'S,0
H421,HYRAX 25MG TAB,10'S,0
K165,KANSEL B GEL,10GM,0
K220,KANSEL B LOTION,15ML,0
K061,KANSEL DS GEL,20GM,0
K0001,KANSEL DS LOTION,30ML,0
L518,LINICAL LOTION,100ML,0
NME,NMF E CREAM 150GM,60GM,0
N617,NMF E CREAM 80GM,60GM,0
ENM1,NMF E LIP CARE,10GM,0
N1601,NMF E LOTION 120ML,100ML,0
N1605,NMF E LOTION LARGE,200ML,0
NMFE,NMF E SOAP,75GM,0
NMEC,NMF-E UREA CREAM,80GM,0
NNO4,NOVALE CT SHAMPOO,50ML,0
NOV,NOVALE LOTION,60ML,0
NOVE,NOVALE SOAP,75GM,0
OCT34,OCTAMOP LOTION 30ML,30ML,0
O059,OCTAMOP TABS,20'S,0
PSO,PSORABAR SOAP,75GM,0
PRS21,PSOROLIN SOAP,75GM,0
QSE11,Q-SERA BLACK LOTION,60ML,0
Q-S11,Q-SERA HAIR SERUM,60ML,0
QSER1,Q-SERA SHAMPOO,150GM,0
RIDA,RIDACNE FOAMING,1'S,0
SA-12,SA-12 OINT,1'S,0
S171,STERNON G CREAM,10GM,0
S1217,STERNON G CREAM,20GM,0
STERN,STERNON GEL OINT,1,0
S859,STERNON LOTION,30ML,0
S971,STERNON S LOTION,30ML,1
S1231,STERNON S OINT,25GM,0
S844,STERNON SF CREAM,20GM,0
T754,TRIMOP FORTE TABS,10`S,0
T750,TRIMOP TABS,10'S,0
ZER,ZEROSCAB SOAP,75GM,0
ACL12,ACTIBLOCK IPR50 TABS,10'S,0
A1117,ALPHADOL C CAPS,10'S,0
B1738,BETAGLIM 1MG TAB,10'S,0
B1739,BETAGLIM 2MG TAB,10'S,0
CIOWOH,CILAMIN 250MG TAB,1*10,0
CIKLJJ,CILMIN 250MG CAP,1*10,0
DEL11,DELUPA TH4 CAPS,5'S,0
EASF,EASYFIVE 0.5ML VAIL,1X0.5ML,0
EASY4,EASYFOUR 0.5ML,1S,0
EPOT1,EPOTRUST 6000IU PFS INJ,1ML,0
20,FOSBAIT 250 MG TABS,1X30'S,0
FBT,FOSBAIT 500 TABS,30'S,0
G291,GLIZID 40MG TABS,10'S,60
G163,GLIZID 80MG TABS,15'S,0
G039,GLIZID M TABS,15'S,75
MRLI,GLIZID MR 30,10'S,120
G509,GLIZID MR 60,10'S,60
GLIZ6,GLIZID MV TABS,10'S,0
GUS11,GUSH POWDER,90GM,0
HTAM,HITARGET AM TABS,10'S,0
IM11,IMUZA TABS,10'S,0
IN21,INRICA 75 CAPS,10'S,0
KN22,KINGBETA 50MG TABS,14'S,0
KOND1,KONDRO ACUTE TABS,10'S,0
KOD,KONDRO OD(GLUCOSMINE) TAB 10'S,,0
KOD21,KONDROFLEX SACHETS,12.0GM,0
LV52,LIVOLUK FIBER,90GM,0
L206,LIVOLUK SYP MEDIUM,100ML,0
LOEW,LOWER A10 TABS,10S,0
MET500,METLONG 500MG TABS,10'S,0
MY250,MYCEPT 250MG TABS,10'S,0
MYC750,MYCEPT 750MG TABS,10'S,0
MYT,MYCEPT S360 TABS,10'S,0
MY5,MYCEPT-500 TAB,10'S,0
MYL89,MYELOGEN FORTE CAPS,10'S,0
MYL1,MYELOGEN POWDER,200GM,0
NEI10,NIMULID ER TABS,10'S,0
N477,NIMULID MD TABS,15'S,0
N213,NIMULID NUGEL OINT,30GM,0
N274,NIMULID TABS,15'S,0
NIMTRG,NIMULID TRNS GEL,30GR,0
OP2,ODPEP CAPS,10'S,0
ODPD1,ODPEP D CAPS,10'S,0
O391,OGLO 15MG TABS,10`S,0
O409,OGLO 30MG TABS,10`S,0
PSNG05,PANGRAF 0.5MG TABS,10'S,0
PANG1,PANGRAF 1MG TABS,10'S,0
PANM,PANGRAF 2MG TABS,10'S,0
P013,PANIMUN BIORAL 25MG TABS,6'S,0
P751,PANIMUN BIORAL 50MG CAPS,5'S,0
PROT1\,PROSEVENTY POWDER,200GM,0
RAMM1,RAMY 24/2.5 CAPS],10'S,0
RMY5,RAMY24/5 CAPS,10'S,0
SE400,SEVBAIT DT400MG TABS,10'S,0
SEV.,SEVBAIT DT800MG TABS,10'S,0
ST13,SITCOM CREAM,30GM,0
STF11,SITCOM FORTE TABS,14S,0
SITC1,SITCOM LD CREAM,30GM,0
ST32,SITCOM TABS,7'S,21
SOD,SOFTDICLO CAP,1X10S,0
STAM1,STAMICAR CAPS,10'S,0
KN14,TECBETA 25MG TABS,14'S,0
T4030,TECBETA 50MG TABS,15'S,0
TEL14,TELTOR 40MG TABS,10'S,0
THN,THANK OD CREAM,30GM,0
THN11,THANK OD FORTE TABS,7'S,0
THAG,THANK OD TABS,7'S,0
T543,TOFF DC SYRUP,100ML,2
VAG111,VAGACYTE 450MG TABS,2'S,0
WIL200,WILLGO 200MG TAB,10'S,0
WILLOG,WILLGO CR TAB,1*10,0
WILGP9,WILLGO P TABS,10'S,0
WILL2,WILLGO SP TABS,10'S,0
WIL21,WILLGO TH4 TABS,10'S,0
LECGIQ,LIVOLUK KID SYP,60ML,2
N223,NODEP CAPS,10'S,0
PANKJ,PANKAJA KASTHURI GRANULES 400GMS,,0
CE500,CEFIPAR 500MG TABS,10'S,0
DENH9,DENSAID HOT LOTION,40ML,0
MCL12,MC CAL-C CAPS,10'S,0
NI2.3,NITROGON 2.6 CAPS,30'S,0
NUR2,NUROSTIM CAPS,10'S,0
OX92,OXYGON CAPS,10'S,0
OXYV11,OXYVON CAPS,10'S,0
PC80,PACITAM 800MG TABS,10'S,0
PN41,PANTAVON TABS,10'S,0
PAE11,PARATEL ER TABS,10'S,0
PN11,PENTAVON D TABS,10'S,0
RG44,RABEGON D TABS,10'S,0
RBD1,RABEGON TABS,10'S,0
TLAM1,TELMIGON AM TABS,10'S,0
TELM1,TELMIGON H TABS,10'S,0
TR33,TRAMAGON PLUS TABS,10'S,0
TRA4,TRMAGON PLUS TABS,10'S,0
C1411,CLOVE OIL,5ML,0
CORDR,CORIMINIC QR DROPS,15ML,0
TOT,DCOLD TOTAL TABS,12'S,0
E2009,EUCALYPTUS OIL,10ML,0
K228,KRACK CREAM SMALL,12GM,0
KRA,2KRACK <BIG> 50GM,50GM,0
D613,D COLD TOTAL TABS,12'S,0
D687,DCOLD INHALER,5GM,0
DER1,DERMICOOL LAVENDER 150GM,150GM,0
D5645,DERMICOOL POWDER(BACTERO) 150GM,,0
DER2,DERMICOOL SANDAL,150GM,0
DRL,DR LIPS CREAM,1X10GM,0
I210,ITCHGUARD CREAM,12GM,3
I188,ITCHGUARD CREAM,25GM,3
KERS,KERSOL 2% OINT,50GM,0
K104,KRACK CREAM BIG,25GM,3
KRACK,KRACK SR CREAM,25GM,0
LIVO,LIVON HAIR OIL,100ML,0
LIV,LIVON HAIR OIL,50ML,0
YLIV,LIVON HAIRGAIN,150ML,0
M214,MOOV CREAM,25GM,3
M834,MOOV CREAM,10GM,12
M214,MOOV CREAM,25GM,2
M1422,MOOV CREAM 80GM,80GM,0
M1423,MOOV SPRAY,35G,12
MOV,MOOV SPRAY,85GM,0
MOOVS1,MOOV SPRAY,55GM,0
R762,RING GUARD BIG CREAM,25GM,0
R374,RING GUARD SMALL CREAM,12GM,0
A118,AGAROL SYRUP,120ML,0
A773,ATPARK 25MG TABS,14'S,0
B594,BENADRYL SYP,50ML,9
CAL100,CALADRYL LOTION,100ML,6
C1107,CALADRYL LOTION,50ML,3
CAL100,CALADRYL LOTION,100ML,3
C1107,CALADRYL LOTION,50ML,3
CAL100,CALADRYL LOTION,100ML,9
C140,CHLOROMYCETIN EAR DROP,5ML,0
C142,CITRALKA SYRUP,100ML,58
D057,DILANTIN 100MG CAPS,100`S,0
F045,FERRADOL MALT BIG,450GM,1
G019,GELUSIL MPS SYRUP,170ML,15
G020,GELUSIL MPS SYRUP BIG,400ML,16
G025,GELUSIL MPS TABS,1*15,2610
L1074,LISTERINE COOL 250ML,85ML,0
L064,LISTERINE M/W,250ML,0
L060,LOPID 300MG CAPS,10`S,0
N054,NEKO SOAP,75GM,0
P092,PEPTICAINE LIQ,120ML,0
P091,PYRIDIUM 200MG TABS,10`S,0
T044,TEDRAL SA TABS,10`S,0
W031,WATERBURY'S COMP (M),450ML,0
W032,WATERBURY'S COMP (S),250ML,0
G1217,GLUCOVITA POWDER,100GM,0
S713,SPIRULINA CAPS (PARRY'S),100'S,0
C1529,CLAVIX 75MG TAB,15'S,0
FHDUYS,FERRONOMIC TAB,1*10,0
DANTUM,DANT KANTI NATURAL,200GM,0
DANTJK,DANT KANTI NATURAL,100GM,0
S54AUN,SAUNDARYA ALOEVERA GEL,150ML,0
SAUND,SAUNDARYA ALOEVERA GEL,60ML,0
UGYGDW,PIRFENEX 200MG,1*15,0
GWRHVF,NANOFAST 4X SOLUTION,1*30ML,0
SFGSJH,SOFIDEW BABY MASSAGE OIL,1*100ML,0
HCFAFV,SOFIDEW CALOE LOTION,1*60ML,0
F316,FOLEYS CATH 18 (BALLOON),1'S,0
GAB61,GEBONE CAPS,30'S,0
ONCE9,ONCALL PLUS BLOOD,1,0
PRURR,PROTAR-K LOTION 100ML,1,2
DERM1,DERMOYS CREAM,200GM,0
NEXTX,NEXNA TX TAB,10,0
HFOHFH,NOSOAP SKIN CLEANSER,1*125ML,0
PAKASD,PAKNET CREMY WASH,1*50GM,0
PERC12,PERCOS SHAMPOO,200ML,0
PT14,PROTAR LOTION,100ML,0
JHKHGG,PROTAR LOTION 200ML,1*200ML,0
"PROT.,",PROTAR OINT,50GMS,0
PROVAV,PROVATE D OINT,1*15GM,0
RADN,RADANT I CREAM,60ML,0
RDFGFF,RADANT LITE MASQ,1*50ML,0
PEOPEW,PERFECXA AIRPUMP,1,0
PRITER,PERFECXA BP MONITOR,1,0
PEFSFS,PERFECXA BREST PUMP,1,0
GHGVH,PERFECXA COMPRESSOR,1*1,0
JDDISJ,PERFECXA ELECTRIC HOT,1,0
PETEKF,PERFECXA NEBULIZER,1,0
PETUKV,PERFECXA PILL CUTTER,1,0
GHGWYU,PERFECXA STEAMER,1*1,0
JSDIHF,PERFECXA STETHOSCOPE,1,0
PEURUR,PERFECXA THREMOMETER,1,0
PITOEW,PERFECXA VAPORIZER,1,0
BES21,BESIVANCE DROPS,5ML,0
COREEC,COREX T SYP 100ML,1*100ML,0
FJGGGG,PREVANER 13 INJ,1*0.5ML,0
STIF,STIFZOX TAB,10'S,0
AB41,ABOVE 5 D CAPS,6'S,0
A14R,ABOVE 5 TABS,7'S,0
KGDKGK,ABZORB POWDER 50GM,1*1,0
AC21,ACUPIL 5 TABS,10'S,0
AMS100,AMISANT 100MG TABS,10'S,0
AML10,AMLOGARD 10MG TABS,30'S,0
AMLOGE,AMLOGARD 2.5MG TAB,10'S,0
A277,AMLOGARD 5MG TABS,30`S,0
ATIVA1,ATIVAN 1MG TABS,30'S,0
ATIVA2,ATIVAN 2MG TABS,30'S,30
A680,ATPARK 50MG TABS,14'S,0
A085,AUTRIN CAPS,30'S,270
AXT,AUTRIN XT TAB,10,0
BC24,BECOSPECIAL CAPS,10'S,0
B172,BECOSULES CAPS,20'S,257
BEC00,BECOSULES PERFOR CAPS,15'S,0
BECP1,BECOSULES PLUS CAPS,30'S,0
B174,BECOSULES SYRUP BIG,120ML,5
BECW1,BECOSULES WOMEN CAPS,15'S,0
B356,BECOSULES Z CAPS,20'S,230
BEC11,BECOTRAL CAPS,10'S,0
B375,BRON COREX EXP SYRUP,100ML,4
BO13,BRONCOVIT CAPS,10'S,0
C1065,CARDIOVIT PLUS TABS,10'S,0
FJHKLH,CELEBRIX 100MG TAB,1*10,0
CH14,CHAMPIX 0.5 KIT,25'S,0
DCGHVC,CITRALIKA 200ML SYP,1*200ML,0
C523,COREX DX SYRUP,100ML,7
C522,COREX DX SYRUP,50ML,0
C359,COREX SYRUP,50ML,0
C360,COREX SYRUP,100ML,0
D5646,DALACIN C 150MG CAPS,10`S,0
D707,DALACIN C 300MG CAPS,10`S,25
D637,DALACIN C 600MG AMP,4ML,0
DAX100,DAXID 100MG TABS,15'S,0
DAXID,DAXID 50MG TABS,15'S,0
DO111,DOLONAT TABS,10'S,0
D159,DOLONEX 1ML AMP,1ML,10
D160,DOLONEX 2ML AMP,2ML,8
D158,DOLONEX DT TABS,15'S,115
D347,DOLONEX GEL,30GM,0
D157,DOLONEX RAPID20 TABS,10'S,0
DOR11,DORIS TABS,21'S,0
ELIQ2,ELIQUIS 2.5MG TABS,10'S,30
ELIQ1,ELIQUIS 5MG TABS,10'S,50
EU23,EQUIFLEX 4MG TABS,10'S,0
EU24,EQUIFLEX 8MG TABS,10'S,0
F101,FASIGYN 500MG TABS,4'S,0
F102,FASIGYN DS TABS,2'S,0
FERRFS,FERRADOL SMALL,450GM,1
KTYEU,FOLVITE ACTIVE CAP,1*15,0
JSGR,FOLVITE DHA CAP,1*10,0
FOLV1,FOLVITE MB TABS,15'S,90
F033,FOLVITE TABS,45'S,159
SDJKBF,FRAGMIN 10000 VOIL,1*1,0
F640,FUMYCIN 150MG CAPS,1`S,0
GXCOOL,GELUSIL MPS XTRA COOL SYP 1,,0
GELU1,GELUSIL SACHETS,10GM,0
INF01,INFINAIR 10/5 MG TABS,10'S,0
I022,ISOKIN 300MG TABS,10`S,0
LYR150,LYRICA 150MG CAPS,14'S,0
LY7,LYRICA 75MG TAB,1X14S,0
M160,MAGNAMYCIN 1GM VIAL,1',0
M442,MAGNAMYCIN 250MG VIAL,1'S,0
M678,MAGNEX 1GM AMP,1'S,0
M679,MAGNEX 2GM AMP,1'S,0
MG44,MAGNEX FORTE AMP,10ML,0
MD08,MEDROL 8MG TABS,14'S,72
M398,MINIPRESS XL 2.5MG TABS,30'S,0
M399,MINIPRESS XL 5MG TABS,30'S,0
N125,NEBASULF POWDER,10GM,11
NSP,NEURO SPECIAL CAP'S,10'S,0
NEUR/,NEUROSPECIAL CAPS,10'S,0
"NEWS,",NEWSTA 10MG TABS,10'S,0
P053,PACITANE TABS,30`S,510
PREQ1,PRESTIQ 100MG TABS,10'S,0
PRES50,PRESTIQ 50MG TABS,10'S,0
POR400,PROTINEX ORIGINAL REF,200GM,0
"SOLU.,",SOLUMEDROL 40MG AMP,1ML,0
TR59,TARGIT 20MG TABS,15'S,0
TR60,TARGIT 40MG TABS,15'S,0
TEG80,TARGIT 80MG TABS,15'S,0
TR62,TARGIT H 40/12.5M TABS,15'S,0
TRIC1,TRICOREX SYRUP,100ML,0
TRUE,TRULIMAX 500MG,3'S,0
UNIN1,UNIVIA R VIAL,40IU,0
V50,VIAGRA 50MG TAB,1*2,0
VIBA,VIBAZIME 200DT TAB,10'S,0
WYSO20,WYSOLONE,15`S,45
WYSOL5,WYSOLONE 5MG TABS,15'S,1200
XAL,XALATAN EYE DROPS,1,0
SDFHKG,XALTAN EYE DROPS,1*1,0
L392,LYMPEDIM TABS,10'S,30
MNE,MENOEASE CAPS,10'S,0
N464,NUBON SYRUP,115ML,0
SUPROS,SUPRACAL OS TAB,10'S,0
ABSODM,ZABSOLUTE DM CAP,10'S,0
HGBHGS,ACTIS C2 FORTE TAB,1*10,0
LI1,LIVOZYME SYRUP,200ML,0
C671,CLARIBID 250MG TABS,1*10'S,0
D563,DALACIN C 300MG AMP,1'S,0
D442,DEPO MEDROL 1ML VIAL,1'S,0
DEPO,DEPO MEDROL 2ML VIAL,1'S,0
D447,DEPOPROVERA 150MG AMP,1ML,0
E169,ERYTHROCIN 250MG TABS,10'S,0
E170,ERYTHROCIN 500MG TABS,10'S,0
F335,FRAGMIN 0.2ML/2500 AMP,0.2ML,0
F428,FRAGMIN 0.2ML/5000 AMP,0.2ML,0
H179,HYTRIN 1MG TABS,10'S,30
H204,HYTRIN 2MG TABS,10`S,0
MED16,MEDROL 16MG TAB,14'S,42
MED4,MEDROL 4MG TAB,10'S,280
S641,SOLUMEDROL 125MG AMP,2ML,0
S521,SOLUMEDROL 1GM AMP,1*1GM,0
S531,SOLUMEDROL 500MG AMP,1'S,0
XG12,XGAIN SHAMPOO,100ML,0
UDTH,UDIPLUS TABS,"10,S",0
FL43,FOL 123 CAPS,15'S,0
BONE1,BONEBASE CAPS,10'S,0
BONEB1,BONEBASE D3 TABS,10'S,0
BONM01,BONEBASE MAX CAPS,10'S,0
BONEBA,BONEBASE PLUS CAP,15S,0
CQR,CQRA CAPS,1,0
ENDOS1,ENDOSIS CAPS,10'S,0
FRAC1,FRACURA TABS,10'S,0
MAR/C,MARVELLA CAP'S,10'S,0
MIN011,MINOSHINE CAPS,1+4'S,0
RJGAGB,RABEOZ D TAB,1*10,0
SMAT9,SMARTOVA 100MG TABS,5+10'S,0
SMATN1,SMARTOVA 50MG TABS,5+10'S,0
TOLB9,TOLBY D TABS,10'S,0
ABS9,ABSOLUT 369 CAPS,10'S,0
ABT3G,ABSOLUT 3G CAPS,10'SL,0
ABSO,ABSOLUT CAPS,10'S,0
AABD1,ABSOLUT DM CAPS,15'S,0
ABSOLI,ABSOLUT GOLD 10 TAB,1*10,0
ABS11,ABSOLUT WOMAN CAPS,10'S,0
ACTI9,ACTIS C2 TABS,10'S,0
CAL1\,CAL 123 CAPS,15'S,0
CLJKNV,CAL 123 TOTAL,1*15,0
C1182,CARTIGEN CAPS,30'S,0
C1677,CARTIGEN DN TABS,10'S,0
CRU1,CARTIGEN DUO TABS,10'S,0
CARTFO,CARTIGEN FORTE TAB,10'S,0
LKHLHG,CARTIGEN PRO TAB,1/*10,0
COLLG1,COLLAGEE GS SACHET,12GM,0
CRAN11,CRANMED 1000MG CAPS,10'S,0
CA1R1,CRANMED CAPS,10'S,0
FOLO1,FOLOMEGA CAPS,15'S,0
FLLG1,FULLAGE 40MG CAPS,10'S,0
DFKBFB,FULLAGE 5G CAP,1*10,0
H178,HYCIBEX CAPS,10'S,0
KFGJFG,HYCIBEX PLUS TAB,1*10,0
HYCIB9,HYCIBEX SYRUP,200ML,0
LIV13,LIVERAID CAPS,15'S,0
LYCG1,LYCOGOLD XT TABS,10'S,0
LYCOX1,LYCORED XT CAPS,10'S,0
L1S9,LYSO SPAS TABS,10'S,0
MEG32,MEGA CARTIGEN TABS,10'S,0
LSHFHL,MG D3 TAB,1*10,0
MGD60,MGD3 60K TABS,4'S,0
MGD3,MGD3 TAB,10,0
NAN11,NANOFAST GEL,30GM,0
ORTHC1,ORTHO CCZ TABS,10'S,0
OXA1,OXALO CAPS,10'S,0
PAM11,PAMASPAS TABS,10'S,0
QGD,QGOLD CAPS,10S,0
QGOL1,QGOLD F TABS,10'S,0
REVA1,REVA SQ CREAM,60ML,0
SAL2,SALIFACE FACEWASH,60ML,0
SUPRA1,SUPRACAL HD TABS,15'S,0
SUP31,SUPRACAL ISO TABS,15'S,0
SUP51,SUPRACAL K2 TABS,10'S,0
SP411,SUPRACAL PRO CAPS,15'S,0
SUPS20,SUPRACAL SYRUP,200ML,0
S779,SUPRACAL TABS,15'S,0
SUP2,SUPRACAL XT TABS,15'S,0
KDGKGK,SYNERTAB TAB,1*10,0
TENDIC,TENDOCARE FORTE TAB,1*15,60
TEN21,TENDOCARE TABS,15'S,45
TED11,TENDOFIT CAPS,15'S,0
TEND6,TENDOFIT FORTE CAPS,15'S,0
THRZ1,THRIZE PLUS TANS,10'S,0
THR1,THRIZE TABS,10'S,0
TOL21,TOLAGIN 4MG TABS,10'S,0
TOL8,TOLAGIN 8 TABS,10'S,0
TGEL,TOLAGIN GEL,30M,0
TRI14,TRIACTIN 4MG CAPS,10'S,0
T566,TRIACTIN 8MG TABS,10'S,0
AJFKBF,ULTRAMED D TAB,1*10,0
VCGGDH,AMOCLAV DUO SYR,1*30ML,0
BEPL,BECOSULES PLUS SY,200ML,0
PRO.,PROTIMAN MALT,400GM,0
PR3T,PROTIMAN POWDER,200GM,0
T1G1,TARGIT AM TABS,15'S,0
MNBI,BABY MOISTURISING LOTION,1*200ML,0
FEEDER,FEE NIPPLE FOR CLEPT,,0
HGXC,P BABY POWDER,1*500GM,0
YTF6,P BABY SHAMPOO 200ML,1*200ML,0
KGHI,P COTTON SWABS 100PCS,1*100,0
HJG7I,P COTTON SWAGS 200PCS,1*200,0
HGO,P FEEDING BOTTLE,1*1,0
YUG7IF,P NURSHING BOTTLE M,1*120ML,0
TYFR7T,P NURSING BOTTLE,1*200ML,0
TYR97,P NURSING BOTTLE PM,1*120ML,0
JKHIG,P PER NURSING BOTTLE KRP,1*200ML,0
HFGY,P PERISTALIC NURSING,1*240ML,0
GYTRF,PEGION BABY MOISTURISING,1*200ML,0
ADADIA,PGEON BABY CLOTHS,1,0
NGSDIB,PIEON MILKY LOTION,1*1,0
MHFEFW,PIGEON BABY BODY WASH,,0
PIFGAH,PIGEON BABY FROCK,1*1,0
NFBERR,PIGEON BABY MASSAGE OIL,1*1,0
PHJMGV,PIGEON BABY POWDER,,0
PIGENO,PIGEON BABY SKIN CARE,1'S,0
PIBJDH,PIGEON BREAST PAD,1,0
PIFNFG,PIGEON CLEANING BRUSH,1,0
PIGERU,PIGEON COTTON SWABS,1,0
PIGERH,PIGEON COTTON SWABS 18%,1,0
FEEHIO,PIGEON FEEDER CLEFT PLATE 240ML,,0
PDJJMB,PIGEON FEEDING BOTTLES,,0
BDGEG,PIGEON HEAD AND BODY,1*1,0
PIGEOP,PIGEON LIQUID CLENGER,200ML,0
NFVYWR,PIGEON MILKY LOTION,1*1,0
PUIDFH,PIGEON NASO CLEANER,1*1,0
PIGHEG,PIGEON NIPPLE PULLER,1,0
PIGEOF,PIGEON NIPPLE SHIELD,1,0
PIFLFJ,PIGEON NIPPLES,1,0
MJHKPI,PIGEON SOOTHER,1,0
HFJHSF,PIGEON TOOTH BRUSH,1*1,0
PIGEON,PIGEON TOOTHPASTE ORG,45GM,0
PIGEI,PIGEON TOOTHPASTE,45GM,0
NMFNSF,PIGEON TOOTHPASTES (18%),1,0
PIGEOI,PIGEON TRAINING TOOTH,1,0
JFHSEH,PIGEON WATER GEL,1*1,0
PIGROE,PIGEON WIPES,72'S,0
IFF1,I FLO EYE DROPS,10ML,0
GFSHGD,LACTALOSE SYP,1*1,0
PEN40,PENTA DSR TABS,10'S,0
SUCREA,SUCRALFATE O SYRUP,200ML,0
AN11,ANASPAS TABS,10'S,0
ART,ARTIZONE S INJ,1,0
B175,BACTRIM DS TABS,10'S,690
B179,BACTRIM SYRUP,50ML,6
BUT,BUTOX (250ML)_ LIQUID,1,0
COC,COCONUT OIL,1,0
UITUIT,EPITHELIALE AH,1*40ML,0
2356,GLUCOCARD 01 MINI,1,0
HIOM,HIMAX OINT,1,6
ICN00,I-CAN PREGTEST,1,0
LITYCG,LITTLE'S BABY WIPES ALL,,0
PET11,PROTIMAN PLUS POWDER,200GM,0
THIS,THIOSPAS 4 CAPS,10'S,0
THP,THIOSPAS 8(THIORELAX)MG,10S,0
OPI,TOPICURE SPRAY,1,12
TR011,TRUSTCHEK PLUS BP,1'S,0
C912,CARMINE 200 TABS,20'S,0
F307,FLUDEP 20MG TAB,10`S,0
H236,HALOGEN 20MG TABS,10`S,0
N480,NODIP TABS,10'S,0
SONI10,SONIP 10MG TABS,10'S,0
SONIP5,SONIP 5MG TABS,10'S,30
HJDRER,CELEBREX 200MG,1*10,0
PLAHE1,PLASMA HEP 100IU INJ,100IU,0
PLA11,PLASMAGLOB 5GM INJ,5/100ML,0
A403,AMLOZ 2.5MG TABS,10`S,0
A404,AMLOZ 5MG TABS,10`S,0
A719,AMLOZ AT 50 TABS,14'S,0
HADD1,HAPPYDENT GUM,1'S,0
M898,MONTO 4 KIT,2'S,0
ONMN1,ONOF DROPS,10ML,0
PIC11,PICOCARE 6CM TIN,6CM,0
PIC8,PICOCARE 8CM TIN,8CM,0
POV1,POVIDON M OINT,15GM,0
REAC1,RECHARGE DRINK,30ML,0
R236,RECOFAST PLUS TABS,10`S,0
R234,REZIZ FORTE TABS,2`S,0
R279,REZIZ SYRUP,10ML,0
R233,REZIZ TABS,2`S,0
R231,REZQ 300MG TABS,10`S,238
R259,REZQ INJ,2ML,36
R664,REZQ SYP,60ML,0
JASDAJ,10CM 3WAY POLYMED,1,0
3WAYDK,3WAY 100CM (POLYMED),100CM,0
3WDKAD,3WAY 10CM (POLYMED),10CM,0
3WAYAA,3WAY 15CM (POLYMED),15CM,0
AIRHER,AIRWAYS 2 (POLYMED),2G,0
AIUASJ,AIRWAYS 3 (POLYMED),3G,0
SDAKJS,AIRWAYS 4 (POLYMED),4G,0
MDJHDG,BETATRUST OD 24MG TAB,10'S,30
BLOSOD,BLOOD ADMINISTRAT SET,1,0
BDDJDD,BONE MAROW NEEDLE 11G,11G,0
CATHEG,CATHETER MOUNT (POLYMED),1,0
THEREF,CHEST DRAINAGE CATHETER,28F,0
CHEST,CHEST DRAINAGE CATHETER,32F,0
DOOSID,DOUBLE LUMEN 13CM,13CM,0
DADKAD,DOUBLE LUMEN 16CM,16CM,0
EESDHS,E T TUBE 2.5MM(POLYMED),2.5MM,0
CJEHFJ,E T TUBE 4.5MM(POLYMED),4.5MM,0
SWDAJJ,E T TUBE 5.0MM(POLYMED),5.0MM,0
SDBSDS,E T TUBE 5.5MM(POLYMED),5.5MM,0
EBDJSD,E T TUBE 6.0MM(POLYMED),6.0MM,0
FGRGDS,FEEDING TUBE 9F (POLYMED) 9F,,0
IVSDSH,FLOW REGULATOR (POLYMED),1,0
KGKGKG,GLUTAVAULT SACHETS,1*1,0
HMHJJH,HME FILTERS (ROMSONS),1,0
MUCUSH,MUCUS EXTRACTOR,10FG,0
SDLGGG,OXYGEN MASK,1*1,0
OXYGEN,OXYGEN MASK,1*1,0
PMDKJD,PMO LINE (POLYMED),200CM,0
RYL,RYLES TUBE 12F (POLYMED),12G,0
R318,RYLES TUBE 14G(POLYMED),14G,0
R319,RYLES TUBE 16G(POLYMED),16G,0
SPOODS,SPINAL NEEDLE 18(BD),18G,0
SPDOSD,SPINAL NEEDLE 20(BD),20G,0
SPIANK,SPINAL NEEDLE 22(BD),22G,0
SPIAKD,SPINAL NEEDLE 25(BD),25G,0
SNDSDS,SPINAL NEEDLE 26(BD),26G,0
S1182,SPINAL NEEDLE 27(BD),27,0
SUSUDJ,SUCTION CATHETER,12F,0
SCGFGY,SUCTION CATHETER,14F,0
SUSMDS,SUCTION CATHETER,6F,0
SFCFGF,SUCTION,16F,0
QOUD8O,THIOTRUST 4MG,1*10,0
TTUEDH,TRIPLE LUMEN 16CM,16CM,0
UEHJHD,TROCAR CATHETER,24F,0
RREFDB,TROCAR CATHETER,28F,0
TBNBND,TROCAR CATHETER,32F,0
UROUID,URINE BAG ADULT(POLYMED),1,0
UROM,UROMETER (POLYMED),1'S,0
VACVCC,VACCUM SUCTION SET,250CM,0
DJKFKL,LUCRUSH CREAM 10GM,1*10GM,0
BVFSDF,LUCRUSH CREAM 30GM,1*30GM,0
P490,PONDS COLD CREAM SAMLL,8GM,0
P521,PONDS FACE WASH,50GM,0
P694,PONDS OIL FACE WASH,50GM,0
P245,PONDS POWDERS ALL,ALL,0
V167,VASELENE BODY LOTIONS ALL ALL,,0
ASJDHA,ASCODEX JNR SYRUP,60ML,0
GHADJK,AXONRICH TAB,10*S,20
EAZ,EAZY POWDER,,0
VILDAP,VILDAPRIME 50MG,15'S,60
PAIN11,PAINFREE AP TABS,10'S,0
PAN61,PAINFREE SP TABS,10'S,0
PRAMN1,PRANSERA D TABS,10'S,0
RAB9,RABY 20MG TABS,10'S,0
RAD9,RABY D20MG TABS,010'S,0
REV16,REVAMP PLUS TABS,10'S,0
REV32',REVAMP POWDER,200GM,0
REV22,REVAMP TABS,10'S,0
SIT32,SITRIZIN COLD TABS,10'S,0
TER6,TERBORIL SYRUP,60ML,0
B541,BORIC POWDER,200GM,2
C1295,CASTOR OIL,100ML,0
G311,GLYCERIN,90GM,1
G297,GLYCERIN MEDIUM,100GM,0
G1206,GLYCERIN SMALL,90ML,0
LIQ.,LIQUID PARAFFIN,90ML,0
O186,ORAL GLYCEROL,500ML,0
L295,PARAFFIN LIQ (SMALL),90ML,0
PREG21,PREGAVEX PREG KIT,1S,0
TOUR1,TUORE INSTANT HADWASH,60ML,0
JFDGHK,DIAPRIME PLUS TAB,1*10,30
SSDJKB,GASPUNCH TAB,1*10,30
GLIMIP,GLIMIPRIME DM 2 TAB,15'S,0
GLIO,GLIMIPRIME SM2 FORTE TAB 15'S,,0
MPA,MPABLISS M 12.5/500 TAB,15'S,180
PRUOHE,PRIGLIP M 20/500MG TAB,1*10,0
BFHDSN,PRIGLIP TAB,1*10,0
PRJHFJ,PRIZIDE M80 FORTE TAB,1*10,0
BFKBKJ,PRIZIDE MR 60MG TAB,1*10,0
DHGSKG,TRANSLOL CL 50MG TAB,1*10,0
VID,VILDAPRIME-D 10/100 TABS,10'S,0
VDMI,VILDAPRIME-DM 10/500,15'S,0
VM,VILDAZONE-M TAB,10'S,50
GLIMI8,GLIMIPRIME-M0.5 TAB,15'S,75
GLIMI5,GLIMIPRIME-M1 TAB,15'S,270
GLIMIM,GLIMIPRIME-M2,15'S,60
PRIM4,PRIZIDE-M40,15'S,75
PRIM8,PRIZIDE-M80,15'S,0
PRIM8F,PRIZIDE-M80 FORTE,10'S,0
VI,VITACAD TAB,10,200
OLD,OLDSPICE SHVCRM,70GM,0
WFGIL2,RIFAFRND 400MG,10S,0
KGI,QUTE 50MG,1*10,0
QUTET2,QUTE OD 200MG TAB,1*10,0
NUDE,S NUDEP 10MG TABS,10'S,0
S1N0,S NUDEP PLUS TABS,10'S,0
KISS,KISSAN SYRUP,200ML,0
PEP.,PENTANERV 100MG TABS,1*10,0
PHD,PHD POWDER,200GM,0
SAFE10,SAFEZ 100 SYP,500ML,0
B441,BUDECORT 0.5 RESPULES,2ML,80
M196,MEDIKER SHAMPOO,50ML,0
METN,METNEUROBION CAPS,10'S,0
O394,OFLOX 100 TABS,10`S,0
PBW01,PAMPERS BABY WIPES,64S,0
PAMP1,PAMPERS PANTS MEDIUM,8'S,0
PAM.,PAMPERS PANTS SMALL,8'S,0
VI44,VICKS 44 SYRUP SMALL,50ML,0
A527,VICKS ACTION 500 TABS,8'S,0
V129,VICKS INHALER KEYCHAIN,,0
V132,VICKS ROLL ON INHALER,1'S,0
V136,VICKS VAPORUB BIG,50GMS,0
V21S,VICKS VAPORUB SMALL,10GM,0
W71,WHISPER CHOICE ALL,,0
SDJKLF,CONCHOL 5MG TAB,1*10,0
FHHFGG,OROALBUMEN 200GM POWDER,1*200GM,0
B1N1,BONACT CAPS,10'S,0
COM11,COMPIVIT TABS,10'S,0
DNSFNW,NEBIQOL 5MG TAB,10'S.,0
REG61,REGULAR D3 CAPS,4'S,0
RING11,RINERGIL KID TABS,10'S,0
RN112,RINERGIL TABS,10'S,0
TRO11,TROCAL TABS,10'S,0
A251,AMANTREL 100MG CAPS,15`S,165
A876,AZEE 100MG REDIUSE SYRUP,15ML,0
A/200X,AZEE 200XL DRYSYRUP,1,0
A824,AZEE 500MG VIAL,1'S,0
A880,AZEE REDIUSE 200MG SUS,15ML,0
B206,BENDEX,1'S,47
B409,BENDEX SYRUP,10ML,6
B442,BUDECORT 1MG RESPULES,2ML,0
BUDE,BUDECORT 200 NEO HALER,200MD,0
B529,BUDECORT 400 ROTACAPS,30'S,0
C317,CEFADUR 500MG TABS,10'S,0
C320,CHESTON EXP SYRUP,60ML,0
C321,CHESTON PLUS SYRUP,100ML,0
D609,DOMCET TABS,10'S,0
F475,FORATEC ROTOCAPS,30'S,0
H105,HIPRES D CAPS,10'S,0
L985,LAMETEC 100MG TABS,10`S,0
L426,LAMETEC 25DT TABS,10'S,0
L996,LEVOFLOX 500MG TABS,10'S,0
M546,MIGARID 10MG TABS,10'S,0
OS,OFLOX 100MG REDIUSE SYRUP 60ML,,0
O219,OFLOX 200MG TABS,10'S,0
O471,OFLOX TZ TAB,10'S,0
OXC,OXCARB 150MG TABS,10'S,0
RI100,RIZACT 10MG TABS,4'S,0
RI50,RIZACT 5MG TABS,4'S,0
TGN,TRIGAINE SHAMPOO,100ML,0
VIVKXJ,VICKS 3IN1 ORANGE,1*8,0
AQUA20,AQUATEL-20MG TAB,10,0
N417,NOVACLAV 625MG TABS,6'S,0
T517,TOPCORT CREAM,15GM,0
VICKS1,VICKS BABY RUB 10ML,10ML,0
NA153,NAILON SOLUTION,5ML,0
JKHJKH,COPEWEL HPC POWDER,1*400G,0
JHHGIF,PROVA CERVICAL PILLOW,1,0
PROV,PROVA COMMODE STOOL,1,0
JJHFDF,PROVA ELBOW CRUTCH,1,0
PTBDG,PROVA HOT & COLD GEL,1,0
JGJGN,PROVA K.SUP WITH HINGE,1,0
RPROV,PROVA TENNIS ELBOW,1,0
PROVAT,PROVA THUMB SPICA SPLINT,,0
RJHFF,PROVA WHEEL CHAIR,1,0
JHGJH,PROVA WRIST BRACE,1,0
KITM1,KITMOX EYE DROPS,5ML,0
AC1110,ACMACAL 333 TABS,10'S,0
AMP321,AMPICON 200MG TABS,10'S,0
CIP100,CIPIN 100MG TABS,10'S,0
CONT2,CONTIZ 2MG TABS,10'S,0
CYB11,CYBLEX M80 TABS,15,150
DUFVYF,DEKSEL CD SYRUP,1*5ML,0
DEP25,DEPRID 25MG TABS,10'S,0
DEP21,DEPZIL 10MG TABS,10'S,0
DIAZ5,DIAZECO 5MG TABS,10'S,0
DOT25,DOTHITAB 25 TAB,10,0
DO41,DOTHITAB 50 TABS,10'S,0
E1P1,EPISOD 50MG TABS,10'S,0
ES55,ESTOMINE 5MG TABS,10'S,0
EST11,ESTOMINE ZEE TABS,10'S,10
ES20,ESTOMINE-20MG TAB,10,0
GE111,GENTIN MC TABS,10'S,0
GR311,GRENIL F5 TABS,10'S,0
JKHFHH,MELICEN FP TAB,1*10,0
NL21,NILDEP 10MG TABS,10'S,0
OX14,OXAMINE 100 TABS,10'S,0
OX11,OXAMINE 50MG TABS,10'S,0
OXMFG,OXITINE CR FORTE TABS,10'S,0
OXIT11,OXITINE CR PLUS TABS,10'S,0
OX12.,OXITINE CR12.5MG TABS,10'S,0
PER40,PEELAR ER40MG TABS,10'S,0
PR99,PROGAB 75 TABS,105'S,0
P2R4,PROGAB M 75 TABS,10'S,0
PL11,PROVAL ER 250 TABS,10'S,0
PR50,PROVAL ER500 TABS,10'S,0
PSY100,PSYQUIT SR100MG TABS,10'S,0
PFY11,PSYVOXIN 100MG TABS,10'S,0
PSY50,PSYVOXIN 50MG TABS,10'S,0
QU27,QUTICOOL 100 TABS,10'S,0
QUTI25,QUTICOOL 25MG TABS,10'S,0
QU22,QUTICOOL 50 TABS,10'S,0
NERV1,REVIB CARPS,10'S,0
RIPE1,RIPREX ER250 TABS,10'S,0
YYU,SYLONEX 20TABS,"10,S",0
SY11,SYLONEX 30MG TABS,10'S,0
TR44,TRAMACET TABS,10'S,0
VIP50,VIPRIDE 50MG TABS,10'S,0
ZP42,ZEPAM 1MG TABS,10'S,0
ZM14,ZEPAM 0.5 TABS,10'S,0
ZN15,ZEPAM MD 0.25 TABS,10'S,0
ZEM5,ZEPAM MD 0.5MG TABS,10'S,0
ZEPM1,ZEPAM MD1 TABS,10'S,0
ACTDM,ACTEVA DM CAPS,10'S,0
ACU22,ACUFEN XP TABS,10'S,0
AD,ADENOXYL HB CAPS,10'S,0
ALPH,ALPHANEURON CAPS,10'S,0
ALPN,ALPHANEURON TABS,10'S,0
AMS05,AMSET 5MG TABS,10'S,0
A697,AMSET XT TABS,10'S,0
AR21,ARTHOCERIN A TABS,10'S,0
AR22,ARTHOCERIN CAPS,10'S,0
AR19,ARTHOCERIN G TABS,10'S,0
DEKS1,DEKSEL NANO DROPS,15ML,0
DEK11,DEKSEL NANO SYRUP,5ML,0
KDGFGK,DEKSEL NEO SYP 5ML,1*5ML,0
DOL1,DOLONEURON 100TAB,15'S,0
DOL3,DOLONEURON 300 TAB,10X10S,0
DOLO1,DOLONEURON NT TABS,10'S,60
DLPG,DOLONEURON PG 75 CAPS,10'S,0
FOG1,FORDIA G1 TABS,10'S,0
FORG2,FORDIA G2 TABS,10'S,0
FOPG,FORDIA PG2 TABS,10'S,0
GRADU1,GRADUAL POWDER,400GM,0
GRAD1,GRADUAL POWDER,200GM,0
HIS1,HISTAVERT-16 TAB,15'S,0
MECONE,MECONEURON AMP,1,0
ME,MECONEURON HR TABS,15S,0
MECOD,MECONEURON OD 1500MCG,15'S,0
MECON,MECONEURON TABS,15'S,0
RYWUW,MHR BIO TAB,1*15,0
MHR15,MHR TABS,15'S,0
N504,NEUROZAC CAPS,10'S,0
SAFG,SAFEGUARD SR,15'S,0
SOM1,SOMASPAS TABS,10'S,0
SPR21,SPERFUZE TABS,10'S,0
TLH1,TELDIL H TABS,10'S,0
VL14,VOLTANEURON DN TABS,10'S,0
EXCT,XTRACAL CT TAB,1X10S,0
XT32,XTRACAL HD TABS,10'S,0
XET1,XTRACAL K2 TABS,10'S,0
XTRPM,XTRACAL PM CAPS,10'S,0
X792,XTRACAL TABS,15'S,0
ZO11,ZOLSOMA 5MG TABS,10'S,0
ZL10\,ZOLSOMA TABS,10'S,0
M777,MENTONE SYRUP,200ML,0
QRE1,QREPA 1MG TABS,10'S,0
QRE2,QREPA 2MG TABS,10'S,0
VOGM03,VOGLIFIN M0.3MG TABS,10'S,0
ALFAS,ALFASTERIL TAB,10,0
IDFDHH,INQUIT TAB,1*10,0
SDFGFD,SPINTREE TAB,1*10,0
WEGGGG,TCA GABA TAB,1*10,0
MUC21,DAPEFY S 10/100MG TAB,1*15,0
BASVBF,ME OIL FREE FACE,1*1,0
UFEWUR,MMS GOLD POWDER,1*400GM,0
SEL,25 SELOMET-XL 25,10,260
SELO,SELOMET-XL 50,10,410
HEHEHW,SUNCROS TINT GEL,1*1,0
B556,BODY PLUS CAPS,10'S,0
FRUTOB,FRUTOBIN 200ML SYP,200ML,0
HHJG,ZANIDIN-2 TAB,1*10,80
NEHFGF,BELAX FORTE TAB,1*15,0
U60,UROBAG(ROMO 10),1'S,0
ACZ11,ACEZ MR TABS,10'S,0
BD43,"BANDAGE 15.2 CM X 3 M""",1'S,0
C741,COTTON 500GMS,1'S,69
M433,FACE MASK (RAMRAJ),1,0
LOR,LORMED-P TAB,10;S,250
NEL2,NEL CATH 14,1'S,0
RJWWHW,POWER DROOL,1*1,0
ROLLER,ROLLER BANDAGE 15CM,10CM,0
AVFVBC,ABZORB CREAM 15GM,1*15GM,0
A376,ABZORB POWDER 75 GM,75GM,5
ACR11,ACROTAC 10MG CAPS,20'S,0
ACR2,ACROTEC 25MG CAPS,20'S,0
AMS1,AMEXIDIL 5% LOTION,60ML,0
AMYL11,AMYLAC CREAM,30GM,0
AMM3,AMYLAC LOTION,50ML,0
ANG14,ANGISTAT 2.5MG TABS,25'S,0
ANG.,ANGISTAT 6.5MG CAPS,10'S,0
AVES2,AVESSA 250MG R/C,30'S,0
AVES1,AVESSA 500 ROTACAPS,30'S,0
BECTO1,BECTODINE SOLUTION,500ML,0
CALMP,CALMPOSE AMP,1ML,0
C382,CALMPOSE AMP,2'ML,0
CR31,CARDIBETA XR25 TABS,10'S,0
CADT,CARDIBETA XR50MG TABS,10S,0
CAVE\,CAVERTA 50 MG TAB,1,0
CEHY,CEBHYDRA LOTION,250ML,0
C1638,CEFDIEL 300MG CAPS,10'S,0
C1066,CEPODEM 100MG,1X10'S,0
CEPODT,CEPODEM 50MG DT TAB,10'S,0
C1353,CEPODEM 50MG SYRUP,30ML,0
CEPOD1,CEPODEM O TABS,10'S,0
CEF32,CEPODEM XP DRY SYRUP,30ML,0
CRP2,CEROXIM XP625 TABS,6'S,0
CER15,CERUVIN 150MG TABS,4'S,0
C1422,CERUVIN 75MG TABS,15'S,0
CERV,CERUVIN A TABS,15'S,0
CEAF,CERUVIN AF CAPS,15'S,0
CHEC1,CHERICOF COUGH SYP,100ML,0
C808,CHERICOF COUGH SYRUP,60ML,0
DLHJKH,CHERICOF LS JUNIOR SYP,1*60ML,0
CHER1,CHERICOF LS SYRUP,100ML,0
RR01,CHERICOF SF SYP,100ML,0
C734,CIFRAN 100MG TABS,10`S,0
C385,CIFRAN 250MG TABS,10'S,100
C100,CIFRAN 500MG TABS,10'S,420
C388,CIFRAN CT TABS,10'S,100
C389,CIFRAN EYE DROPS,10ML,0
C384,CIFRAN IV,100ML,0
C1551,CIFRAN OD 1GM TAB,1X5S,0
C1520,CIFRAN OD 500MG TABS,5'S,0
CIO,CIFRAN-OZ TAB,10X10S,0
LYCOME,CONTIFLO ICON 0.4 CAPS,10'S,0
CNF,CONTIFLO OD F CAPS,10'S,0
C1239,COVAMLO TABS,10'S,0
C916,COVANCE 25MG TABS,10'S,0
C239,COVANCE 50MG TABS,10'S,0
CAT,COVANCE AT TABS,10'S,0
COV.,COVANCE CT TABS,10'S,0
C1289,COVANCE D TABS,10'S,0
C1490,CRIXAN GRANULES 125MG,30ML,0
CYS21,CYSTOPEN 100MG TAB,1'0,20
DWE21,D-WELL DROPS,15ML,0
DAT1,DARITEN 0D7.5(DARILONG),10'S,0
DR15,DARITEN OD15MG TABS,10'S,0
DC10,DECROMA 6% OINT,30GM,0
DESER1,DESVAL ER 1G,10'S,0
DIHSDJ,DIPROBATE PLUS CREAM 30G,1*30,2
D377,DISTACLOR 125 SYRUP,30ML,0
DUV1,DUOVOLT 50MG TABS,10'S,0
DU48,DUTAGEN CAPS,10'S,0
EF99,EFLORA CREAM,15GM,0
EF41,EFNASE NASAL SPRAY,15ML,0
ESS1V,ESSVITAL CAPS,10'S,0
E284,EXEL CREAM,15GM,0
EXEL1,EXEL GN ONIT,15GM,0
EXD1,EXIDIL 5% LOTION,60ML,0
EXIZ9,EXIZOL SHAMPOO,50ML,0
FAR,FARONEM 200MG TABS,1*10,0
FERIM.,FERIMIN XT TABS,10'S,0
FERMS,FERIMON SYRUP,200ML,0
FLOR,FLOTRAL 10MG TAB,30'S,0
FORT1,FORTIRON SYRUP,150ML,0
FON,FORTIRON TABS,10'S,0
F155,FORTWIN AMP,1ML,0
GMB,GEMBAX 320MG,1X5S,0
GESS,GESTID MPS SYRUP,,0
G1G2,GINKOCER M CAPS,10'S,0
G130,GRAMOGYL SYRUP,60ML,0
HL41,HALOX CREAM,30GM,1
HA11,HALOX ES OINT,10GM,0
HAL11,HALOX LOTION,30ML,0
HAL1],HALOX OINT,15GM,0
HL43,HALOX S CREAM,10GM,0
HA13,HALOX S LOTION,30ML,0
HAS19,HALOX S OINT,20GM,2
H119,HISTAC 150MG TABS,30'S,585
H120,HISTAC 300MG TABS,10'S,0
H032,HISTAC AMP,2ML,1770
H122,HISTAC EVT TABS,2'S,0
INM3,INSUCARE M30(30/70),40ML,0
INN,INSUCARE N 40U,1X10ML,0
INR,INSUCARE R 40U,1X10ML,0
ISB1,ISOBAX OD30 TABS,30'S,0
K86,KEFLOR 125MG DT,6'S,0
K055,KEFLOR 125MG SYRUP,30ML,0
K207,KEFLOR 250MG TABS,6'S,0
K054,KEFLOR DISTAB 250MG TABS,6'S,0
KEFL15,KEFLOR DROPS,15ML,0
FFK,KEFLOR REDIMIX 30ML,30ML,0
K057,KETANOV AMP,1`ML,10
K058,KETANOV TABS,10'S,0
L1020,LOXOF 500MG TABS,10'S,0
LOXAZ,LOXOF AZ TABS,5'S,0
LOFOX,LOXOF IV,100ML,0
LUF30,LULIFIN 50GM CREAM,30GM,0
LUL11,LULIFIN CREAM,10GM,0
LULF20,LULIFIN CREAM,30GM,0
LUL2,LULIFIN LOTION,10ML,0
MEDS1,MEDSOP ACNE SOAP,75GM,0
MINB1,MINOZ BPO GEL,15GM,0
MINZOD,MINOZ OD 100 CAP,10'S,0
MINS1,MINOZ S FACEWASH,50GM,0
FLKJHF,MIRABIG S 25MG TAB,1*10,0
DFJLDF,MIRAGO 25MG TAB,1*10,0
JETY,MIRAGO 50MG TAB,1*10,29
DJKLGJ,MIRAGO S 50KIT,1*14,14
GDDKJF,MIRBEG S 50MG TAB,1*10,0
`,OI MOISTUREX 50GM CREAM,1,0
MOIS2,MOISTUREX SOAP,75GM,3
ASMOHI,MOISTUREX SOFT 300GM,1*1,0
FFGGHJ,MOISTUREX SOFT LOTION,1*100ML,1
LDFHLF,MOISTUREX SYNDET SOAP,1*75GM,3
M613,MOX KID 250MG DT TABS,15'S,0
NU10,NEUGALIN M 75MG CAPS,10'S,0
NIF1,NIFTRAN 100MG TABS,1*1,1
NOU1,NOCULI B6 SYRUP,200ML,0
NU41,NOCULI SYRUP,450ML,0
NC21,NOCULI TABS,10'S,0
NU111,NUTRIKIT TABS,10'S,0
NURT1,NUTRIKIT RESPI TABS,10'S,0
O101,OFRAMAX 1GM VIAL,1'S,0
O103,OFRAMAX 250MG,VIAL,0
OFRA,OFRAMAX FORTE VAIL,1.5G,0
OLV40,OLVAMLO 40MG TABS,10'S,0
OLV11,OLVAMLO TABS,10'S,0
OOLV1,OLVAN TRIO 20MG TABS,10'D,0
OLT40,OLVAN TRIO 40MG TABS,10'S,0
OL55,OLVANCE 20MG TABS,10'S,0
OL41,OLVANCE 40MG TABS,10'S,0
OLV41,OLVANCE H 20MG TABS,10'S,0
LJFHJK,OSTOSHINE TAB,1*10,0
P279,PEPFIZ TABS (ORANGE),2'S,0
P707,PIOGLAR 15MG TABS,10'S,0
PIOG,PIOGLAR 30 TABS,10'S,0
P708,PIOGLAR G TABS,10'S,0
PGMF,PIOGLAR MF TAB,10'S,0
PRA3,PRASITA 10MG TABS,10'S,0
P1AA,PRASITA 5MG TABS,10'S,0
RACD,RACIPER D CAPS,1*15'S,60
RAN10,RANCIL 10 TAB,10,0
RANC5,RANCIL 5MG TABS,10'S,80
ROXT,RAXITID 150MG TABS,10'S,0
R135,REFLIN 1GM,VIAL,0
RF11,REFZIL O SYRUP,30ML,0
R1F2,REFZIL O 125 SYRUP,30ML,0
RFZ21,REFZIL O TABS,6'S,0
REF025,REFZIL-O 250MG TABS,10X10'S,0
REGA.,REGAINE 2% LOTION,60ML,0
REG11,REGAINE 5% LOTION,60ML,0
REV60,REVITAL CAPS,60'S,0
RV10,REVITAL SENIOR CAPS,10'S,0
R139,REVITAL SYRUP,100ML,0
RVW1,REVITAL WOMAN CAPS,10'S,0
R1L1,REVITALITE POWDER,200GM,0
RV14,REVULANT TABS,10'S,0
R740,RICONIA SILVER TABS,15'S,0
R460,RICONIA SYRUP,150ML,0
RDUO,RIOMET DUO 1MG TAB,15'S,0
ROD85,RIOMET OD 850MG TABS(BMC) 10'S,,0
RIMT,RIOMET TRIO 2 TABS,10'S,0
RIT21,RITOVAZ TABS,30'S,0
ROL31,ROLIFLO OD 2+0.4MG CAPS,10'S,0
RLF12,ROLIFLO OD4 CAPS,10'S,0
ROL10,ROLITEN 1MG TABS,010S,0
ROL2,ROLITEN 2MG TABS,10'S,0
R742,ROMILAST 10MG TABS,15'S,0
ROMI5,ROMILAST 5MG TABS,15'S,0
RM,ROMILAST L SYP,60 ML,0
R143,ROSCILLIN 250MG AMP,1'S,0
R10,ROSUVAS 10MG TABS,15'S,90
R20,ROSUVAS 20MG TABS,10'S,60
ROS4,ROSUVAS 40MG TABS,10'S,10
R5,ROSUVAS 5MG TABS,15'S,60
ROUC1,ROSUVAS CV10 CAPS,10'S,0
ROCV20,ROSUVAS CV20MG CAPS,10'S,80
ROSD3,ROSUVAS D10MG TABS,15'S,0
ROSV,ROSUVAS EZ TABS,10'S,0
ROS5,ROSUVAS F10 TABS,15'S,45
RS20,ROSUVAS F20 TABS,10'S,30
ROSUV.,ROSUVAS F5 TABS,15'S,0
RLZ,RULIZO 600MG TABS,5'S,0
SYNSMA,RYNAZMA TABS,10'S,0
SEB1,SEBIFEN PLUS CREAM,15GM,0
S1218,SELZIC 150MG TAB,10'S,0
SELG1,SELZIC OD 150MG TABS,10'S,0
SIL8,SILODAL 8MG CAPS,10'S,120
SIL11,SILODAL D4 CAPS,10'S,30
SILD8,SILODAL D8 CAPS,10'S,120
SDKDSJ,SILVEREX HEAL 15GM,1*15GM,2
S493,SIMVOTIN 10MG TABS,10'S,0
S494,SIMVOTIN 20MG TABS,10'S,0
S280,SIVYLAR 140MG CAPS,10'S,0
SOF3,SOFINOX CREAM,5GM,20
SOFI.,SOFINOX CREAM 10GM,10GM,18
SOLI10,SOLITEN 10MG TABS,10'S,0
SL44,SOLITEN 5MG TABS,10'S,30
2SOL1,SOLITRAL 10MG TABS,10'S,0
0SRT,SOTRET 0.5% GEL,15GM,0
SORT,SOTRET 10(IS0TROIN) CAPS,10'S,0
SOTR,SOTRET 20MG CAPS,10'S,0
SOTE1,SOTRET SOAP,100GM,0
S607,SPORIDEX 125 REDIMIX,30ML,0
S589,SPORIDEX 250 REDIMIX SYP,30ML,0
SPORI.,SPORIDEX 250DT TABS,10'S,0
S271,SPORIDEX 250MG CAPS,10'S,0
S277,SPORIDEX 250MG DS TABS,10'S,0
S272,SPORIDEX 500MG CAPS,10'S,0
S699,SPORIDEX AF 375MG TABS,10'S,0
S701,SPORIDEX AF 750MG TABS,10'S,0
WIYDCF,SPORIDEX CV 750MG TAB,10*S,0
S273,SPORIDEX DROPS,10ML,0
S274,SPORIDEX DRY 125 SYRUP,30ML,0
S276,SPORIDEX DT 125MG TABS,10'S,0
STANC,STANCEF O SYRUP,,0
SA1,STANLIP(FINOFIBRATE) TABS 10'S,,30
1478,STORFIB TABS,10X10'S,0
STOD1,STORVA TRIO10MG TABS,10'S,0
STOR2,STORVA TRIO20MG TABS,10'S,0
ST80,STORVAS 80MG TABS,10'S,0
STO20,STORVAS CV20 CAPS,10'S,40
STD10,STORVAS D10MG TABS,10'S,30
ST\D20,STORVAS D20 TABS,10'S,0
SZE,STORVAS EZ 10MG TAB,10S,0
SUS,SUNCROS LOTION,100ML,0
SUNCS1,SUNCROS SOFTGEL,50GM,0
SUNC1,SUNCROS UVA GEL,50GM,0
SU11,SUNMATE SPF30 CREAM,30GM,0
SYNA,SYNASMA SYRUP,60ML,0
SYN2,SYNRIAM TABS,3'S,0
TZ11,TAZIX 500MG TABS,3'S,0
TECZ32,TECZINE M TABS,10'S,0
TELAC,TELEACT 20 TAB,10'S,0
TL17,TELEACT 40 TABS,10'S,20
TELE1,TELEACT BETA50MG TABS,10'S,60
T2L3,TELEACT CT 40MG TABS,10'S,0
TEA21,TELEACT CT LS40 TABS,10'S,0
TL15,TELEACT D TABS,10'S,0
TENT1,TENTIDE EM TABS,30'S,0
TO14,TORIDE 10 TABS,10'S,0
TRO32,TRIOLVANCE 20MG TABS,10'S,0
TRO31,TRIOLVANCE 40MG TABS,10'S,0
TRO6,TROPEZ OD TABS,10'S,0
VAX,VAXIGRIP(INFLUGEN) INJ,1,0
VET21,VLETRA TABS,60'S,0
VBO11,VOLINI ACTIV OINT,15GM,0
V11,VOLINI GEL,20GM,3
VOLO1,VOLINI GEL,10GM,10
VOL11,VOLINI GEL,100GM,1
V11,VOLINI GEL,20GM,7
VO44,VOLINI GEL,50GM,0
VL41,VOLINI GEL,75GM,0
VOL;JI,VOLINI MAXX SPRAY 25GM,1*25GM,35
KJGFG,VOLINI SPARY 100GM,100GM,0
VOL32,VOLINI SPRAY,15GM,9
FLHGHH,VOLITRA APS 30ML SPRAY,1*30ML,0
VOLG,VOLITRA GEL,30GM,0
VOL1,VOLITRA MR TABS,10'S,0
VOLI.,VOLITRA PLUS GEL,30GM,0
VOL14,VOLITRA SPRAY,50ML,0
VOLI,VOLIX 0.2 TABS,15'S,0
VO3,VOLIX 0.3MG,1*15,15
VLM1,VOLIX M0.2MG TABS,10'S,0
VOL3,VOLIX M0.3 TABS,10'S,0
VKBBVB,VOLIX R 0.2/1MG TAB,1*10,0
NOLI,VOLIX TRIO 1 TAB,10,0
VOL13,VOLIX TRIO FORTE2 TABS,10'S,0
V2123,VORZU 200 MG TAB,4,0
WELC2,WELCET COLD TABS,10'S,0
XER1,XERINA CREAM,50GM,1
XER22,XERINA LOTION,100ML,0
Z115,ZANOCIN 100MG TABS,10'S,0
Z435,ZANOCIN 200MG TAB,10,0
ZN4,ZANOCIN 50 SYRUP,60ML,0
ZAN2,ZANOCIN DS TABS,10'S,0
Z113,ZANOCIN EYE DROPS,1'S,0
ZAN/F,ZANOCIN F TABS,10'S,0
Z114,ZANOCIN IV,100ML,0
Z409,ZANOCIN OD 400MG TABS,5`S,0
ZAO,ZANOCIN OZ TAB,10S,0
ZNZ,ZANOCIN SYP,60ML,0
ZEEBE,ZEEBEE SYRUP,10ML,0
ZIFI1,ZIFIXIM 200MG TABS,10'S,0
Z175,ZOLE OINT,15MG,0
ALFAK,ALFAKIM,2ML,0
AM50,AMX 500MG CAP,1X10'S,0
ALLA,ANALYTICA CARD,1'S,0
ANXI,ANXINIL 0.5MG TAB,10'S,0
AZA,AZAX 500 TAB,1X3S,0
BECP9,BECTOSEPT POWDER,10GM,0
DECOF,DECOFF A SYRUP,100ML,0
DEFC1,DECOFF Q TABS,10'S,0
DECOFF,DECOFF T SYRUP BIG,100ML,0
DK111,DKOF SYRUP,100ML,0
FENAK.,FENAK PLUS GEL,30GM,0
FE221,FENAK PLUS SPRAY,55GM,0
FENAP,FENAK PLUS TABS,10'S,900
JFBHBF,FERIMON XT TAB,1*10,0
HJWRE,MIRAGO S 25 KIT TAB,10'S,62
OCT20,OLVANCE CT 20 TAB,10,0
OMESE,OMESEC 20MG CAPS,10'S,0
ON,ONOFF 200MG TABS,10'S,0
ON1,ONOFF 400MG TABS,10'S,0
ONO,ONOFF OZ TABS,10'S,0
ONF,ONOFF SUSPENSION,1S,0
PIR9,PIROX INJ,2ML,0
PYR11,PYREMOL INJ,2ML,0
RAX1,RAXIM O 200 TABS,10'S,0
RICO,RICONIA G CAPS,10'S,0
ROMI,ROMILAST B TAB,10S,0
RO12,ROMILAST L 10 TABS,"10,S",0
RP19,ROPRAZ 20 TABS,10'S,0
RXK1,ROXITID SYRUP,30ML,0
SEL/,SELZIC OD 600MG TABS,10'S,0
SIT,SETRIDE SYRUP,1S,0
STAN1,STANCEF O 200 TABS,10'S,0
TR1A1,TRANZEX 50MG CAPS,10'S,0
TRA.,TRANZEX AMP,2ML,0
TR15,TRANZEX PLUS TABS,10'S,0
VERSA,VERSATILLIN 500MG CAPS,10'S,0
WELC11,WELSET COLD TABS,10'S,0
ZEEB,ZEEBEE 400MG TABS,1'S,0
DGOT,DGOT-LB,10'S,90
DURSP,DURODAL-SP,10,190
MVOE,MOVEZYME SYP,200ML,2
PROTE,NAKPOD 200 TAB,10'S,0
RAK,MP RAK-MPS,200ML,8
VIM,VIM-C PLUS CAP,10'S,0
VMCSY,VIM-C PLUS SY,200ML,1
CRISHD,CRIXAN 500MG TAB,10'S,0
EAS,EASIFUD,400GM,0
HEPAT,HEPATOGLOBIN CAP,30'S,0
HEPTDR,HEPATOGLOBINE DROPS,15ML,0
H143,HEPATOGLOBINE SYRUP,300ML,5
HEPTO,HEPTOGLOBINE SYRUP,300ML,3
H144,HOVITE DROPS,15ML,0
I119,IGOL GRANULES,100GM,0
ISF,ISOFLAV CR CAPS,10S,0
ISCRP1,ISOFLAV CR PLUS CAPS,10'S,0
L130,LACTODEX 1(STARTER)TIN,500GM,0
L180,LACTODEX 2(FOLLOWUP) TIN,500GM,0
L184,LACTODEX 3TIN,500GM,0
LAC.,LACTODEX 4 POWDER,450GM,0
L1002,LACTODEX HMF POW,20X2GM,8
NEOGA,NEOGADINE DROPS,15ML,0
N256,NEOGADINE ELIXR SYP,300ML,5
NEM,NEOGADINE MIKROS,1X100ML,0
N255,NEOGADINE SG SYRUP,300ML,0
N179,NEOPEPTINE DROPS,15ML,0
N178,NEOPEPTINE SYRUP BIG,100ML,5
N436,NEOPEPTINE SYRUP SMALL,60ML,5
O104,OLESAN OIL,10ML,0
R144,ROSCILLIN 500MG VIAL,1'S,0
S446,SUBSYDE CR CAPS,10'S,0
TD41,THREPTIN BIG,1000GM,0
THGGGH,THREPTIN BISCUIT SMALL,1*275GM,0
T260,THREPTIN BISCUITS,1KG,0
THRP9,THREPTIN LITE BICS,275GM,0
T434,THREPTIN MICROMIX POWDER,200GM,0
T262,TROPHOX POWDER,200GM,0
V142,VEELAC POWDER,400GM,0
VEEA,VEELAC WHEAT APPLE,1X400GM,0
Z121,ZEROLAC POWDER BIG,400G,1
ZERL2,ZEROLAC POWDER SMALL,200GM,0
Z095,ZYTEE LIQUID,10ML,6
Z122,ZYTEE(OROSURE)GEL OINT,10ML,1
DLJFHK,COLIHENZ 4ML AMP,1*4ML,0
VIT,VITAL VIP SYP,200ML,0
HRH,APTAGROW 400GM(CHOCO),400GM,0
GUV,APTAGROW 400GM(VANILLA),400GM,0
D467,DETTOL LOTION 30.25,1*175ML,0
GIQDSG,HYDRONIC ULTRA SOAP,100GM,0
RECB,RELISH COOKIES COCONUT,150G,0
D650,DETTOL DISINFECTANT,225ML,0
DEEFGK,DETTOL HAND WASH 109,750ML,0
DETSOI,DETTOL HAND WASH 90.00,175ML,0
D5823,DETTOL LIQ SOAP,250ML,0
D564,DETTOL LIQUID LIME FRESH,200ML,0
D190,DETTOL LIQUID MINI,50ML,0
D189,DETTOL LIQUID SMALL,100ML,0
D5657,DETTOL SOAP BIG,125GM,0
D191,DETTOL SOAPS ALL,1*1,0
1255,DETTOL WIPES ALL,,0
DISP,DISPRIN TABS,10'S,0
E195,EPILEX SYRUP,100ML,0
957,GLIMIREP 1 TABS,10'S,0
M525,MORTEIN COILS SMALL,10'S,0
MORT,MORTEIN COMBI PAK 30N,1X30NIG,0
M1431,MORTEIN KILLER SPRAY,320ML,0
VADSHF,VANISH LIQ,100GM,0
758,VEET IN CREAMS ALL,,0
465,VEET SEN 25G CREAM,25G,0
156,VEET SOFT 25G CREAM,25G,0
HGKJJH,CLOREGA-S LOTION,1*30ML,0
BFHBHG,COALTAR-S LOTION,1*60ML,1
D121,DERMICORT OINT,15GM,0
L1043,LEVODAY 500MG TABS,5'S,0
GHFGUR,TRUDERMA FACE WASH,150ML,0
GMLSDF,BRILANTE INTENSE SERUM,1*30ML,0
HYDC,HYDRONC LIP BALM,1,0
SAJJDF,AMIX H TAB,1*10,50
AATR1,ATROS 10MG TABS,10'S,0
ATR20,ATROS 20MG TABS,10'S,0
BTL,BETALOL TR 40 CAPS,10'S,0
BTLL,BETALOL TR 80 CAPS,10'S,0
CUIOHC,CISFLY TAB,1*10,0
CLOF11,CLONAP FORTE TABS,10'S,0
CKL;MI,CLONAP PLUS TAB,1*10,0
C05,CLONAP-0.5 TAB,30'S,0
CYPT,CYCLONAC-P TAB,10'S,0
DTZ1,DICLOTIZ TABS,10'S,0
DIVA11,DIVALID ER500MG TABS,10'S,0
FLU5,FLUMIG-10 TAB,1X10'S,0
GAF,GABARED FORTE TAB,10X10S,0
ML22,MELANXIT TABAS,10'S,0
MTD11,MTHL DS TABS,10'S,0
PNT1,PANTRO DSR CAPS,10'S,0
PT4,PANTRO-40 TAB,10'S,0
TRIF9,TRIOCAL FORTE CAPS,10'S,0
ZN19,ZANID 2 TABS,10'S,0
ZTM,ZETRAM TABS,10'S,0
BRAIN,BRAIN DHA SUSPENSION,100 ML,0
BROME,BROMEZER D TAB,10;S,60
BRF,BROMEZER TABS,10'S,60
LEF,LEFDAY 20MG TAB,10;S,0
MAXN,MAXNERVE-1000 INJ,2ML,23
REGC,REGITOR-C,10'S,180
TE,TELLME-H TAB,10;S,210
HEM20,HEMALB 20% INJ,20%,0
T535,TINC IODINE,200ML,0
A623,ALBUREL 20% IV,100ML,0
PEGDSS,PEG RELIGRAST 6MG INJ,1,0
VBFHSD,SALDAN SHAMPOO,1*100ML,0
DSOAP,DEASAN SOAP,75 GM,0
PAN20,PANCID 20,10'S,0
XAF200,XAFLO 200MG TABS,10'S,0
DHFHHH,DEFCORMIN 6MG TAB,1*10,0
BERFJG,NERVIREN PLUS TAB,1*10,0
RKLEJG,RENCICAL CAP,1*10,0
RUWIHE,RENCICAL PLUS TAB,1*10,0
KAGKDB,AKA ALPHA TAB,1*10,0
INCY1,INCYST M TABS,10'S,0
SUPP9,SUPPORT SYRUP,200ML,0
SUPP2,SUPPORT TABS,15'S,0
XABCBC,CALCIGAN CAP,1*10,0
CROQUI,CROQUIS TAB,10'S,0
SDHFFF,DROTAHIT TAB,1*10,0
SDBJFJ,DYCOZIDE TAB,1*10,0
ENKEHK,ENRET FE TAB,1*10,0
FERSHH,FEXALOG 40MG TAB,1*10,0
FMT,FP-MIN TAB,10,0
KDJKHF,K B6 SYP,1*100ML,0
K,STA K-STALL SACHETS,1,0
NFDJFJ,NIFSPUR ER 30MG TAB,1*10,0
DFFHSK,NITFLANG TAB,1*10,0
",MDFHG",NUTAC CAP,1*10,0
OXCSHG,OXASPUR TAB,1*10,0
READDD,RADOSPUR TAB,1*10,0
ERJFFC,REVASPUR 400MG TAB,1*10,0
ASJDGH,SILOHIGH 8MG TAB,1*10,0
ASHGKG,SLOLOG 5MG TAB,1*10,0
SKODHO,SOBIQUE DS TAB,1*10,0
TANANJ,TAMACT 0.4MG GTAB,1*10,0
TAKSKS,TAMACT D TAB,1*10,0
FKJEFH,TORDIM 20MG TAB,1*10,0
ASJHDJ,TORDIM 40MG TAB,1*10,0
DNLFHH,URIALFA 8MG TAB,1*10,0
579,AMLOREP AT TABS,10'S,0
ANGH4,ANGITOR H TABS,10'S,0
CVM1,CVMET TABS,10'S,0
DIC11,DICAL TABS,10'S,0
GMI2,GLIMIREP 2 TABS,10'S,0
GLIP1,GLIMIREP P1 TABS,10'S,0
GLMP2,GLIMIREP P2 TABS,10'S,0
MECPG,MECON PG75MG CAPS,10'S,0
MEC1,MECON PLUS CAPS,10'S,0
OXY14,OXYREP CAPS,10'S,0
RAD2,RABIREP D CAPS,10'S,0
LHSFHG,THREPTIN JR DISKETS,1*1,2
TRIMPS,TRICAINE MPS SYRUP,180ML,0
ATCD1,ATOCER D10MG TABS,10'S,0
COB21,COBACER D TABS,10'S,0
GLII1,GLIMICER M1 TABS,10'S,0
GLMF1,GLIMICER M2 FORTE TABS,10'S,0
GLII2,GLIMICER M2 TABS,10'S,0
GLMV1,GLIMICER MV1 TABS,10'S,0
GLVV,GLIMICER MV2 TABS,10'S,0
LOCE2,LOCERT 25MG TABS,10'S,0
LOCH50,LOCERT 50H TABS,10'S,0
METP1,METPROCER 50XL TABS,10'S,0
TELAPP,TELAPP 40CH TABS,10'S,0
TELAM,TELAPP AM TABS,10'S,0
TELA11,TELAPP H TABS,10'S,0
TEL02,TELCER 20MG TABS,10'S,0
TELL9,TELCER 40MG TABS,10'S,0
TEA22,TELCER AM TABS,10'S,0
TEL6,TELCER H TABS,10'S,0
TELT1,TELCER TRIO TABS,10'S,0
TRIGC1,TRIGLIMICER 1MG TABS,10'S,0
TRIC2,TRIGLIMICER 2 TABS,10'S,0
TRIG21,TRIGLIMICER LS1 TABS,10'S,0
REV1,REVAC B INJ,1ML,0
EJYHRV,CRIXAN 250MG TAB,1*10,0
ETROBA,ETROBAX 120,"10,S",0
E337,EXEL M CREAM,15GM,0
L1019,LOXOF 250MG TAB,5'S,0
LOX750,LOXOF 750 TABS,10'S,0
V,LOXOF OZ TABS,5S,0
M516,MOX KID 125MG DT TABS,15'S,0
M888,MOX REDIMIX 125MG SYP,60ML,0
M634,MOX REDIMIX 250MG SYRUP,60ML,0
M631,MOXCLAV 375MG TABS,10'S,0
M632,MOXCLAV 625MG TABS,10'S,0
MOX,MOXCLAV BD 228.5MG DIS,6'S,0
M732,MOXCLAV BD SYRUP,30ML,0
MOCA,MOXCLAV DS 457MG TAB,1X10S,0
R716,RACIPER 20MG TABS,1*15,0
R327,RACIPER 40MG TABS,15`S,0
ROLE2,ROLES 20MG TABS,15'S,0
ROLD,ROLES D CAP,1X10S,0
Z397,ZOLE F LOTION,15ML,0
DJSHKF,BIZYTAB O TAB,1*10,0
C426,CHLORPROMAZINE 100MG TABS 10'S,,40
C1076,CHLORPROMAZINE 50MG,10'S,0
C051,CLEXANE 40MG AMP,0.4ML,0
G273,GARDENAL SYRUP 100ML,100ML,0
JKJH,MAGSPUR TAB,1*10,0
D298,NIFSPUR ER 20MG TAB,1*10,0
P307,PHENERGAN AMP,2ML,5
P310,PHENERGAN SYP.,60ML,0
T443,TIXYLIX SYRUP,60ML,0
AMNUR1,AMNURITE P TABS,10'S,0
CAL23,CAL TABS,10'S,0
METH1,METHYRICH CAPS,10'S,0
TRICH,TELMIRICH 40,10,0
TEM2,TELMIRICH H TABS,10'S,0
DIFL1,DIFLEX GM TABS,10'S,0
KEF2,KEFFESTA 100MG SYRUP,30ML,0
LYC31,LYCORICH CAPS,10'S,0
HUY,LYCORICH SYRUP,200ML,0
KGEDUU,JIOSTAT 10MG TAB,1*10,0
GJSGFG,JIOSTAT 20MG TAB,1*10,0
JFYFSL,JIOSTAT CV TAB,1*10,0
DGHD,JIOTEL 40 TAB,1*10,0
YYYUYI,RIOBONE D3 TAB,1*10S,0
JFWEF,JIOTEL TRIO TAB,1*10,0
JHSHF,JIOTEL-H TAB,1*10,0
LYCV9,LYCO CV CAPS,10'S,0
RABD9,RABDALE DSR CAPS,10'S,0
UYIQWY,RABDALE DSR CAPS,10*S,0
RAJBFN,RABOAK DSR TAB,1*10,0
RIOC,RIOCAL D3 TABAS,10'S,0
RIO40,RIOTEL 40MG TABS,10'S,0
RICT01,RIOTEL CT TABS,10'S,0
RIOMT,RIOTEL MT TABS,10'S,0
ROZS10,ROZSTAT 10MG TABS,10'S,0
ROZA75,ROZSTAT A CAPS,10'S,0
ROZSV,ROZSTAT CV CAPS,10'S,0
TRMP9,TRAMSAFE P TABS,10'S,0
20MM,MELARISH OD TABS,10'S,0
RC221,RICITAL FORTE TABS,10'S,0
RICI1,RICITAL PLUS,10'S,0
RIP11,RIPREX ER500 TABS,10'S,0
RIS11,RISARTAN 20MG TABS,10'S,0
RSAM1,RISARTAN AM TABS,10'S,0
TELM21,TELMIRICH 40MG TABS,10'S,0
HGGYR,DAPEFY M XR 10/500 TAB,1*7,0
ZENV99,ZENVESTIN TABS,10'S,0
DSJKDF,ACCU CHEK AVIVA 50S,1*1,0
DFJBGG,ACCU CHEK GUIDE 50S,1*50S,0
AGGBAB,ACCU CHEK INSTA 50 STRIPS 1,,0
ACHCHA,ACCU CHEK INSTA S METER,1*1,0
ACBJHA,ACCU CHEK INSTANT 100'S,1*100'S,0
ASDLKF,ACCU CHEK INSTANT 10S,1*1,0
QSKJDG,ACCU CHEK INSTANT METER,1*1,0
ACGCGC,ACCU CHEK PEN DEVICE,1*1,0
ACCU1,ACCU CHEK PERFOMA STRIPS,50'S,0
ACCU5,ACCU-CHEK ACTIVE STRIPS,50'S,2
ACA,ACCU-CHEK ACTIVE STRIPS,10'S,0
A12,ACCU-CHEK ACTIVE STRIPS,100'S,0
SBL11,BOOLD ADMINISTRATION,1'S,0
C1150,CELLCEPT 250MG TABS,10'S,0
CEL11,CELLCEPT 500MG TABS,10'S,0
CLEE1,CLEAN&DRY WASH,50ML,0
FIQEEF,CLEFT 20MG TAB,1*10,0
LOCLAN,LOCLAN T-40,1*10,0
ACCC,ACCU-CHEK ACTIVE KIT,1,0
ACCU,ACCU-CHEK ACTIVE STRIPS,25S,4
ACTM1,ACTEMRA 200MG INJ,10ML,0
N!12,NEORECORMON 5000IU/0.3ML,1,0
RPOAHL,RONAPREVE 120MG/ML,1,0
TARV9,TARCEVA 100MG TABS,10'S,0
TAR150,TARCEVA 150MG TABS,10'S,0
ANGEJJ,ANGEL NEBULIZER MISSION,,0
C1051,COLOBAG 25CM X 14CM,10'S,0
C746,COLOSTOMY KIT,1'S,0
NDEFO,DEFRON TAB,10'S,400
ETO,ETOLEX-90 TAB,10;S,280
ETOL,ETOLEX-P TAB,10;S,10
I185,FEEDING TUBE 10,1'S,0
I183,FEEDING TUBE 5,1'S,0
I184,FEEDING TUBE 6,1'S,0
S581,GLOVES MEDIGRIP 6,1PAIR,0
M658,MALE CATH LARGE,1'S,0
M725,MALE CATH MEDIUM,1'S,0
M496,MALE CATH SMALL,1'S,0
MERUER,MERSILK 0 (5037),0,0
GDYDWD,MERSILK 2.0 (5036),2.0,0
MERSIL,MERSILK 3.0 (5003),3.0,0
N364,NELATON CATH 14,1'S,0
N420,NELATON CATH 16,1'S,0
PCNHFE,PCN NEEDLE 16F,16F,0
PCNTER,PCN NEEDLE 18F,18F,0
P475,PEDIA DRIP SET,1'S,0
PROLER,PROLENE 2.0 (806),2.0,0
PROLIF,PROLENE 3.0 (18),3.0,0
RTAF,R-TAXIM 200 TAB,10'S,70
RG-,RG-4G SOFT CAP,10'S,310
ROMOJB,ROMO FLOW (MICRODRIP,1,0
RADAJD,ROMO VAC SET,1,0
RONCID,RONCID SYP,170ML,26
ROOP1,ROOP MANTRA FACE WASH,120ML,0
S555,SCALP VEIN SET 21 RAMSON,1'S,0
S556,SCALP VEIN SET 22 RAMSON,1'S,0
S740,SCALP VEIN SET 23 RAMSON,1'S,96
S904,SCALP VEIN SET 24 RAMSON,1'S,0
S826,SUCTION CATH 14,1'S,0
S836,SURGEON NEEDLES,1'S,0
S575,SURGICAL GLOVES 7,1PAIR,10
TRUGYU,TRUGUT 1-0 (4242),1-0,0
TRIHFJ,TRUGUT 2.0 (4241),2.0,0
TRUGUT,TRUGUT 3-0 (4201),3.0,0
URITOR,URINE BAG,1,25
UROS,UROBAG,2LTR,0
NBCB,VACCU SUCTION,1*1,0
B403,BED PAN (PLASTIC),1'S,2
CERT,CERVICAL COLLER LARGE,,0
WBO,WRIST DRIP BAND,,0
A167,ALDACTONE 100,15'S,0
ALDCTN,ALDACTONE 25,15'S,210
A1D1,ALDACTONE 50,15'S,75
I2QCFO,ANABOOM AD LOTION,50ML,0
L091,LOMOFEN TABS,20'S,0
L092,LOMOTIL TABS,20'S,0
MINT9,MINMIN SYRUP,200ML,0
MOFE,MOFETYL S 360 TAB,10,0
N086,NAPROSYN 500MG TABS,15'S,80
NAPR1,NAPROSYN SYRUP,60ML,0
SER05,SERENACE 0.5MG TABS,10'S,0
SERE,SERENACE 10 MG TAB,20'S,0
JGGGR,SOTRET NF 16MG CAP,1*10,0
TAMFLO,TAMFLO 0.4MG CAPS,10'S,0
JFGATY,BILASURE M KID SYP,1*60ML,0
SIGFLA,SIGNOFLAM,10'S,125
SUCCID,SUCRACID SYP,200ML,0
COT225,COTTON 200GM,1'S,0
FJSDKA,FC SILICON 10G,1,0
FFGHGB,FC SILICONE 12 G,1,0
FFFHGH,FC SILICONE 14 G,1,0
UUDAHD,FC SILICONE 16G,1,0
HSJAHD,FC SILICONE 18G,1,0
FDOLDA,FOLEY CATH 10,1,0
F295,FOLEYS CATH 12 (RUSCH),1'S,0
F294,FOLEYS CATH 14 (RUSCH),1'S,0
F296,FOLEYS CATH 16 (RUSCH),1'S,0
F297,FOLEYS CATH 18 (RUSCH),1'S,0
GIWEFG,MOSHA L TAB,1*10,0
NECF9,NECFIX OS SYRUP,30ML,0
HUWERW,SONATA LR CAPS,1*10,0
AC3,ACITROM 3MG TABS,30'S,160
CLOZ10,CLOZAM 10MG TBAS,10'S,0
C235,CROTORAX HC CREAM,10GM,0
D172,DEPSONIL 25MG TABS,10'S,0
D174,DEPSONIL DZ TABS,10'S,0
H069,HANSEPRAN 100MG CAPS,10'S,0
H068,HANSEPRAN 50MG CAPS,10'S,0
L113,LOFTIL 20MG CAPS,10'S,0
M173,MAZETOL 100MG TABS,10'S,0
M174,MAZETOL 200MG TABS,10'S,100
M175,MAZETOL 400MG TABS,10'S,0
MAZSR2,MAZETOL SR 200 TABS,10'S,0
M476,MENSOON CAPS,6`S,0
N133,NIFEDINE 10MG TABS,10'S,0
ERYC,ERYCIN 250 MG TAB,10'S,0
P769,PILENIL CAPS,10'S,0
GEM3,GEMIN FORTE TABS,10'S,0
U1TDUI,RIVAFLO 20MG TAB,10*S,30
SFT2,SAFTI 2ML,1'S,0
SFT3,SAFTI 3ML,1'S,0
SFT5,SAFTI 5ML,1'S,0
"SAF,/",SAFTI IV SET,1'S,0
JFHEF,SOHA LIQUIGEL EYE DROPS,1*5ML,0
FFSUHN,VOAGE S TAB,1*15,0
5DS,5D IV 500ML,500ML,0
RLS,RL IV 500ML,500ML,309
HSGFKG,TINZIT TAB,1*10,0
TAFDAG,TACROVERA OINTMENT,15GM,0
A4800,ARGINITRIC CAPS,10'S,0
ARGRA,ARGINITRIC,3GM,0
C1630,COGNACETAM 1200MD POW,5G,0
G513,GISSICOR CAPS,10`S,0
PE10,PENTASAR 40MG TABS,10'S,0
SNA,SYNIC-A TAB,10S,0
A941,AMICHLOR TABS,10'S,0
CERSYP,CEREFLO SYRUP,100ML,0
P677,PIRACET 400MG TABS,10'S,0
BS14,BESTOGESIC GEL,30GM,0
PERK1,PERKY POWDER,200MG,0
0SAL,SALJOINT TAB,10,0
UYTGYG,ANOSUM CREAM,1*20G,0
Q2IEUF,CARNOSIN INJ,2ML,0
D728,DISTINON TABS,10`S,0
DII,DIXIN PAED 60ML,60ML,0
D708,DIXIN SYRUP,30ML,0
ERHKNF,EMPIPENEM INJ,1*1,0
ENDACE,ENDACE 160MG TAB,1*10,0
END40,ENDACE 40MG TABS,10'S,0
ASDHIG,FENOBARB INJ 1ML,1*1ML,0
FLORII,FLORICOT TAB,1*10'S,0
HIODDO,HISONE 10MG TAB,1*10,0
HIS11,HISONE 20MG TABS,10'S,0
HIS2,HISONE 5MG TABS,10'S,0
HIO,HISONE TABS,10'S,0
GGSD,HYPO-PHOS TAB,1*10,0
IOHFNF,INSED SPRAY,1*1,0
LJFHFF,KENADION 10MG TAB,1*10,0
L176,LEUCOVORIN CALCIUM 15MG,2ML,0
FGJG,LIWI SKIN GEL,20GM,0
LOBET,LOBET TAB,10'S,0
LJKDFH,LOWCAP 40 INJ,1*1,0
M602,MUCOMIX 20% RESPULES,1*2ML,0
FDNKLD,NALOX INJ 1ML,1*1ML,0
PHENO,PHENOBARBITONE AMP,1ML,0
WRPJGG,POTLYTE 10ML AMP,1*1,0
P631,PRID 10MG TABS,10'S,0
R479,RICLOFEN TABS,10'S,0
HGKGGK,SAMFLAV TAB,1*10,0
ASFSF,SODABICARB INJ,1*25ML,0
SOL,20 SOLET TAB,10,0
U106,UROTONE TABS,10'S,0
DJFJKK,BRINZOTIM EYE DROPS,1*5ML,0
NES1,NEUROGEN CAPS,10'S,0
RGP11,RGPOWER POWDER,5GM,0
SANF,SANVICOBAL FORTE,10'S,0
AXT20,AXETEN 20MG TABS,10'S,0
FRIS10,FRISIUM 10MG TABS,15'S,90
FRIS20,FRISIUM 20 TABS,10'S,50
L,LANTUS ALLSTAR PEN,1,0
MYO4,MYORIL 4MG CAP,10'S,40
MYOL01,MYORIL INJ,2ML,0
YFUFEY,NOVALGIN NU TAB,1*10,0
POL21,POLIOVAC PFS 0.5ML,0.5ML,0
VAX11,VAXIGRIP PEDIATR INJ,0.25ML,0
DELE2,DELIPLEX TABS,10'S,0
NT19,NATURAL GLOW CAPS,7'S,0
QFDJQW,FEXOSTAT TABS,10*S,0
A370,AMBISTRYN S 1GM AMP,1'S,0
C1397,CALCIUM SANDOZ ICE EX,200'S,0
S012,SIRDALUD 2MG TABS,6'S,0
IVSJ,IV SETS (POLYMED),1'S,0
SAFURB,SAFTI URINE BAG,1'S,0
TERBI,TERBISKA 250MG TAB,7;S,0
KGHFKH,DZEP M 5MG TAB,1*10,0
HGKGKH,DZEP M TAB,1*10,0
ALL180,ALLEGRA 180MG TABS,10'S,100
AMINOS,AMINOFIT FORTE SACHETS,1,0
OWETGI,CARDACE METO 2.5/25 TAB,10*S,0
CEXR,CETAPIN XR 500MG,1*20,0
HFSDFG,COLLAFLEX PRO PLUS TAB,1*6,0
COLLP1,COLLAFLEX PRO SACHETS,12.1GM,0
COLL1,COLLAFLEX SACHET,25GM,0
COQ3,COQ 300MG CAPS,15'S,0
COQF,COQ FORTE CAP,1*10,0
CARDA,CORDARONE X TABS,15'S,60
DEP,DEPURA 60K SUSP,5ML,0
DEPK9,DEPURA KID DROPS,15ML,0
ELFHFG,HEXAXIM INJ,1*1,0
IM12,IMOVAX POLIO 0.5ML,0.5ML,0
L1007,LACTACYD LOTION BIG,100ML,0
L482,LACTACYD LOTION SMALL,60ML,0
METO,METOSAN XR 50 TAB'S,10'S,0
MY8,MYORIL 8MG CAP,1X10S,0
PL22,PLAVIX TABS,14'S,0
PRIM1,PRIMACAL AT CAPS,10'S,0
RAD11,RADIANCE H CAPS,15'S,0
IQVQW1,SEMI AMARYL 0.5MG TAB,30S,0
STIC,STILNOCT 12.5 MG TABS,10'S,0
SYND1,SYNDOL MR TABS,10'S,0
TNJO,TOUJEO SOLO 300IU INJ,1,0
TYPH9,TYPHIM VI VACCCINE,0.5ML,0
"VAL,",VALPARIN SYRUP,200ML,0
VINLE,VINLEP 600MG TAB,10,0
P4,PANFAST 40 TAB,1X10S,0
YYQFRQ,SANTOOR BODY LOTION,1*1,0
FFGDRU,SANTOOR SOAP BY3 GET2,1*75GM,0
SEBK1,SEBOKLEN SHAMPOO,100ML,0
IQFEVG,HAMOSTAT INJ,20ML,0
BINT,BINTHIN VEG CAPS,10S,0
GON32,GONADIL CAPS,10'S,0
GOMY9,GONADIL MYO TABS,15'S,0
GHP,GYNOGENHP 75IU INJ,0.5ML,0
LOB26,LOBUN CAPS,10'S,30
LOBF9,LOBUN FORTE CAPS,10'S,0
LVATE,LVATE CAP,10,0
MAAN9,MAANUTRI POWDER,200GM,0
NU36,NU-36 CAPS,10'S,0
DJKJKF,OXALO FORTE CAP,1*10,0
REB,BC RED BC 5000IU PFS INJ,,0
REDBC4,REDBC 4000IU PFS INJ,4K,0
SIVE40,SIVEL 400MG TABS,10'S,0
SPOR/P,SPORLAC PLUS CAP'S,10'S,0
SLHLDH,SPOROLAC SYP,1*23GM,0
JGSAFH,TACROSAN 0.5MG TAB,1*10,0
VIRL,VIROLON CAPS,10'S,0
BRETHE,BRETHEX SYRUP,110ML,0
COFEX,COFEX TABLETS,10,100
PYRC,PYRIN C TABS,10'S,0
A369,AMBISTRYN S 0.75 AMP,1'S,22
GENT3,GENTAVET INJ,100ML,0
K071,KENACORT 10MG AMP,1*1ML,6
K072,KENACORT 40MG AMP,1*1,10
PEN48,PENIBEN 48LAC INJ,48LAC,0
P341,PENTIDS 200MG TABS,6`S,150
P342,PENTIDS 400MG TABS,1*10,680
P343,PENTIDS 800MG TABS,1*10,30
R192,RESTECLIN 500MG CAPS,1X10'S,998
T500,TOSSEX AX SYP,100ML,0
T266,TOSSEX SYRUP,100ML,0
T267,TRESMOX CAPS,6`S,0
CARFOR,CARBAMYL-FORTE,10'S,200
KEN0.5,KENACORT 0.1% OINT,5G,3
K221,KENACORT MOUTH GEL,5GM,0
L1124,LIMCEE ORANGE TABS,15'S,1485
SUGANR,SUGANRIL TABS,10'S,98
ZILO,ZIL O TABS,10'S,0
ONE21,ONECAL SG CAPS,10'S,0
GLU2,GLUCOVITA 200GM JAR,200G,0
MECO-1,MECO 12 TAB,10'S,0
SAN4,SANTOOR TALC 400GM,1X400G,0
RWYTYY,OXRAMET IR 5/1000MG,1*14,112
CLO31,CLO PLUS TABS,10'S,0
T4012,CLOB 10MG TABS,10'S,0
T4011,CLOB 5MG TABS,10'S,0
T4008,DEPZEAL 10MG TABS,10'S,0
T4007,DEPZEAL 25MG TABS,10'S,0
DP09,DEPZEAL DS TABS,10'S,0
DP10,DEPZEAL PLUS TABS,10'S,0
DP25.,DP 25MG TABS,10'S,0
DP50,DP 50MG TABS,10'S,0
DP71,DP 75MG TABS,10'S,0
T4013,FLUGIN 10MG TABS,10'S,0
FL96,FLUGIN 5MG TABS,10'S,0
PR40',PROB 40 SR TANS,10'S,0
PRB1,PROB SR20 TABS,10'S,0
T4014,SABETA 16MG TABS,10'S,0
T4009,SERT 25MG TABS,10'S,0
T40010,SERT 50MG TABS,10'S,0
NEUD1,NEURODEN OD TABS,10'S,90
N616,NO MARKS LOTION,50ML,0
A858,ARPITOR 10MG TABS,10'S,0
A170,AZORAN TABS,20'S,105
B473,BENCLAMET TABS,10'S,0
F165,FEBRINIL AMP,1'S,0
G232,GLYTOP SR 10MG TABS,10'S,0
G209,GLYTOP SR 5MG TABS,10'S,0
M101,MAHAQUIN TABS,4'S,0
N085,NAPROSYN TABS,1*10,40
S152,SERENACE 0.25 MG TABS,1*20S,210
S153,SERENACE 1.5MG TABS,10'S,0
S159,SERENACE 5MG TABS,20'S,80
S154,SERENACE AMP,1ML,75
CLER32,CLEAR FARE CLENCING FOAM,150ML,0
HTJRR,QUICK DRY SUBL PR MED,1,0
SEB6,SEBAMED ANTI DANDRUFF,200ML,0
ANSJKA,SEBAMED ANTI HAIRLOSS,1,0
SEBJAS,SEBAMED BABY CLEANISNG,1'S,2
HDGFKG,SEBAMED BABY CLEANSING,1*100,0
SEBM,SEBAMED BABY CREAM,200ML,1
SDAKFS,SEBAMED BABY HAIR OIL,,0
SEAB,SEBAMED BABY LOTION,50ML,2
SEBA1,SEBAMED BABY LOTION,150ML,0
GGFG,SEBAMED BABY MASSAGE OIL,1,0
YU67,SEBAMED BABY POWDER,100GM,0
SEBAM,SEBAMED BABY RASH CREAM,1,0
SEMB1,SEBAMED BABY SHAMPOO,150GM,0
SEBADN,SEBAMED BABY SUNCARE,200ML,0
SEB,SEBAMED BABY WASH,1*1,0
SKFSSD,SEBAMED CLEANSING BAR,150GM,3
SEBSNF,SEBAMED CLEAR FACE GEL,75ML,0
SEADNA,SEBAMED CLEASING FOAM,75GM,0
SEBHAD,SEBAMED EVERYDAY SHAMPOO,100ML,0
SEBLP9,SEBAMED LIP BALM,1,0
BENA.,SEBAMED LIP DEFENSE SPF30 1*1,,0
SBWNDB,SEBAMED LIPDEFENSE BALM,1,0
SEBSDJ,SEBAMED LIQ FACE &BODY,1,0
SEBAME,SEBAMED LOTION 400ML,400ML,0
SEBSAD,SEBAMED MOISTURIZING,1,0
DSDAME,SEBAMED OLIVE FACE&BODY,75ML,0
B1710,BETADERM GZ CREAM,20GM,0
BETAON,BETADERM Z CREAM,20GM,1
K235,KERSOL 12% OINT,50GM,0
K236,KERSOL 6% OINT,50GM,0
P1315,PETROGEL,50GM,0
SEN11,SENI ADULT DIAPER L SIZE,10'S,0
SEN12,SENI ADULT DIAPER M SIZE,10'S,0
MET00,METHOMIN PLUS CAPS,10'S,0
RETEA,RARETEL CT 40 TAB,10'S,30
RRARE,RARETEL TRIO,10'S,50
ALPT,ALLERPAT DROPS,1,0
CEEW9,CELLWET EYE DROPS,10ML,0
COMPU9,COMPU DROPS,10ML,0
OBF9,OBRIN F EYE DROPS,10ML,0
SENSIO,SENSODYN FRESH MINT,75GM,0
SENSOD,SENSODYNE FRESHGEL,40GM,0
"GVTK,O",SENSODYNE HNGRPACK,84GM,0
SENSOS,SENSODYNE SENSTIVITYGUM,70GM,0
SN41,SENSODYNE TP FRESHMINT,40GM,0
SSENSO,SENSODYNE ULTRACLEAN TP,75GM,0
SENZ9,SENZMOX EYE DROPS,10ML,0
A484,ARCALION TABS,10'S,0
CIPI1,CIPI O OF TABS,10'S,0
CORALA,CORALAN 5MG TAB,14,0
C658,COVERSYL 2MG TABS,10'S,0
C659,COVERSYL 4MG TABS,10'S,60
CO8,COVERSYL 8MG TABS,10'S,0
COV,COVERSYL AM 4/5 TABS,10'S,0
COVEM,COVERSYL AM 8/5MG TABS,10'S,0
COPLUS,COVERSYL PLUS 4/1.25MG,10'S,0
COVH1,COVERSYL PLUS HD TABS,1*10S,0
DAF,10 DAFLON 1GM TABS,18'S,18
D406,DAFLON 500MG TABS,10'S,40
D701,DIAMICRON MR30 TABS,10'S,0
D348,DIAMICRON TABS,10'S,0
DI43,DIAMICRON XR 60 TABS,1*15,30
DIMR60,DIAMICRON XR MEX 500 TABS 14'S,,0
CERE1,DIAMICRON XR MEX60/1000,1*10,0
F271,FLAVEDON 20MG TABS,10'S,0
F647,FLAVEDON MR TABS,10'S,40
NAT25,NATRIL AM2.5MG TABS,10'S,0
NAT10,NATRILAM 10MG TABS,10'S,0
NATL1,NATRILAM TABS,10S,0
N322,NATRILIX SR TABS,10'S,50
N321,NATRILIX TABS,10'S,0
S448,STABLON TABS,10'S,0
T346,TRIVASTAL LA TABS,10'S,20
FAV80,FLAVEDON OD 80 CAPS,10'S,30
WEUHGG,THIOSER FORTE TAB,1*10,0
MIP50,MIPROGEN 50MG AMP,1ML,0
A320,ALBUMIN 20% IV,100ML,0
ANOB1,ANOBLISS CREAM,20GM,0
A150,ANTI SNAKE VENOM VIAL,1'S,0
ENR19,ENRIFOL 2MG TABS,28'S,0
EVATWF,EVATONE 2MG TAB,1*10,0
FUR3,FUROPED DROPS,30ML,0
H134,HEMSI CAPS,15'S,0
HM4,HEMSI DROPS,15ML,0
H136,HISTAGLOBULIN VIAL(SERUM) 1'S,,0
L473,LIMARIN SYRUP,100ML,0
M253,MEPRATE TABS,10'S,100
IOPVJH,OVULOC LD TAB,1*21,0
HFKBNF,OVULOC TAB,1*21,0
PENTAV,PENTAVAC 0.5 ML VAIL,1,0
PE15,PENTAVEC VAIL,0.5ML,0
PNRUHU,PNEUMOSIL 0.5ML VAIL,0.5ML,0
R1B1,RABIVAX VAIL,1ML,0
SCTS,SEBOVALIS CLASSIC TREAT,200ML,0
SIR1,SIMROSE 1000MG CAPS,10'S,0
S832,SIMROSE CAPS,15'S,0
S653,SIPHENE 100MG TABS,5'S,0
S315,SIPHENE 50MG TABS,5'S,0
S993,SIPHENE-M TABS,1*30'S,0
ST200,STRONE 200MG CAPS,10'S,0
STR300,STRONE SR300MG TABS,10'S,0
WTUHHK,TRESIVAC PFS VACCINE,1*1,0
ALLZ1,ALLOZOLE D CAPS,10'S,0
ALL21,ALLOZOLE TABS,10'S,0
DIF11,DIFED DROPS,15ML,0
DF33,DIFED SYRUP,200ML,0
DF32,DIFED TABS,10'S,0
GR20,GROWTON POWDER,150MG,0
IN32,INTAP D TABS,10'S,0
LACF1,LACIMIN FORTE TABS,15'S,0
LAC55,LACIMIN TABS,15'S,0
LYHT,LYTHMIN AX CAPS,10'S,0
LYT1,LYTHMIN DROPS,15ML,0
LT14,LYTHMIN FORTE CAPS,10'S,0
LY111,LYTHMIN INJ,2ML,0
LYT121,LYTHMIN SYRUP,200ML,0
MYHTIN,MYHTIN TABS,10'S,0
XEP200,XEPOD 200MG TABS,10'S,0
X40,XIM 200MG TABS,10'S,0
XI,XIM CV TABS,10'S,0
ALDRD1,ALDAY RD TABS,10'S,0
ALT,ALTIME CF SYRUP,60ML,0
J038,777 BIG OIL,200ML,0
A629,ACNELAK SOAP,75GM,0
A892,ARET HC CREAM,15GM,0
C784,CALAK 50ML LOTION,50ML,0
C594,CALAK LOTION,100ML,0
C972,CT OIL,100ML,0
DEWS,DEWSOFT SOAP,75GM,0
F1N2,FLONIDA 5% OINT,10GM,0
FLON,FLONIDA-1% CREAM,10GM,0
HK12,HEXILAK GEL,20GM,0
"HEX,",HEXILAK SILICONE GEL,10GM,0
OCONAZ,OCONA Z SOAPS,50MG,0
O187,OLEMESSA BABY MASSAGE OIL 100ML,,0
P389,PODOWART LOTION,10ML,0
P040,PODOWART PAINT,10ML,0
P390,PODOWART S LOTION,10ML,0
SALXLD,SALEX L SOLUTION,10ML,0
S1236,SALYTAR WS OINT,30GM,0
SCA87,SCABPER LOTION 30ML,30ML,0
U74,U V AVO LOTION,30GM,0
U.VAV1,U.V AVO LOTION 30GM,30GM,0
SH01,SHANPOIETIN 5000IU INJ,5000IU,0
GLIM1,GLIMIX 1MF TABS,10'S,0
GLIM2,GLIMIX 2MF TABS,10'S,0
GLIVM1,GLIMIX MV1 TABS,10'S,0
GLIVM2,GLIMIX MV2 TABS,10'S,0
METO0,METHOLIX TABS,10'S,0
OLM/20,OLMIX 20H TAB'S,10'S,0
OLM020,OLMIX 20MG TABS,10'S,0
O-5OLM,OLMIX 40MG TABS,10'S,0
OLM40H,OLMIX H40MG TABS,10'S,0
1RABDS,RABEX DSR CAPS,10'S,0
SHE250,SHEPEDOX 200MG TABS,10'S,0
SHCV20,SHEPEDOX CV TABS,10'S,0
TURB1,TURBOLEX SYRUP,100ML,0
DOPK9,DOPAKIT TABS,10'S,0
GATI9,GATI DROPS,5ML,0
NEP01,NEPAVAC EYE DROPS,5ML,0
PATAR1,PATARID EYE DROPS,5ML,0
RETIG1,RETIGARD TABS,10'S,0
TAGA9,TAGAMOX BN EYE DROPS,5ML,0
TAGAM9,TAGAMOX EYE DROPS,5ML,0
TAGMK9,TAGAMOX KT EYE DROPS,5ML,0
TAGAL9,TAGAMOX LP EYE DROPS,5ML,0
TEAB1,TEARLUB EYE DROPS,10ML,0
TERG1,TEARLUB GEL DROPS,10ML,0
VIG9,VIGANAC P TABS,10'S,0
AOS,APCOD OBIS SACHET,1*5GM,0
ASP,APCOD SACHET 5GM,1*5GM,0
DUGHHF,APCOD SOFTULE CAP,1*10,0
BN20,BEN Q 10 CAPS,10'S,0
BF14,BENFORCE M TABS,10'S,0
BNF,BENFORCE TABS,10'S,0
BV44,BEVON DROPS,15ML,16
D,FT COGNITRUST DHA SYP 200ML,1*10,0
ENC1,ENCC TABS,10'S,0
EST21,ESTRO G100 TABS,15'S,0
JHGKGG,MBRYO SAFE SACHETS,1*1,0
OLME9,OLEMESSA BABY MASSAGE OIL 200ML,,0
OLMB9,OLEMESSA BABY SOAP,75GM,0
OLE9,OLEMESSA SOFT SOAP,75GM,0
ONR3,ONERVE CAPS,10'S,0
OV13,OVA SHILED DS COMB TABS,1*25,0
OVA1,OVAA SHIELD TABS+CAPS,30'S,0
R3590,PRIMI 3590 TABS,15'S,0
R2L1,REGLY TABS,10'S,0
R1T1,RENEA TABS,10'S,0
RINGWO,RINGWORM,5GM,0
RU33,RUDIMIN 200ML SYP,200ML,0
RUA,RUDIMIN ALPHA CAPS,10 S,0
RUDD11,RUDIMIN DROPS,15ML,0
RUD,RUDIMIN TABS,10'S,0
SAI,SAIBOL ONIT,5GM,0
TOTA01,TOTALIS CAPS,10'S,0
DJKFHG,UTIFLUSH SACHETS 3.5GM,1*1,0
BFHNJU,VOAGE 5MG TAB,1*10,0
ZOM120,ZOAMATES SACHETS,7 GMS,0
NEURFT,NEUROFIT FORTE TABS,10'S,0
NEURS2,NEUROFIT SYRUP BIG,200ML,0
NEURS1,NEUROFIT SYRUP SMALL,100ML,0
SHI,SHINE 10MG TABS,20'S,0
SH25,SHINE 25MG TABS,20'S,0
VOLNEU,VOLTANEURON TABS,10'S,0
BENE,BENEFICIALE CAPS,15'S,0
MI,MINICYCLINE CAP,10;S,940
RECM,RECOSULIN M 30/70,1X10ML,0
RESN,RECOSULIN N VAIL,1X10ML,0
RCM,RECOSULIN R,1X10ML,0
A740,AMLOZ TS TABS,10'S,0
APL,ASPISOL 150 TABS,10'S,0
1'ASP,ASPISOL 75TABS,10'S,0
BENED,BENEFICIALE DROPS,15ML,0
D5735,DIGEPLEX REDIMIX SYP,200ML,0
DS,DSN CAPS,1*15,0
DU44,DURASTAT ASP TABS,10'S,0
MINI,MINICYCLINE LB CAP,10'S,220
GUFUKL,PLANKUF XP SYP 100ML,1*100ML,0
ILHIHG,PLANKUFF 100ML SYP,1*100ML,0
RECP1,RECOFAST PLUS SYRUP,60ML,0
RC12,RECOSULIN AUTOPEN,1'S,0
REZQ1,REZQ-100MG,10'S,0
CONF,CONVIRON FORTE CAPS,15'S,0
SITARA,SITARA M 50/500MG TAB,1*15,30
ARE,ARRESTIN P TABS,10'S,0
CLOF10,CLOFERT 100MG TABS,5'S,0
C416,CLOFERT 25MG TABS,30'S,0
C417,CLOFERT 50MG TABS,10'S,0
DON,DOXINATE OD TABS,15'S,0
D259,DYSMEN TABS,10`S,0
E179,EBEXID TABS,10`S,0
PSY21,PSYNIL SR50 TABS,10'S,0
S311,SIGMA CALVIT VIAL,15ML,0
BANDA,SURGI CRFT 4.INCH,1,0
XIDE,XIDE 10MG TAB,10'S,30
AFEEAS,AFFECON TAB,1*10,0
AMIT10,AMITRIL 10MG TABS,10'S,20
AMIT25,AMITRIL 25MG TABS,10'S,0
AMIT50,AMITRIL 50MG TABS,10'S,0
AMTIPL,AMITRIL PLUS TABS,10'S,40
AM23,AMSYC 100 TABS,10'S,0
AMY1,AMSYC 200MG TABS,10'S,0
425,AVER 16 TABS,10'S,0
JKGLKH,CEREFEAST TAB,1*10,0
CL!1,CLOBEST FORTE CAPS,10'S,0
CLB11,CLOBEST TABS,10'S,20
CLOZEP,CLOZEPAM MD 0.25MG TABS,10'S,0
CL99,CLOZEPAM MD 0.5 TABS,10'S,0
CY45,CYRA 20 TABS,10'S,100
CZ31,CZAM 10MG TABS,10'S,0
CZ19,CZAM 5 TABS,10'S,0
DEP16,DEPRID 50MG TABS,10'S,0
ENG1,ENGABA M 75 CAPS,10'S,20
FLI1,FLIT 100MG CAPS,10'S,0
FLU10,FLUOXET 10MG TABS,10'S,0
FLUX20,FLUOXET 20MG TABS,10'S,0
FLUO1,FLUOXET 40MG TABS,10'S,0
FLUX60,FLUOXET 60MG TABS,10'S,0
KLBFDF,G PEN 100MG TAB,1*10,0
GKB1,G-KOBA TABS,10'S,0
SDHGG,G-PEN NT TAB,1*10,0
ITRS1,ITRASYS 100MG CAPS,4'S,0
LITH11,LITHOWEL CR450 TABS,10'S,0
LORA1,LORAWEL 1MG TABS,10'S,30
LSAHFN,LORAWEL 2MG TAB,1*10,0
LU10,LUNA 10MG TABS,10S,100
LUN5,LUNA 5MG TABS,10'S,0
MI22,MISSILE H TABS,10'S,20
M15,MITAPIN 15MG TABS,10'S,0
MITPN,MITAPIN-7.5 TABS,10S,0
NEREF,NEUREX FORTE TAB,10'S,0
NEURE,NEUREX TABS,10'S,0
NITP10,NITPRO 10MG TABS,10'S,30
NITPR5,NITPRO 5MG TABS,10'S,0
OLAR10,OLARC 10MG TABS,10'S,0
OLAR25,OLARC 2.5MG TABS,10'S,0
OLARC5,OLARC 5MG TABS,10'S,0
OLA7,OLARC 7.5MG TABS,10'S,0
PRO100,PROTOIN 100MG TABS,10'S,0
PSYCL,PSYCLO 100MG TABS,10'S,0
DLHLHL,PSYCLO 25MG TAB,1*10,0
PSYCLO,PSYCLO 50MG TABS,10'S,0
QP10,QPEN 100MG TABS,10'S,90
Q200,QPEN 200MG TABS,10'S,30
QU25,QPEN 25MG TABS,10'S,260
QU50,QPEN 50MG TABS,10'S,170
QP,QPEN SR 100,10,0
REEFIT,REEFIT FORTE TABS,10'S,0
RIS4,RISWEL 4MG TABS,,0
RISF,RISWEL FORTE TABS,10'S,20
RIL,RISWEL LS TABS,10'S,200
RISWEL,RISWEL MD 0.5MG TABS,10'S,0
RISWE1,RISWEL MD 1MG TABS,10'S,30
RSM2,RISWEL MD2 TABS,10'S,40
RISW,RISWEL PLUS TABS,10'S,250
"GEM,",SAFE GEM 1MG TABS,10'S,0
GEM2,SAFE GEM 2MG TABS,10'S,0
SAN1,SANEZIL 5GM TABS,10'S,0
SERB50,SERBEST 50MG TABS,10'S,0
SIT40C,SIGNOLOL TR 40 CAPS,10'S,0
KJHSHD,SOTOP 25MG TAB,1*10,0
S1T1,SOTOP 50MG TABS,10'S,0
TALZ,TALO CZ TABS,10'S,20
TALS10,TALO S 10MG TABS,10'S,0
TALS20,TALO S 20MG TABS,10'S,0
TALS5,TALO S 5MG TABS,10'S,0
T0002,TRYHP 2MG TABS,10'S,290
TRY2,TRYMAX 2 TABS,10'S,0
TRY13,TRYTOP TABS,10'S,0
VAL25,VALEX ER250 TABS,10'S,0
VAE500,VALEX ER500MG TABS,10'S,0
VOC1,VOXADAY 100MG TABS,10'S,0
VD10,VOXADAY 50MG TABS,10'S,0
XCIT1,XCITI 500MG TABS,10'S,0
XCPP,XCITI P TABS,10'S,0
XIURIJ,XIDE 25MG TAB,1*10,30
ADPRE,ADPREGAB NT,1*10,0
STATG,STATGEN GOLD,1*10,0
EN19,ENGABA 75 CAPS,10'S,0
AL,1 ALFA SINCAL TABS,10'S,0
AM,1 AMFIRST AT TABS,10'S,0
BD1D,BDID SR TABS,10'S,0
BR41,BIPRA 20MG TABS,10'S,0
BP41,BIPRA D CAPS,10'S,0
DB,1 D-BOSE 0.2 TABS,10'S,0
DB03,D-BOSE 0.3 TABS,10'S,0
DBM0,D-BOSE M 0.2 TABS,10'S,0
DB02,D-BOSE MP275 TABS,10'S,0
DB30,D-BOSE MP375 TABS,10'S,0
DB12,D-BRO 0.8 TABS,10'S,0
DB25,D-BRO 2.5MG TABS,10'S,0
DFI3,DFRIZ TABS,10'S,0
DYL22,DYLOOP PLUS 10MG TABS,10'S,0
GL,1 GLIMFIRST M1 FORTE TABS,10'S,0
GT,2 GLIMFIRST M2 FORTE TABS,10'S,0
GM2,GLIMFIRST MP2 FORTE,10'S,0
GM,2 GLIMFRIST M2 TABS,10'S,0
HOMO2,HOMO 16D TABS,10'S,0
HM,1 HOMO 16N CAPS,10'S,0
MT,7 METFIRST XL 25 TABS,10'S,0
MT,6 METFIRST XL 50 TABS,10'S,0
OB113,OBEZITA 60MG TABS,10'S,0
PA21,PANFIRST 40MG TABS,10'S,0
PA10,PANFIRST D CAPS,10'S,0
RAMF,RAMFIRST H5 TAB'S,10'S,0
TL,5 TELFIRST 40MG TABS,10'S,0
TL4,TELFIRST AM TABS,10'S,0
TL,4 TELFIRST H TABS,10'S,0
LKGHLS,TENLIP 20MG TAB,1*15,0
EIHLNF,TENLIP M FORTE TAB,1*15,0
TENM20,TENLIP M500MG TABS,15'S,0
ZIC11,ZICLA M TABS,10'S,0
M073,MILK OF MAG SIRIS SMALL,100ML,0
V079,VITAPEPSIN SYP,100ML,0
V080,VITAPEPSIN SYP,200ML,0
FENL1,FENLONG LINIMENT,30ML,6
VJHJHQ,BENAD GEL,1*20GM,0
VFEHJF,CLINDANIC GEL,1*20GM,0
GHGHV,DEWSKA ANTI SOAP,1*75GM,0
FENLOR,FENLONG ROLLON 30ML,1'S,6
MEHFFR,KOJISKA CREAM,1*1,0
PREGAN,PREGAPRESS NT,10,0
TTRYWE,TRESRICH CAP,1*10,0
AS,1 ACELOSKY TABS,10'S,0
AT,2 ATORSKY 10 TABS,10'S,0
T3002,ATORSKY 20MG TABS,10'S,0
AL32,ATORSKY F TABS,10'S,0
CALO1,CALCOR CT CAPS,10'S,0
DERKTE,D3 FILL 60K TAB,1*4,0
D3ST2,D3 OSTOSKY TABS,10'S,0
DAYT,DAYGLIF-TRIO,10'S,20
DEF30,DEFLAX 30MG ATBS,10'S,0
DEFL1,DEFLAX 6MG TABS,10'S,0
EFOJHK,FRAXIS PLUS TAB,1*10,0
QIYFIQ,GABARISE M TAB,10*S,0
HLGDJF,GABARISE NT TAB,1*10,0
HFGH,GLUSHELL SACHET,1*10,0
GFI,INSUPRIDE M1 FORTE,10'S,0
INS13,INSUPRIDE M1 TABS,15'S,210
INS2F,INSUPRIDE M2 FORTE TABS,15'S,0
INS16,INSUPRIDE M2 TABS,15'S,480
INMP1,INSUPRIDE MP1 TABS,10'S,0
INSU3,INSUPRIDE MP2 TABS,10'S,280
INSMV1,INSUPRIDE MV1 TABS,310'S,90
INSMV3,INSUPRIDE MV2 TABS,15'S,180
IROF1,IROOF XTZ TABS,10'S,0
ISTM50,ISTAPIN M TABS,10'S,0
JUUP1,JUPISTAT 10MG TABS,10'S,0
JUPICV,JUPISTAT CV TABS,10'S,200
JUP11,JUPISTAT F TABS,15'S,180
CLEAG,MOMETONE CREAM,1*10GM,0
PNT12,PANTOSKY DSR CAPS,10'S,95
PN10,PANTOSKY TABS,10'S,120
UGHQOJ,PARASIK 1GM,1*10,0
PREG2,PREGAPRESS M75 CAPS,10'S,140
RB22,R BURN CAPS,10'S,0
SDFGBK,R BURN DSR CAP,1*10,0
HGSJKG,R BURN DSR CAP,1*10,0
TELK9,TELKAST LC TABS,10'S,0
TTL1,TELRAAS 40MG TABS,15,60
TLS11,TELRAAS AM TABS,10'S,75
TELAMH,TELRAAS AMH TAB'S,10'S,0
TEL41,TELRAAS H TABS,10'S,90
TELR2,TELRAAS H80 TABS,10'S,0
TRKHFH,TENDOCOOL TAB,1*10,60
CVDFSF,TENICOR M TAB,1*10,0
JFKLJH,THIOXIN A4 TAB,1*10,10
THIX4A,THIOXIN A4MG TABS,10'S,0
ULT3,ULTRAKEY TABS,10'S,0
PRS,PROSPECT SYRUP,30ML,0
B1638,BABY FEEDING BOTTLE (S/N) 250ML,,0
B1639,BABY FEEDING BOTTLE (S/N) 125ML,,0
LAV,LACTOFIGHT SYP,200ML,2
FVGJAR,TRICORICH TAB,1*10,0
SNIPPS,SILICONE NIPPLE S,1'S,0
O185,777 SMALL OIL,100ML,0
G063,GYPSONA POP BIG,6 INCH,0
G062,GYPSONA POP SMALL,4 INCH,0
LT11,LUTIVIT CAPS,10'S,0
LUTI.,LUTIVIT NF TABS,10'S,0
ALD32,ALDAY KID SYRUP,60ML,0
A279,ALDAY TABS,10'S,0
F154,FENLONG S TABS,10'S,0
S824,SOBRIUM 10MG TABS,10'S,0
K254,KLOTER TABS,20'S,0
C922,CERESTAR CAPS,10'S,0
CILE,CILENTRA 10MG TABS,10'S,0
CIL20,CILENTRA 20MG TABS,10'S,0
CETL,CITELAC 500MG TABS,10'S,0
EK5,ELKAR 500MG TAB,10S,0
EST1,ESITAC TABS,10'S,0
ET05,ETILITE 0.5MG TABS,10'S,0
G064,GARLIC PEARLS CAPS,30'S,0
G065,GARLIC PEARLS CAPS,1*1,0
G105,GINKOCER TABS,10'S,0
LVR,LEVROXA 1000 MG TABS,10'S,0
LV95,LEVROXA 250 TABS,10'S,0
LRAX,LEVROXA 500 TABS,10'S,0
LEV7,LEVROXA SYRUP,100ML,0
NEAF,NEUPENT AF TAB,1X10S,0
O285,OLANEX 2.5MG TABS,10'S,0
OLA5M,OLANEX 5MG TABS,10'S,0
S600,SERLIFT 100MG TABS,10'S,0
S751,SERLIFT 25MG TABS,10'S,30
SO11,SOLPHEN 100MG TABS,100'S,0
]SOL1,SOLZAM 10MG TABS,10;'S,0
SOR,SOREST 50MG TABS,,0
EB!1,EBASIL TABS,10'S,0
GGLJJG,ETORIL MR TAB,1*10,0
KARVO,KARVOL PLUS CAP,10'S,0
S01M,SOLSPRE NASAL SPRAY,100M,0
VERT,VERTIN 24 TAB,15'S,45
VRT1,VERTIN OD48 TABS,7'S,0
CRISZI,CRISZIR-DM SYP,100ML,0
CLUM1,CALLUSE M TABS,15'S,0
DINC6,DINCORT 6MG TABS,10'S,0
GLBM1,GLIBO M1 TABS,10'S,0
GLBM2,GLIBO M2 TABS,10'S,0
GLM1F,GLIMEUSE M1 FORTE TABS,10'S,0
GLM1S,GLIMEUSE M1SR TABS,10'S,0
GMF2,GLIMEUSE M2 FORTE,10S,0
GLIU2,GLIMEUSE M2SR TABS,10'S,0
MCB9,MCOB INJ,2ML,0
JHFJHF,SETBRAIN 60MG TAB,1*10,0
TEL40M,TELMISPA 40MG TABS,10'S,0
TEH80,TELMISPA 80H TABS,10'S,0
TELS80,TELMISPA 80MG TABS,10'S,0
TELH40,TELMISPA H TABS,10'S,0
WGEF9G,ZACUR 500MG TAB,6S,0
LETO,LETOVAL 2.5MG TABS,5'S,25
S1150,SIRICODIN SYP BIG,100ML,0
SYPL,STYMON-L KID TAB,"10,S",0
A4784,AFDERM CREAM,15GM,0
RABD1,RABDI DSR CAPS,10'S,0
RIN99,RINCAL TABS,15'S,0
GJIERO,METHOLIX-P TAB,1*10,0
SURGEE,SURGICRAFTGAJUTHANU,1;S,0
BFSDHF,ALDIGESIC SP TAB,1*10,400
CYANOV,CYANOCABALAMIN VIAL,30ML,25
RABIT1,RABITAL DSR CAPS,10'S,0
FERIFD,FERI RICH CAP,1*10,0
GEONP,GEONAC P TAB,10*S,0
GJGGGG,GEORAB 20MG TAB,1*10,0
GERHIF,GEORAB DSR TAB,1*10,0
BFSDS,GRAPEWELL CAP,1*10,0
HDGDHD,RIZANET 10MG TAB,1*1,0
JSJGH,RIZANET 5MG TAB,1*1,0
ROKLFH,ROLLER BANDAGE 7.5 CM,1*1,0
JDFGGF,BIOPARIN 40INJ,1*1,0
HGFURH,SITARED XR TAB,1*10,0
T675,TYMPALIN C EAR DROPS,5ML,0
ADFE50,ADFEROL TABS,4'S,0
APL1,APLAZAR TABS,10'S,0
NIFF1,NEFITA TABS,10'S,0
CONTU,CONTUS SYRUP,50ML,0
CON,T CONTUS TAB,10'S,0
D5711,DREZ OINT,10GM,0
D5740,DREZ POWDER,10GM,0
D5758,DREZ SPRAY,40GM,0
LOS,LOSWEAT POWDER,1;S,0
JUSD4,JUSDEE 400MG DROPS,30ML,0
STE1,STEACE T TABS,10'S,0
A/SPF3,ANSOLAR GEL SPF30,60ML,0
BRV,BREVOXYL CREAM,1X20G,0
B1707,BREVOXYL CREAM,20GM,0
HXL1,HEXILAK GEL,10GM,0
OILAT,OILATUM CREAM,40G,0
O519,OILATUM LOTION,100ML,0
]O513,OILATUM SOAP,100GM,0
GWERTY,SPECTRABAN 30GM,30GM,0
S1319,SPECTRABAN ULTRA LOTION,60ML,0
STE21,STIEPROX LIQUID,50ML,0
JYFWE,STIM ORTHO MB,1*1,0
GMNFDG,STIM SILKY,1*1,0
COLA,COLAX SYRUP,100ML,0
CYNBT,CYNOBAC TENDER TABS,10'S,0
PR650,PARASAFE 650MG TABS,10',0
P742,PARASAFE TABS,10'S,0
SOA,SUCRAL ANO CREAM,20GM,3
SUC.,SUCRAL CREAM,20GM,0
S743,SUCRAL CREAM BIG,40GM,0
SU22,SUCRAL KID SYRUP,100ML,0
SUM1,SUCRAL MU CREAM,5GM,0
SUCO,SUCRAL O SYP,100ML,2
S819,SUCRAL POVI OINT,20GM,0
S416,SUCRAL SYRUP,200ML,2
GABSVB,GABASMOOTH,30GM,0
AVEE.,AVEE DROPS,15ML,0
AVEE,AVEE SYRUP,200ML,0
A1L4,AVEE TABS,10'S,0
1GHF,PIGEON TOWEL ALL,1*1,0
JWEJF,BILASHINE TAB,1*10,0
FUAHHH,DIPROBATE ES PLUS OINT,1*30GM,0
FHHYUF,EPLEHEF 50MG TAB,1*10,0
FJSGJS,EXEL GN CREAM,1*15GM,0
JDSBT,LOLVAN TR 40 TAB,1*10,0
JJHEKE,PSYZAP 5MG,1*10,0
STR21,STRESSBAN POWDER 70GMS,30GM,0
SUCALF,SUCALFER SYRUP,200ML,0
TRIV9,TRIBIVET VAIL,30ML,0
OXRA-L,OXRA-L 10,10'S,0
.,...,10'S,0
ABP,AB PHYLLINE CAPS,15'S,75
ABPHYJ,AB PHYLLINE N TAB,1*10,10
ABP11,AB PHYLLINE SR200 TABS,10'S,0
AB11,AB PHYLLINE SYRUP,100ML,0
HAHAA,ABSENZ SYRUP,1*100ML,0
ACAM,ACAMPROL TABS,6'S,0
ACT09,ACTAPRO 100MG TABS,10'S,0
ASLJFN,ACTAPRO OD TAB,1*10,30
A4698,ACUCAL TABS,10`S,0
ADCA,ADCAPONE TABS,10S,0
A1D2,ADESAM 200MG TABS,10'S,0
AD40,ADESAM 400MG TABS,10'S,0
ADU1,ADIURETIN 0.1MG TABS,15'S,0
ADM,ADMENTA 10 TABS,10'S,30
ADM5,ADMENTA 5 TABS,10'S,20
AF43,AFDURA TABS,10'S,40
AJDABB,AFZETA 40MG TAB,1*30,0
AG32,AGOPREX TABS,10S,0
A310,ALCAINE MPS SYRUP,200ML,0
ALC,ALCOLIV 500MG TABS,10'S,0
HDHFGW,ALCROS 100 MG CAP,1*10,0
SDJLSD,ALCROS 200MG,1*10,0
SDHFLH,ALCROS SB 50MG TAB,1*10,0
JHFKGH,ALDOSMIN 1000MG TAB,1*10,0
DJFKHB,ALDOSMIN 500MG TAB,1*10,0
AL77,ALTRADAY CAPS,15'S,15
ALZO.5,ALZOLAM 0.5MG TABS,10'S,0
A135,AMIFRU 40MG TABS,10`S,530
AMIXIH,AMIXIDE H TABS,10'S,0
AMIXID,AMIXIDE TABS,10'S,70
AMLOBE,AMLOBET TABS,14`S,0
AMLOS5,AMLOSUN 5MG TABS,10'S,0
AMPNL4,AMPANEL 4MG TAB,1*10,0
ANB01,ANABOOM SHAMPOO,100ML,0
ANAB,ANABREZ TABS,5'S,0
ASJHSA,ANASURE 2% LOTION,1*60ML,0
AHNHDJ,ANASURE 5% LOTION,1*60ML,0
ANGI30,ANGIZEM 30MG TABS,10'S,0
ANGI60,ANGIZEM 60MG TABS,10'S,0
ANCD12,ANGIZEM CD 120MG CAPS,10`S,0
ANCD90,ANGIZEM CD 90MG CAPS,10'S,0
AN41,ANGIZEM DP 90 CAPS,10'S,0
FEB1,ANGIZEM DP120 CAPS,10'S,0
AN21,ANOFER S INJ,2.5ML,0
ANF2,ANOFER S VAIL,5ML,0
AN19,ANOFER SP TABS,10'S,0
ANO,ANOFER SYRUP,150ML,0
A791,ANOFER TABS,10'S,0
AQUA1,AQSUSTEN 25MG INJ,1ML,0
HEFHFH,AQSUSTEN 50 INJ,1*1,0
AQUA,AQUAMET NASAL SPRAY,10ML,0
AQ12.5,AQUAZIDE 12.5MG TABS,10'S,0
AQUA25,AQUAZIDE 25MG TABS,10'S,0
AR23,ARAVON INJ,20ML,0
ARG21,ARGIPRIME SACHETS,5GM,0
ARPI10,ARPIZOL 10MG TABS,10'S,40
ARP,ARPIZOL 15MG TABS,10'S,0
ARPI,ARPIZOL 20MG TABS,10'S,0
AR2,ARPIZOL 2MG,10'S,0
ARP30,ARPIZOL 30MG TABS,10'S,0
ARP5,ARPIZOL 5 TAB,10X10S,10
ATT1,ATTENTROL 10 CAP,10S,0
ATTE,ATTENTROL 18MG CAPS,10'S,0
AT25,ATTENTROL 25 TABS,10'S,0
AXC90,AXCER 60 MG TABS,14'S,434
DJKFJK,AXCER 90 BOTTEL,1,1
AXC90T,AXCER 90 MG TABS,14'S,182
AZTOG2,AZTOGOLD 20MG TAB,10'S,0
AZTOG1,AZTOGOLD TABS,10'S,0
AZT10,AZTOLET 10MG TABS,10'S,80
AZT31,AZTOLET 20MG TABS,10'S,50
AZTO10,AZTOR 10MG TABS,15'S,255
AZTO20,AZTOR 20MG TABS,15'S,150
A4779,AZTOR 40MG TAB,1*15,75
AZTO,AZTOR 5MG TABS,10'S,0
ZA41,AZTOR 80MG TABS,1*15,75
AZZT,AZTOR ASP 150MG CAPS,10S,0
AZASP,AZTOR ASP 75MG CAPS,10'S,60
AZT,AZTOR EZ TAB,1X10,0
BTM,BENFOMET CAP,1X10S',0
BENFF9,BENFOMET FORTE TABS,10'S,20
BNM1,BENFOMET PLUS CAPS,10'S,30
BN11,BENZADAY 15MG TABS,10'S,0
BESVOI,BESVIL 100MG OCTACAPS,30'S,0
GDFTTW,BESVIL 200 OCTACAPS,1*1,1
BESV,BESVIL TRIO 100 OCTACAPS,10;S,1
BES,BESVIL TRIO 100 R/C,30;S,1
BETA.,BETACAP 10MG TABS,10'S,0
BET-20,BETACAP 20MG TAB,10S,0
BETACA,BETACAP PLUS 10,10'S,10
BETAA,BETACAP PLUS 5,10'S,0
B190,BETACAP TR 40MG CAPS,10'S,240
BET6,BETACAP TR 60MG,1X10S,0
B191,BETACAP TR 80MG CAPS,10'S,40
BET20,BETACAP TR20MG CAPS,10'S,220
BETATR,BETATROP TABS,10'S,140
BETA16,BETAVERT 16MG TABS,15'S,30
BET24,BETAVERT 24,10S,60
B564,BETAVERT 8MG TABS,15'S,105
BE24,BETAVERT OD24 TABS,10'S,20
BET48,BETAVERT OD48 TABS,10'S,60
LDHGGG,BETHERAN 25MG TAB,1*10,0
BIL,BILASURE 20MG TAB,10,30
JHDGJH,BILASURE M TAB,1*10,50
JSGREG,BPROS EYE DROPS,1*5ML,0
QIWYR,BREVIPIL 100MG TAB,10*S,40
JHHUH,BREVIPIL 50MG TAB,1*10,220
BERTDF,BREVIPIL 75MG TAB,1*10,50
IRYURY,BREVIPIL ORAL SYRUP,1*200GM,0
B1R1,BRIMOSUN LS EYEDROP,5ML,0
BRIM,BRIMOSUN P DROPS,5ML,0
BUC,BUDEZ CR CAP,10'S,0
BUP,BUPRON SR 150MG TABS,10`S,0
BUP1,BUPRON XL 150MG TABS,10'S,0
T4002,CABERLIN 0.25MG TABS,2'S,0
"CA,JCA",CABERLIN 0.5MG TAB,1*2,0
CABG,CABGOLIN 0.25 TABS,4'S,16
CAB5,CABGOLIN 0.5 TAB,4'S,16
CAF11,CAFIRATE INJ,3ML,0
CANSOF,CANSOFT,6'S,0
CN11,CANSOFT CL CAPS,3'S,6
CAP21,CAPNEA ORAL DROPS,1ML,0
CAR66,CARCIDOX TABS,6'S,0
CA12.5,CARDIVAS 12.5MG TABS,10'S,0
CARD25,CARDIVAS 25MG TABS,10'S,0
CAR3.1,CARDIVAS 3.125MG TABS,15'S,225
CAR6.2,CARDIVAS 6.25MG TABS,10'S,50
CRD1,CARDIVAS CR10 TABS,10'S,40
CARD2,CARDIVAS CR20MG TABS,10'S,0
CAR40,CARDIVAS CR40MG TABS,10'S,0
BIM,CAREPROST EYE DROPS,3 ML,0
DJKGFK,CAREPROST LS EYE DROPS,1*1,0
CAR21,CAREPROST PLUS EYEDROPS,10ML,0
CASRFH,CARISPEC 1.5MG CAP,1*10,0
CAROLF,CARISPEC 3MG CAP,1*10,0
CSNFNC,CARITEC INJ,1*1,0
RJHRJL,CAROKID JELLIES 30'S,1*75GM,0
FCLHDC,CARTIQUIN TAB,1*15,0
C1097,CEPODEM 100MG SYRUP,30ML,0
C997,CEPODEM 200MG TABS,10'S,10
CEREL1,CEREBROLYSIN INJ,10ML,0
CR42,CERNOS CAPS,10'S,0
CERN1,CERNOS DEPOT,1000/4ML,0
CE11,CERNOS GEL,5GM,0
CETZ10,CETRIZET 10MG TABS,10'S,0
CETRI5,CETRIZET 5MG TABS,10'S,0
CETRID,CETRIZET D TABS,10'S,0
CHERET,CHERICOF 12 SYP,60ML,0
CASDFJ,CHERICOF JUNIOR SYP,1*70ML,0
CITO20,CITOPAM 20MG TAB,10'S,0
CLOF50,CLOFRANIL 50MG TABS,10'S,40
C216,CLOFRANIL SR TABS,10'S,10
C756,CLOFRANIL-10MG TABS,10`S,0
CLOF25,CLOFRANIL-25 TABS,10'S,50
CBNFNV,CLOPILET 150MG TAB,1*10,0
C1372,CLOPILET 75MG TABS,15`S,570
245,CLOPILET A 150 CAPS,1*15'S,375
CS11,CLOPILET A 75 CAPS,15'S,360
COGNI5,COGNITOL 5MG TABS,10',0
COLVAC,COLVAC TABS,10`S,0
COMBI.,COMBIMIST L RESPICAPS,1'S,0
COMMBI,COMBIMIST RESPICAPS,*,0
CO2B1,COMBISURE 125 INHALER,9.2GM,0
CM20,COMBISURE 250MG INHALER,9.2G,0
CO1B1,COMBITIDE 125 STARHALER,060'S,0
C1527,COMBITIDE 125MG INHALER,1'S,0
C1603,COMBITIDE 250 INHALER,10ML,0
QFDIO1,COMBITIDE 250 OCTACAPS,1,0
CB2M2,COMBITIDE 250 STARHALER,60'S,0
COVE,CONSEVEL CAP,10S,0
CO1N,CONTIFLO D TAB,1*10,0
CR10,CROLIM POWER 0.1% OINT,15GM,0
KJDFJH,CWIN LOTION 30ML,1*30ML,0
CYY,CYCLOMUNE 0.05% EYE DROP,1'S,0
CYCLO.,CYCLOMUNE 0.1% DROPS,3ML,0
A608,CYCLOPENT 1% EYE DROPS,5ML,0
GBRKWE,D-VENIZ 100MG TAB,1*10,30
DN42,D-VENIZ 50MG TABS,10'S,140
D-VEER,D-VENIZEP 100MG CAPS,10'S,30
DVZP5,D-VENIZEP 50MG TABS,10'S,60
SDAJKS,DABIGO 110MG TAB,1*10,0
FJKFLK,DABIGO 150MG TAB,1*10,0
DAP,DAPEFY 10MG TAB,14,0
HJFGLK,DAPEFY M XR 10/1000,1*7,0
DR32,DARILONG TABS,10'S,0
DAZ,DAZIT 10MG TABS,1*15,0
HDFEG,DAZIT 5MG TAB,1*15,30
DAZ1,DAZIT M TABS,10'S,0
D545,DAZOLIC TABS,10'S,0
DA11,DAZTOR 10MG TABS,10'S,0
DA112,DAZTOR 20MG TABS,10'S,0
DEPPRO,DEPOPRED,2ML,5
DEP1,DEPOPRED 1ML AMP,1X1ML,6
D5747,DESLOR 5MG TABS,1*15,0
DFKLJF,DICAL D TAB,1*10,50
DCKL,DICALIS TABS,1*10,0
DIE1,DICORATE ER 1000GM TABS,10'S,0
DR2,DICORATE ER 250MG TABS,10'S,20
DE5,DICORATE ER 500MG TABS,10'S,0
DICE,DICORATE ER 750 TAB,1X10'S,10
DL44,DILTIACT OINT,30GM,0
VFDGF,DIPROBATE PLUS LOTION,1*50ML,2
D139,DISTENIL TABS,6'S,0
DIZI,DIZITAC TABS,10'S,20
DOM1,DONAMEM 10MG TABS,10'S,40
DM11,DONAMEM 5MG TABS,10'S,130
DON11,DONETAZ SR11.5MG TABS,10'S,0
DRN,DRONIS 20 TABS,24'S,1
DR13,DRONIS 30 TABS,21'S,3
DR33,DROZAVEL 10MG TABS,10'S,0
DRZ2,DROZAVEL 20MG TABS,10'S,0
D717,DUDROP EYE DROPS,10ML,0
154,DULANE 20MG CAPS,10'S,0
DUE,DULANE 30 CAPS,1X10S,0
DUL1,DURALAST 30MG TABS,4'S,0
DZLA20,DUZELA 20 CAP,10'S,120
2453,DUZELA 30,10,20
DU40,DUZELA 40 CAP,5X10S,0
DU6,DUZELA 60 CAP,10S,0
DUZ3,DUZELA M 20 CAP,10X10S,40
FGKGKL,DUZELA M 30MG CAP,1*10,0
E507,EDEGRA 50MG TABS,4'S,0
EF11,EFIPLAT 10MG TABS,10'S,0
E441,ELIWEL 10MG TABS,10'S,0
E103,ELIWEL 25MG TABS,10'S,0
S598,EMAXGALIN TABLETS,1*10,0
E105,ENCORATE 200MG TABS,10'S,100
E378,ENCORATE 300MG TABS,10'S,30
E288,ENCORATE 500MG TABS,10`S,40
E525,ENCORATE AMP,5ML,0
E382,ENCORATE CHRO 200MG TABS,10'S,100
E372,ENCORATE CHRO 300MG TABS,10'S,50
E373,ENCORATE CHRO 500MG TABS,10'S,140
ENCJFD,ENCORATE CHRONO 400MG TAB 1*10,,90
ENCH60,ENCORATE CHRONO 600MG,10'S,0
ENCOR,ENCORATE SYP,200ML,0
E363,ENCORATE SYRUP,100ML,0
E175,EPIVAL 200MG TABS,10`S,0
E176,EPIVAL SYRUP,200ML,0
WRFKLH,EPLEHEF 25MG TAB,1*10,0
ET11,ETIREST 0.5 TABS,10'S,0
ETOSH,ETOSHINE 120MG TAB,10'S,0
ETO1,ETOSHINE 60MG TAB,10'S,0
ETO-1,ETOSHINE 90MG TAB,15'S,25
ET,2 ETOSHINE MR TABS,10'S,40
WEKJHG,ETOSHINE NP TAB,1*10,0
EX19,EXZILOR TABS,10'S,0
EYE,EYEMIST EYE DROPS,10ML,2
EYEM1,EYEMIST EYE GEL,10GM,0
MAX31,EYEMIST FORTE EYEDROPS,10'ML,2
EZA60,EZACT 60MG TABS,10'S,0
EZA21,EZACT MR TABS,10'S,0
FAMO40,FAMOCID 40MG TABS,14'S,4144
KGWIEF,FARONEM CV TAB,10*S,0
EFB40,FEBUGET 40MG TABS,1*15,154
FB21,FEBUGET 80MG TABS,10'S,50
FB1,FEBUTAZ 40MG TABS,10'S,0
FB10,FEBUTAZ 80MG TABS,10'S,0
F388,FELDEX TABS,1O'S,0
FEN11,FENAK GEL,30GM,0
FE14,FERTIGYN 10000 INJ,1'S,0
F290,FERTIGYN(HCG)5000 INJ,1'S,0
FRTF1,FERTISURE F TABS,10'S,0
FRT11,FERTISURE M TABS,10'S,0
FIB20,FIBATOR 20MG TABS,10'S,60
FI5,FIBATOR 5 TAB,10S,0
FUIB,FIBATOR EZ TABS,10'S,0
FB14,FIBATOR LS TABAS,10'S,0
FIBA,FIBATOR TAB,10S,0
FLV500,FLAVOJOINT 500MG TABS,10'S,0
FLAV1,FLAVOJOINT TABS,10'S,0
FLEXD,FLEXURA D TAB,10'S,35
FLOPOD,FLORITA LL CAP,1*10,0
FL411,FLOTRAL D TABS,1*10,0
"EJH,GG",FLOTRAL LL CAP,1*10,0
FL26,FLUPRED EYE DROPS,5ML,0
F441,FLUVOXIN 100MG TABS,10'S,20
F442,FLUVOXIN 50MG TABS,10'S,60
FL!1,FLUVOXIN CR 100 TABS,10'S,0
FM,T FOMTIDE 100 INHALER,1,0
FM,2 FOMTIDE 200 INHALER,1,0
FOMT2,FOMTIDE 200 OCTACAPS,1'S,0
FO4,FOMTIDE 400 INHALAR,1X10.2G,0
SDFJKB,FOMTIDE 400 OCTACAPS,1*30S,2
DJFJKF,FREEDASE 30MG TAB,1*1,0
FU4,FUBOX-40MG TAB,10X10S,0
FUL2,FULNITE 2 TABS,10'S,0
FUN30,FUNGICROS CREAM,30GM,2
FUN,FUNGICROS CREAM,10'G,2
FUNG,FUNGICROS CREAM,50GM,1
FUN,FUNGICROS CREAM,10'G,2
FUNLO,FUNGICROS LOTION,30ML,1
FLHLHL,FUNGICROSS NAIL LACQUER,1*1,0
GT1,GABANTIN 100MG CAPS,10'S,60
G271,GABANTIN 300MG CAPS,10'S,0
G333,GABANTIN 400MG CAPS,10'S,0
GABF,GABANTIN FORTE,1X10'S,0
SGABAG,GABANTIN GRS 600,10'S,20
GABAGR,GABANTIN GRS-300,10'S,50
GASBSB,GABANTIN NT TAB,1*10,30
GABP,GABANTIN PLUS,1X10'S,0
GAB3,GABANTIP AT TABS,10'S,40
GAB75,GABANTIP AT100 TABS,10'S,20
GA,GALAMER-4 MG TABS,10X10'S,0
GA7,GALINERVE 75 CAP,10'S,0
GL18,GALINERVE M 75 CAPS,10'S,0
GATILO,GATILOX DF EYE DROPS,5ML,0
GAD,GATILOX DM EYE DROPS,1X5ML,10
GATI,GATILOX EYE DROPS,5ML,6
G1T1,GATILOX PLUS EYE DROPS,5ML,0
GEM05,GEMER 0.5MG TABS,10'S,250
GEMER1,GEMER 1MG TABS,1*15'S,345
SPGM2,GEMER 2MG TAB,15,510
GERJHG,GEMER 3MG TAB,1*10,0
FJSNSB,GEMER 4MG TAB,1*10,50
G.E,GEMER DAPA 5/1/500 TAB,5;S,70
G,E GEMER DAPA 5/2/500 TAB,5;S,15
GEMEDA,GEMER DAPA XR 10/1/1000,7'S,98
GE,GEMER DAPA XR 10/1/500,7 S,49
GD,GEMER DAPA XR 10/2/1000,7 'S,7
GEMERD,GEMER DAPA XR10/2/500 TAB 7'S,,77
G32E,GEMER DS 1MG TABS,10'S,50
GEME1,GEMER DS 2MG TABS,10'S,0
GEMR.,GEMER DS 3MG TABS,10'S,0
FGEJNL,GEMER DS 4MG TAB,1*10,0
45,GEMER FORTE 1 TAB,1X10'S,130
GEF,GEMER FORTE 2 TAB,10'S,140
GEMUP1,GEMER P1 TAB,10'S,0
GEMER,GEMER P2 TAB,10'S,50
T4019,GEMER PL1 TABS,10'S,0
T4020,GEMER PL2 TABS,10'S,0
GSITA,GEMER SITA IR 50/1000/1,10'S,10
GEM,GEMER SITA IR 50/1000/2,10,40
GEMSI,GEMER SITA IR 50/500/1,10'S,70
GEMERV,GEMER V1 FORTE TAB,10;S,0
GERJG,GEMER V1 TAB,1*15,75
SDKJHD,GEMER V2 TAB,1*15,105
GL14,GLOEYE TABS,10'S,0
GL42,GLUCORED FORTE 850 TABS,10'S,0
GLUSR,GLUCORED FORTE SR TABS,10'S,0
G187,GLUCORED FORTE TABS,10`S,290
G171,GLUCORED TABS,10'S,420
GLYT1,GLYTEARS EYEDROPS,5ML,0
G477,GMH 150MG INJ,AMP,0
G479,GMH 75 VIAL,1ML,0
GRA,GRAVITOR TAB,10'S,0
G117,GYNAZOL 100MG CAPS,10`S,0
G118,GYNAZOL 200MG CAPS,10`S,0
G116,GYNAZOL 50MG CAPS,10'S,0
HAL,HALOX ONIT,30GM,0
HEPT1,HEPTAGON TABS,10'S,20
H211,HP KIT CAPS,6`S,0
H257,HYDROQUIN 200MG TABS,10`S,0
FVHJGG,I SOFT EYE DROPS 10ML,1*10ML,0
C642,IDROFOS 150(IBANDRONIC),1,1
IDF1,IDROFOS 3MG INJ,3ML,0
ID5,IDROFOS 50MG,1X5S,0
IDR11,IDROFOS KIT,30+1,0
ILL1,ILOSURE 4MG TABS,10'S,0
ILOS6,ILOSURE 6MG TABS,10'S,0
IN24,INAPURE 5MG TABS,10'S,0
INER10,INAPURE ER 10MG,10'S,0
DIOFJL,INSTARAFT SYP 100ML,1*100ML,0
ISTFT,INSTARAFT SYP 200ML,200ML,6
IN5,INSUCARE M50 (50/50),1X10ML,0
VI2,IROVEL 150MG TABS,10'S,80
IRKLAS,IROVEL 300MG TAB,1*10,0
IROVH,IROVEL H TABS,10'S,0
ISIP1,ISITE PLUS TABS,10'S,0
ISS1,ISTAMET 50/1000 TABS,15'S,135
INST1,ISTAMET 50/500 TABS,15'S,535
BKASND,ISTAMET D XR 1000MG TAB,1*7,35
ISTA,ISTAMET D-IR 5/50/500,7;S,77
IST,D- ISTAMET D-XR 500,7'S,182
ISAN,ISTAMET EMPHA 10/100/1000 10'S,,20
ISTAME,ISTAMET G IR 50/1000/1,10;S,120
STA,ISTAMET G IR 50/1000/2,10,80
IS,ISTAMET G IR 50/500/1,10;S,0
ISTAMT,ISTAMET GIR 50/500/2,10'S,50
ISATME,ISTAMET XR 500MG TAB,1*15,45
INSL1,ISTAVEL 100MG TABS,1*10,30
IST12,ISTAVEL 50MG TABS,10'S,130
SLHFLH,ISTAVEL D 10/100MG TAB,1*15,135
BJJFGJ,ISTAVEL D 5/50MG TAB,1*15,0
ISTAVE,ISTAVEL D10/50MG TAB,1*15,0
IV125,IVEPRED 125MG AMP,5ML,0
IP16,IVEPRED 16 TAB,1X10S,50
IVEP1,IVEPRED 1GM AMP,1*1GM,0
IVP,IVEPRED 40MG AMPS,40MG,2
IVE4,IVEPRED 4MG TABS,10'S,0
IVE8,IVEPRED 8MG TABS,10'S,60
JUIC9,JUICILYTE LIQUIDE,200ML,0
JST1,JUST TEARS EYE DROPS,5ML,0
K036,KETASMA TABS,10'S,0
K95,KETLUR EYE DROPS,5ML,0
KTL,KETLUR LS EYE DROPS,1'S,0
KT21,KETLUR PLUS EYE DROPS,5ML,0
"KETO,",KETOADD TABS,20'S,20
KRND,KORANDIL 10MG TABS,10'S,0
K105,KORANDIL 5 TABS,10'S,60
KRIM35,KRIMSON 35 TAB,21'S,1
LBB1,LABEBET 100MG TABS,10'S,70
LAB1,LABEBET INJ,5GM,0
LAC1,LACOSET 100MG TABS,10'S,10
LAC20,LACOSET 200MG TABS,10'S,20
LAC10,LACOSET 50MG TABS,10'S,160
LC21,LACTIFIBER,120GM,0
LCF10,LACTIFIBER POWDER,180GM,1
VFDFLJ,LACTIFIBER SYP,1*1,0
LAP,LACTIHEP 200ML SYRUP,1X200ML,0
LA3,LACTIHEP 450ML SYRUP,450ML,1
WFEYDU,LACTIHEP PLUS SYP,250ML,1
LMS1,LAMOSYN 100 TABS,10'S,0
LM12,LAMOSYN 25 TABS,10'S,0
LM14,LAMOSYN 50 TABS,10'S,0
LAT7,LATOCOM EYE DROP,1'S,0
LATO,LATOPROST EYE DROPS,2.5ML,0
JGHGH,LATOPROST RT DROPS 3ML,1*1,0
LT312,LATOPROST RT EYE DROPS,5ML,0
LS44,LESURIDE INJ,2ML,8
LES1,LESURIDE MPS TABS,10'S,0
LES14,LESURIDE OD TABS,10'S,0
LEI,LESURIDE TAB,10S,20
DKHBKD,LETROZ 2.5 TAB,1*5,10
L1023,LETROZ TAB,5'S,0
LEV01,LEVIPIL 1G TABS,10'S,40
LV2,LEVIPIL 250 TAB,10'S,20
LV5,LEVIPIL 500 TAB,15S,417
LV43,LEVIPIL 750 TABS,10'S,30
LV12,LEVIPIL INJ,5ML,8
LEV11,LEVIPIL SYRUP,100ML,5
LEV13,LEVIPIL XR 1G TABS,10'S,30
"LEVI.,",LEVIPIL XR 500MG TABS,10'S,0
L290,LIOFEN 10MG TABS,10`S,160
L400,LIOFEN 25MG TABS,10'S,0
LIO5,LIOFEN 5MG TABS,10'S,0
LIO11,LIOFEN XL 10 TABS,10'S,40
LI11,LIOFEN XL 20MG TABS,10'S,60
LI12,LIOFEN XL 30MG TABS,10'S,0
LI63,LIOFEN XL 40MG TABS,10'S,0
L103,LITHOSUN 300MG TABS,10'S,0
L104,LITHOSUN SR TABS,10'S,40
L398,LOBAZAM 10MG TABS,10'S,30
L384,LOBAZAM 5MG TABS,10'S,20
LOB21,LOBAZEM MD 5MG TABS,10'S,0
LOF,LOFECAM 8 TAB,10S,0
L4F1,LOFECOM SR TABS,10'S,0
LQ14,LOFEQUIK 8MG TABS,10'S,0
LONA,LONAZEP 0.25 TABS,1*15,60
L105,LONAZEP 0.5MG TABS,15'S,150
L1026,LONAZEP 1MG TABS,10'S,40
L106,LONAZEP 2MG TABS,10'S,30
LM25,LONAZEP MD 0.25MG TABS,10'S,0
LMD,LONAZEP MD 0.5MG TABS,10'S,70
LON,LONAZEP MD 1MG TABS,10'S,0
LON2,LONAZEP MD2,1X10S,0
LKEHHG,LOPEZ 1MG TAB,1*10,0
LOTE05,LOTEPRED 0.5 EYE DROPS,1'S,0
LPL,LOTEPRED LS EYE DROPS,5ML,0
LTP1,LOTEPRED-T EYE DROPS,5ML,2
LUB10,LUBOWEL 24 CAPS,10'S,0
LUB1,LUBOWEL 8 CAPS,15'S,0
LUM2K,LUMIA 2K TABS,10'S,0
LU1M1,LUMIA 60K CAPS,8'S,0
LUMCK,LUMIA CK TABS,10'S,10
L1040,LUPRIDE 4MG INJ,1ML,0
L480,LUPRIDE DEPOT 11.25MG INJ 5ML,,0
LUD,LUPRIDE DEPOT 3.75,1*1,0
M1C1,MACORATE CR 300 TABS,10'S,0
MC112,MACORATE CR 400 TABS,10'S,0
M2C4,MACORATE CR 600 TABS,10'S,0
MCR1,MACORATE CR500 TABS,10'S,0
MAXD,MAXDULIN 75/20,10'S,50
MAG1,MAXGALIN 150 CAPS,10X10S,0
HGUJK,MAXGALIN 50 CAP,1*10,0
MAXO,MAXGALIN 75MG CAP,15'S,30
KLJFGB,MAXGALIN ER 150MG TAB,1*10,0
MX14,MAXGALIN ER 75 TABS,10'S,0
759,MAXGALIN M 75,1X15'S,0
MXG21,MAXGALIN M ER TABS,10'S,0
MAINUU,MAXGALIN NT,1*10,0
MAXA21,MAXGALIP AT TABS,10'S,0
MAX50,MAXMALA 50MG TABS,10'S,0
MXG1,MAXMALA CAPS,10'S,10
MAXMF1,MAXMALA FORTE CAPS,10'S,0
MAX,MAXMALA NT TAB,10,30
MXL1,MAXOZA L SACHAT,5GM,0
M1A1,MAXOZA POWDER,5GM,0
MXT14,MAXTIB TAB,14'S,0
MGBJBM,MEB SR CAP,1*10,0
MEBSR,MEBIZ SR TAB,10'S,0
MN1,MEGABROM EYE DROPS,5ML,0
LEHFHF,MESACOL 1GM SUPPOST,1*5,0
M129,MESACOL 400 MG TABS,15'S,0
842,MESACOL 800 TAB,10S,0
KFJBHK,MESACOL CR 1GM SACHEST,1*1GM,0
M130,MESACOL ENEMA,60ML,0
MS44,MESACOL OD TABS,15'S,135
M520,MESACOL SUPP TABS,5'S,0
MET1G,METGEM 1GM TABS,10'S,0
METG50,METGEM 500MG TABS,10'S,0
MT20,METHIMEZ 10MG TABS,30'S,90
MTH5,METHIMEZ 5MG TABS,30'S,120
ME125,METOSARTAN 25MG TABS,10;S,290
ME1T,METOSARTAN 50MG TABS,10'S,240
MFKHFF,METOSARTAN CH 25MG TAB,1*10,20
JHGKGK,METOSARTAN CH 50MG TAB,1*10,20
"N,FDJK",METOSARTAN LN 25MG TAB,1*10,30
SMFDHG,METOSARTAN LN 50MG TAB,1*10,20
M,MEVA SR CAPS,15'S,0
DJGJKG,MIDODRIVE TAB,1*20,0
MIFT1,MIFEPRIN KIT,1'S,0
MIFEP,MIFEPRIN TABS,1'S,0
ML23,MILBORN 50 CAPS,10'S,0
MILF9,MILFLODEX EYE DROPS,5ML,0
MIL31,MILFLOX DF EYE DROPS,5ML,0
M800,MILFLOX DM EYE DROPS,5ML,0
M526,MILFLOX EYE DROPS,5ML,0
MILF1,MILFLOX PLUS EYEDROPS,5ML,0
MIXNSD,MINOZ ER 45MG TAB,1*10,0
LFHJHF,MINOZ ER 65MG TAB,1*10,0
MIRAGO,MIRAGO S 50,10'S,30
M788,MIRTAZ 15MG TABS,10'S,90
M789,MIRTAZ 30MG TABS,10'S,50
MIRT75,MIRTAZ 7.5MG TABS,10'S,80
MOD1,MODALERT 100 TAB,10S,30
MOD200,MODALERT 200MG TAB,10'S,30
1MOD,MODULA TABS,10'S,0
MA200,MOISTUREX HYDRO GEL,1*50ML,0
FYTHRT,MONDESLOR TABS,1*10,20
M717,MONOSPRIN 30MG CAPS,10'S,0
M131,MONOTRATE 10MG TABS,10'S,0
M132,MONOTRATE 20MG TABS,10,100
M531,MONOTRATE OD 25 TABS,10'S,0
M134,MONOTRATE OD 50 TABS,10'S,0
MOS3,MONOTRATE SR 30 TAB,1X10S,0
MON6,MONOTRATE SR60MG TABS,10'S,0
MO1,MONTEK 10MG TABS,10'S,0
MO4,MONTEK 4MG TABS,10'S,0
MON.,MONTEK AB TABS,10'S,10
MONTEK,MONTEK BL TAB,1*10,0
MONT9,MONTEK LC KID SYRUP,60ML,2
MOLC,MONTEK LC KID TAB,1X10S,18
MONL,MONTEK LC TAB,15'S,150
MPL,MONTEK PLUS TABS,10'S,0
MOXDS,MOXCLAV DS457 SYRUP,30ML,0
M566,MUVERA 15MG TABS,10'S,0
M565,MUVERA 7.5MG TABS,10'S,0
DLJKJN,MYFOS SACHETS,1*1,0
NFT3,NAFTOMAX 50MG TABS,10'S,0
NR30,NARATREX 2.5MG TABS,2'S,0
NAT11,NATACIN EYE DROPS,5ML,0
N1566,NATAMET EYE DROPS,5ML,0
NATA,NATAMET EYE DROPS,3ML,0
"NATR.,",NATRISE 15MG TABS,4'S,16
NAT30,NATRISE 30MG TABS,4'S,0
NAXD2,NAXDOM 250MG TABS,15'S,105
NA5,NAXDOM 500MG TABS,15'S,495
NP10,NEPALACT EYE DROPS,5ML,1
BFSGJS,NEPALACT-Z EYE DROPS,1*1,2
AIY,NEUGABA 75 CAPS,10'S,0
NG41,NEUGABA ER75 TABS,10'S,0
NU43,NEUGABA M 75 CAPS,10'S,0
NEUA9,NEUGALIN A TABS,10'S,0
NEUT1,NEUGATRIP TABS,10'S,0
NEUR1,NEURO D3 60K TABS,8'S,0
NEXP,NEXIPRIDE 100 TAB,10S,0
NEX5,NEXIPRIDE 50MG TAB,10S,0
NEXIT1,NEXITO 10MG TABS,15'S,115
NEXIT2,NEXITO 20MG TABS,10'S,30
NEXIT5,NEXITO 5MG TABS,10'S,10
NEXI,NEXITO FORTE TAB,10'S,40
N1X1,NEXITO LS TABS,15'S,30
NEPT,NEXITO PLUS TAB,1X10S,130
NEXLUM,NEXLUMA CAPS,10'S,20
NEZ,NEZAFLO NASAL SPRAY,10ML,1
NEZN,NEZALAST NASAL SPRAY,1X9.8ML,0
GSFSJ,NINTENA 100MG,1*10,0
BWGKL,NINTENA 150MG,1*10,20
N500,NITREST 10MG TABS,10'S,0
NITR5,NITREST 5MG TABS,10'S,0
N116,NITROSUN 10MG TABS,10`S,0
N115,NITROSUN 5MG TABS,10`S,10
N1610,NODICT50(NALTREXONE) TABS 10`S,,0
NOR31,NORMO TEARS EYE DROPS,5ML,0
NOR1,NORMOZ TABS,10'S,0
NOVE9,NOVEFOS SACHETS,"5G,M",0
NHCKHC,NOXOF CREAM 5GM,1*5GM,0
NU200,NUSAM 200MG TABS,10'S,0
NUAM,NUSAM 400MG TABS,10'S,20
O286,OCTRIDE 100MG VAIL,1ML,0
O430,ODPHYLLIN 400MG TABS,10`S,0
O273,OLEANZ 10MG TABS,10`S,240
O283,OLEANZ 2.5MG TABS,10'S,140
O274,OLEANZ 5MG TABS,10'S,300
O300,OLEANZ 7.5MG TABS,10'S,0
OLEFOR,OLEANZ FORTE TABS,10'S,0
OLEANP,OLEANZ PLUS TABS,10'S,0
O530,OLEANZ RAPITAB 15GM TABS,10'S,0
O529,OLEANZ RAPITAB 20MG TABS,10'S,0
O432,OLEANZ RAPITAB 5MG TABS,10'S,110
O420,OLEANZ RT 10MG TABS,10`S,0
ORT5,OLEANZ RT 5MG\,10'S,0
OLMZ,OLMEZEST 10MG TABS,10'S,90
OL2,OLMEZEST 20 TAB,10'S,230
LOOLM,OLMEZEST 40,10;S,40
OL122,OLMEZEST AM TABS,10'S,30
TR115,OLMEZEST AM40 TABS,10'S,80
OLB1,OLMEZEST BETA 25 TABS,10'S,0
OLB2,OLMEZEST BETA 50 TABS,10'S,50
OCH2,OLMEZEST CH20 TABS,10'S,150
OLMCH1,OLMEZEST CH40 TABS,10'S,110
OLME,OLMEZEST H 20 MG TABS,10'S,0
OL13,OLMEZEST H 40 TABS,10'S,50
OLVCT4,OLVANCE CT40MG TABS,10'S,0
ONC1,ONCOTREX 10 TAB,10X10S,0
ON2,ONCOTREX 2.5 TABS,10S,0
O115,ONCOTREX 5 TABS,10'S,30
O202,ONCOTREX 7.5 TABS,1*10'S,0
OPI1,OPIPROL 100MG TABS,10'S,0
OPI11,OPIPROL 50MG TABS,10'S,0
OR,OROHEALTH TOOTHPASTE,75GM,3
OSTS,OSTOSPRAY NASAL SPRAY,3.7ML,0
OVARES,OVARES PLUS CAPS,10'S,0
OVA31,OVARES SR TABS,10'S,0
OV1,OVITROP 75MG INJ,2ML,0
OV99,OVITROP(FSH)150 INJ,150IU,0
O461,OXETOL 150MG TABS,10'S,240
O462,OXETOL 300MG TABS,10`S,240
OXL,OXETOL 450MG TABS,10'S,0
O463,OXETOL 600MG TABS,10`S,0
RTIG,OXETOL SYP,60ML,0
OXE,OXETOL XR 300 TABS,10'S,0
OX4,OXETOL XR 450 TAB,10S,20
OXX,OXETOL XR 600 TAB,10X10S,0
OXR10,OXRA 10MG TABS,14'S,42
OXCHBC,OXRA 5MG TAB,1*14,14
OXRA,L OXRA L 10,10'S,20
DFNNFF,OXRA S 10/100MG TAB,1*15,0
HGDWUE,OXRA S 10/50 TAB,1*15,0
DFHGKJ,OXRA S 5/50MG TAB,1*15,0
OXRA10,OXRAMET 10/500 MG,7'S,6
OXMFSA,OXRAMET 5/1000MG,14'S,56
OXRA,OXRAMET G XR 10/1/1000,7'S,28
OXRAME,OXRAMET G XR 10/1/500 TAB 7;S,,28
OX,OXRAMET G XR 10/2/1000,7;S,35
TOXRAM,OXRAMET G XR 10/2/500 TAB 7'S,,42
GFKGKG,OXRAMET S XR 1000MG TAB,1*7,0
FGSFJJ,OXRAMET S XR 500MG TAB,1*7,70
SDIOPF,OXRAMET XR 10/1000 TAB,1*7,21
FKJJGN,OXRAMET XR 10/500MG TAB,1*7,28
OXSIR,OXRAMET-S IR5/50/500,7'S,0
PL33,PALIRIS 3MG TABS,14'S,0
PAZA11,PANAZEP 25MG TABS,10'S,40
PAN25,PANLIPASE 25000 CAPS,10'S,10
PAP,PANLIPASE CAP,1X10S,30
FHFHGG,PANLIPASE UC TAB,1*10,0
P776,PANTOCID 20MG TABS,10`S,45
P594,PANTOCID 40MG TABS,15'S,45
ADO,PANTOCID 40MG VIAL,40MG,0
GJHR,PANTOCID 80MG TAB,1*10,0
PANTD,PANTOCID D CAPS,10'S,0
PAN,PANTOCID D SR CAPS,15'S,60
PIA,PANTOCID HP TABS,6'S,0
PAI,PANTOCID IT CAP,10S,40
PAN3,PANTOCID L CAPS,10'S,110
P620,PARKITIDIN TABS,10'S,20
PASIT1,PASITREX C OINT,20GM,1
PASIRT,PASITREX OINTMENT,20GM,0
PAXD1,PAXIDEP CR 12.5MG TABS,10'S,0
PAX,PAXIDEP CR 25MG TABS,10'S,40
PAX3,PAXIDEP CR 37.5MG CAPS,10'S,0
PEGF1,PEGFIBER POWDER,154GM,0
PEFG1,PEGMOVE POWDER,90GM,0
IPFJFG,PHOTOSTABLE GOLD CREAM,1*50GM,0
PHFLHF,PHOTOSTABLE INSTA 50GMN,1*1,0
PHT11,PHOTOSTABLE SUNSCREEN GEL 75GM,,1
PIN2,PICNOVIT TABS,10'S,0
PILO5,PILOMAX 5MG TABS,10'S,0
P709,PIOGLIT 15MG TABS,10'S,0
P710,PIOGLIT 30MG TABS,10'S,60
PIOLHH,PIOGLIT 7.5MG TAB,1*10,0
PIOGG,PIOGLIT G TABS,10'S,0
SPPM1,PIOGLIT MF 15MG TAB,10'S,0
]PIOM3,PIOGLIT MF 30MG TABS,10'S,0
PIMF,PIOGLIT MF FORTE 15 TAB,1X10S,0
PI44,PIOGLUCORED FORTE TABS,10'S,0
PIRA1,PIRANULIN TABS,10'S,0
PO200,POLARES 200MG TABS,10'S,0
P/0.12,PRAMIPEX 0.125 TAB'S,10'S,0
PRAX,PRAMIPEX 0.25 TAB,1X10'S,0
021,PRAMIPEX 0.5 TABS,10X10'S,20
PRAMI,PRAMIPEX 1 TABS,10'S,0
PR075,PRAMIPEX ER0.75MG TABS,10'S,0
POFHSN,PRAZOPILL XL 5MG TAB,1*30,0
P191,PRAZOPRESS 1MG TABS,10'S,0
P722,PRAZOPRESS XL 2.5MG TABS,30S,30
P721,PRAZOPRESS XL 5MG TABS,30'S,180
P1310,PREDMET 1% EYE DROP,5ML,0
PRE4,PREDMET 4MG TABS,15'S,220
121,PREDMET 8MGTABS,,50
PRIME,PRIMEROSE CAPS,10'S,0
PRIMR,PRIMROSE CAPS,,0
P362,PRODEP 10MG CAPS,10'S,0
P186,PRODEP 20MG CAPS,10'S,50
P655,PRODEP 60MG CAPS,10'S,50
EKHHFF,PROHANCE (V) 400GM POWDER 1*400GM,,0
DKLFKH,PROHANCE D (V) 200GM,1*200GM,0
JKJJFJ,PROHANCE D (V) 400GM,1*400GM,1
PROHAN,PROHANCE HP VANILA 400GM,1*400G,1
PIFJFJ,PROHANCE JUNIOR CHOC,1*400G,0
PIRJMN,PROHANCE MOM 200GM CHOC,1*200G,0
PROTPS,PROHANCE MOM CHO 400GM,400GM,2
FDSNFD,PROHANCE MOM SF POWDER,1*200G,1
DKOHIG,PROHANCE VANILA 200GM,1*200GM,0
PLAM,PROLOMET AM 25 TABS,10'S,0
LPAM,PROLOMET AM 50 TABS,10'S,30
PRL14,PROLOMET R25 TABS,10'S,40
PLO47,PROLOMET R50 TABS,10'S,0
KJKAQR,PROLOMET T 50MG TAB,1*10,0
PROLO,PROLOMET T25MG TAB,1*10,50
PRO,PROLOMET XL 100 TABS,10'S,50
PR12,PROLOMET XL 12.5 TAB,10'S,40
PR19,PROLOMET XL 25,15'S,330
PR5,PROLOMET XL 50,15'S,375
PL34,PROLOMT XL 100 TABS,'10'S,0
KGJIEJ,PRUEASE 1MG TAB,1*10,0
BNSGTY,PRUEASE 2MG TAB,1*10,0
SFHKJG,PULMOSEAL SYP 10ML,1*10ML,0
FKLLNF,PULMOSIL INJ,1*1,0
PLZ,PULMOZA TABS,10S,0
P777,PUREGEST 200MG CAPS,10`S,0
P528,PYRODEX TABS,10`S,0
Q41,QUTIPIN 100MG TABS,10'S,70
QUI200,QUTIPIN 200MG TABS,10'S,0
Q40,QUTIPIN 25MG TABS,10'S,420
Q42,QUTIPIN 300MG TABS,10'S,70
QUT50,QUTIPIN 50MG TABS,10'S,80
Q1P1,QUTIPIN SR 100 TABS,10'S,0
QU41,QUTIPIN SR200 TABS,10'S,0
QUIT25,QUTIPIN SR300MG TABS,10'S,0
QUT4,QUTIPIN SR400 TABS,10S,0
RAP9,RACIPER PLUS CAPS,10'S,0
RA45,RACIRAFT SYRUP,200ML,6
RAJLFJ,RAIKI EYE DROPS,1*3ML,0
RAT20,RANCI T20MG TABS,10'S,0
RANT09,RANCI TRIO10MG TABS,10'S,0
RANT20,RANCI TRIO20MG TABS,10'S,0
RAN20,RANCIL 20MG TABS,10'S,0
RAN,RANOZEX 500MG TAB,10S,170
RS44,RASALECT 0.5MG TABS,10'S,60
LR34,RASALECT 1MG TABS,10'S,70
R681,REBOSE 50MG TAB,10'S,0
RE100,REPACE 100MG TABS,10'S,50
R365,REPACE 25MG TABS,10`S,130
R366,REPACE 50MG TABS,10`S,60
R532,REPACE A TABS,10`S,0
R596,REPACE AF TABS,10`S,0
R423,REPACE H TABS,10'S,110
85,REPALOL H TABS,10'S,40
REPAL,REPALOL TABS,10'S,0
REST,RESTOFOS-70 TAB,4S,0
RES31,RETENSE CAPS,10'S,0
RET11,RETENSE OD CAPS,10'S,0
R138,REVITAL CAPS,10'S,300
REVI,REVITAL CAPS BOTTLE,30'S,0
REVL1,REVLAMER 400MG TABS,10'S,20
RE800,REVLAMER 800MG TABS,10'S,0
R409,REVOCON TABS,10'S,170
RECTIN,RICONIA LP TIN TABS,1,1
R100,RICONIA TABS,1'S,0
RFG1,RIFAGUT 400MG TABS,10'S,10
RR550,RIFAGUT 550MG TABS,10'S,10
R1F1,RIFAGUT TABS,10'S,0
ODKJGF,RIMET DUO 1MG TAB,1*15,0
RUOHDF,RIOMET DUO 2MG TAB,15S,0
KGHFGG,RIVAFLO 10MG TAB,1*10,20
RIEIRI,RIVAFLO 15MG TAB,1*10,30
FGGGGG,RIVAFLO 2.5MG TAB,1*10,0
RIV1.5,RIVAMER 1.5MG CAPS,10'S,10
RIV3,RIVAMER 3MG CAPS,10'S,180
ITRUY,RIZANET 5MG SACHETS,1*5,0
ROLTOD,ROLITEN OD2MG CAPS,10'S,70
ROP,ROLSICAL PLUS CAPS,10'S,0
R744,ROMILAST 4MG TABS,15`S,0
R712,ROPARK 0.25MG TABS,10`S,0
R710,ROPARK 0.5MG TABS,10`S,30
R711,ROPARK 1MG TABS,10`S,140
R713,ROPARK 2MG TABS,10`S,0
ROP11,ROPARK XL 1MG TABS,10'S,40
RPX2,ROPARK XL2 TABS,10'S,40
ROP4,ROPARK XL4 TABS,10'S,0
ROSV20,ROSUVA GOLD 20MG CAPS,10'S,60
ROSGG1,ROSUVA GOLD10MG CAPS,10'S,30
ROZAG1,ROZAGOLD 10MG CAPS,10'S,50
ROZT9,ROZALET 10MG CAPS,10'S,70
ROZT20,ROZALET 20MG CAPS,10'S,120
R1,ROZAVEL 10MG TABS,15'S,240
RO20,ROZAVEL 20MG TABS,15'S,45
ROZ40R,ROZAVEL 40MG TABS,10'S,50
RO5,ROZAVEL 5MG TABS,10'S,0
FHHFFF,ROZAVEL A 20 FORTE TAB,1*10,0
1OZ12,ROZAVEL A TABS,10'S,60
ROZ15,ROZAVEL A150 CAPS,10'S,0
RO14,ROZAVEL EZ TABS,10'S,30
ROZ/,ROZAVEL F 20MG TABS,10'S,90
ROZ1,ROZAVEL F10 TABS,15'S,75
RZ13,ROZAVEL F5 TABS,10'S,0
FJKGHJ,RT CLEAR TAB,1*10,0
RY,RYTSTAT 50MG,6'S,0
SAC5,SACURISE 50MG,14'S,140
S1219,SELZIC 300MG TAB,10'S,0
SEL300,SELZIC OD300MG TABS,10'S,0
SL14,SILBOSTIN CAPS,10'S,0
SILD4,SILDURA 4MG CAPS,20'S,0
SILD11,SILDURA 8MG TABS,10'S,0
SILO4,SILODAL 4MG TABS,10'S,0
SIL,SILODAL M 50G TAB,14 S,28
SIGBQW,SINAREST NASAL SPRAY,10ML,0
SRI12,SIRILEPT 25MG TABS,10'S,0
SIR50,SIRILEPT 50MG TABS,10'S,0
SI,SITARA D 100/10 TAB,10;S,0
SIHFJS,SITARED 100MG TAB,1*7'S,0
SKJAGD,SITARED 50MG TAB,10'S,10
ASDGKG,SITARED M 50/500MG TAB,1*15,135
JHDVJG,SITARED M XR 100/500MG,1*15,40
KGDFKG,SITARED MD XR 1000MG TAB,1*7,14
KSJSOA,SITARED MD XR 500MG TAB,1*7,0
S208,SIZODON 1MG TABS,10'S,70
S209,SIZODON 2MG TABS,10'S,100
S422,SIZODON 3MG TABS,10'S,0
S528,SIZODON 4MG TABS,10`S,0
S1126,SIZODON FORTE TABS,10`S,0
SIZ14,SIZODON LS TABS,10'S,0
SIZ05,SIZODON MD0.5 TABS,10'S,0
S1Z1,SIZODON MD1 TABS,10'S,0
S579,SIZODON ORAL SYRUP,60ML,1
S1127,SIZODON PLUS TABS,10`S,0
S717,SIZOPIN 100MG TABS,10'S,170
SIZ2,SIZOPIN 200MG,10'S,160
S182,SIZOPIN 25MG TABS,10'S,0
SIZ50,SIZOPIN 50MG TABS,10'S,140
SK23,SKELEBENZ 15 CAPS,10'S,30
SPP1,SNEPDOL CAPS,10'S,0
SOL10M,SOLZAM MD10MG TABS,10'S,0
S1119,SOMPRAZ 20MG TABS,1*15,0
S060,SOMPRAZ 40MG TABS,15`S,105
SOMD40,SOMPRAZ D 40,15S,105
SOMP21,SOMPRAZ IT CAPS,10'S,10
SOMP2,SOMPRAZ L CAPS,10'S,100
SOYEUT,SOTRET NF-8MG TAB,1*10`S,0
STY,STARIZO 200 TAB,10'S,10
GGGGGD,STORVA GOLD 10MG TAB,1*10,0
ASKJDD,STORVA GOLD 20MG TAB,1*10,70
STRV,STORVAS 10MG TAB,15'S,135
S782,STORVAS 20MG TABS,15'S,75
STO,STORVAS 40MG TABS,10'S,50
STOR5,STORVAS 5MG TABS,15'S,0
ZSTRO,STORVAS CV 10MG CAPS,10'S,80
0201,STROCIT 2ML,2ML,0
0202,STROCIT 4ML,4ML,0
SCIT,STROCIT 500MG TABS,10'S,20
ST44,STROCIT CR TABS,10'S,0
ST49,STROCIT ORAL DROPS,30ML,0
ST21,STROCIT PLUS TABS,10'S,40
SULP,SULPITAC 100 TABS,10'S,40
SUT,SULPITAC 200 TABS,10S,30
SL32,SULPITAC 300 TABS,10'S,0
SL40,SULPITAC 400 TABS,10'S,0
SL1,SULPITAC 50 TABS,10'S,30
SUL11,SULPITAC OD100 TABS,10'S,0
SUL21,SULPITAC OD200 TABS,10'S,0
S229,SUMINAT 25MG TABS,1'S,0
KJDGBK,SUNBAN SOFT LOTION,1*75G,3
SUNHA,SUNHALER INHALER,1'S,0
SUNP1,SUNPLEX ZL CAPS,10'S,0
EKFJHG,SUNSTOP GOLD 50GM,1*50GM,0
SP,3 SUPATRET 0.01% OINT,20GM,0
S1P1,SUPATRET 0.04% CREAM,20GM,0
SU211,SUPATRET C OINT,1*15GM,0
SU32,SUPERIA DSR CAPS,10'S,0
FDFG,SUPERIA L CAPS,"10,S",0
SUP21,SUPERIA TABS,10'S,0
SUS100,SUSTEN 100MG AMP,1'S,5
S941,SUSTEN 100MG CAPS,10'S,0
SUS200,SUSTEN 200MG AMP,1'S,7
S949,SUSTEN 200MG CAPS,10'S,60
SU3,SUSTEN 300 CAP,1X10'S,0
SS14,SUSTEN 400 CAPS,10'S,0
SGO,SUSTEN GEL OINT,1.55GM,0
SUSTEN,SUSTEN SR 200MG TABS,10'S,10
SUS3,SUSTEN SR300 TABS,10'S,0
SU26,SUSTEN VT100,6'S,0
SUS1,SUSTEN VT200 CAPS,6'S,0
SYN100,SYNAPTOL 100MG TABS,10'S,0
SYN1,SYNAPTOL SR 150MG TABS,10'S,0
SYN450,SYNAPTOL SR450MG TABS,10'S,0
SCN,SYNCAPONE 100 TAB,10'S,190
SYNCE,SYNCAPONE 150 TAB,10'S,0
1256,SYNCAPONE 50 TABS,10'S,160
S184,SYNDOPA 110MG TABS,15,435
S185,SYNDOPA 275MG TABS,10'S,0
S187,SYNDOPA CR TABS,10'S,60
S186,SYNDOPA PLUS TABS,1*15,555
TAMB,TAMDURA CAPS,10'S,90
TM12,TAMLET 2MG TABS,10'S,0
TM44,TAMLET 4 CAPS,10'S,0
TAM.4,TAMLO 0.4MG CAPS,,0
TER1,TEAR DROP GEL,10ML,0
TEC10,TECZINE 10MG TABS,15'S,45
T052,TECZINE 5MG TABS,10'S,30
DUOFGN,TECZINE CP 5MG TAB,1*30,0
TELE25,TELEACT BETA25MG TABS,10'S,30
TET11,TETRAFOL 7.5MG TABS,10'S,0
TETF1,TETRAFOL PLUS TABS,10'S,0
THALI,THALITEL 40MG TABS,10'S,0
THT8,THALITEL 80MG TAB,"10,S",0
THEAL9,THEALIFE TABS,10'S,0
TH4,THIOACT 4MG CAP,10X10S,0
TH02,THIOACT D4MG CAPS,10'S,0
TH,4 THIOACT D8 CAPS,10'S,0
YFUXJU,TIGATEL 20MG,10T,0
TWIKEU,TIGATEL 40MG TAB,1*20,100
TIHDSD,TIGATEL CH 40MG TAB,1*10,0
"TIGHN,",TIGATEL H 40MG TAB,1*10,0
T597,TIMOLET 0.5% EYE DROPS,5ML,0
T626,TIMOLET GFS 0.5% EYE,3ML,0
TIM9,TIMOLET OD EYE DROPS,5ML,2
T683,TIMOLET PLUS EYE DROPS,5ML,0
T421,TIZAN 2MG TABS,10'S,30
T465,TOBA DM EYE DROPS,5ML,0
T227,TOBA EYE DROPS,5ML,0
TOBAF,TOBA F EYE DROPS,5ML,0
TOHSIH,TOFASHINE 5MG TAB,1*10,0
TOF100,TOFICALM 100MG TABS,10'S,0
GHFUY,TOFICALM 50TABS,"10,S",0
TOPIRO,TOPIROL 100 TAB,10'S,70
T652,TOPIROL 25MG TABS,10`S,0
T651,TOPIROL 50MG TABS,10`S,20
TORN,TORLACTONE 10MG,10'S,0
TORL,TORLACTONE 5MG,10'S,0
TAR,TORLACTONE LS TAB,10'S,0
HFGJGU,TRAFOLIC TAB,1*10,0
KJATRA,TRANXIETY 50MG CAPS,10'S,20
T102,TRAPEX 1MG TABS,10'S,0
T103,TRAPEX 2MG TABS,10'S,0
TRP500,TRAPIC 500MG TABS,10'S,40
TR650,TRAPIC 650MG TABS,10'S,10
TRAINJ,TRAPIC AMPS,5ML,0
T315,TRAPIC E TABS,10`S,0
TRAMF,TRAPIC MF TABS,10'S,47
T108,TRAZALON 25 TABS,10'S,0
T109,TRAZALON 50 TABS,,0
T105,TRAZINE H TABS,10`S,0
T106,TRAZINE S TABS,10`S,0
T107,TRAZINE SC TABS,10`S,0
TR52,TRIATOP LOTION,50ML,0
TRI4,TRICLAZONE 40 TAB,10'S,0
TR8,TRICLAZONE 80 TAB,10'S,0
TRBT,TRIGABANTIN 100 TAB,1X10S,0
TR3,TRIGABANTIN 300 TAB,10S,60
TRIGLU,TRIGLUCORED FORTE TAB,10'S,170
TRG1,TRIGLUCORED FORTE7.5 TABS 10'S,,0
TRL,TRILOPACE TAB,10X10S,0
T111,TRINORM CAPS,10'S,0
TRR1,TRIOLMEZEST 40MG TABS,10'S,70
H;DGFK,TRIOLMEZEST CH 40MG TAB,1*10,0
TRO2,TRIOLMEZEST TABS,10'S,30
TRB11,TRIVOLIB 1MG TABS,15,15
TRI02,TRIVOLIB 2MG TABS,1*15,60
TRISFH,TRIVOLIB DS 2MG TAB,1*10,0
VOLG1,TRIVOLIB FORTE1 TABS,15'S,30
TRIV2,TRIVOLIB FORTE2 TABS,15'S,0
TRPF1,TROFAME XR CAPS,10'S,0
T449,TROPAN 2.5 TABS,10'S,20
T450,TROPAN 5 TABS,10'S,20
TROPA5,TROPAN XL 5MG TABS,10'S,30
T458,TROPICAMET EYE DROPS,5ML,0
TRP3,TROPICAMET PLUS EYEPROS,5ML,0
TUFP21,TUFPRO LIQUIDE,10X1,0
URO2,UROTEL XL 2MG TABS,10'S,0
URO,UROTEL XL 4MG TABS,10'S,0
URS150,URSOCOL 150MG TABS,10'S,0
URS300,URSOCOL 300 TABS,15'S,75
USR450,URSOCOL SR 450 CAP,1X10'S,30
UR14,URSOCOL SR 600 TAB,10'S,0
U66,UTODIN TABS,10'S,0
VA1G,VALTOVAL 1GM TABS,3'S,0
VAL5,VALTOVAL 500MG TABS,3'S,0
V244,VENIZ XR 37.5MG CAPS,10'S,20
V243,VENIZ XR 75MG CAPS,10'S,50
VEJRHF,VERNACE TAB,1*10,0
VOLB,VOLIBO 0.2 TAB,1X15S,15
VOL2,VOLIBO 0.3TAB,1X10S,45
V1M1,VOLIBO M 0.2 TABS,1*10'S,0
VLB1,VOLIBO M 0.3MG TABS,10'S,50
VJHLJH,VOLIBO R 0.2/0.5MG TAB,1*10,0
DKFGHK,VOLIBO R 0.2/1MG TAB,1*10,0
KJDVGB,VOLIBO R 0.3/0.5MG TAB,1*10,0
KJDSFJ,VOLIBO R 0.3/1MG TAB,1*10,0
VIFGJV,VOLINI JOINT XPERT GEL,1*20GM,0
VOMA,VOLINI MAXX SPRAY,55GM,9
VOL,VOLINI SPRAY,40ML,0
VOLS,VOLINI SPRAY,60GM,0
VOLT1,VOLIX TRIO 2MG TABS,1*15,0
VOLTF1,VOLIX TRIO FORTE1 TABS,10'S,0
VS45,VSL#3 CAPS,10'S,20
VSL1,VSL#3 LITE CAPS,10'S,0
WA15,WAKLERT 150MG TABS,10'S,0
WNO,WINOLAP 5 TAB,10S,0
WN12,WINOLAP DS EYE DROPS,10ML,1
WIE,WINOLAP EYE DROPS,1X5ML,1
DLKFJH,WINOLAP MAX EYE DROPS,1*2.5ML,1
WN14,WINOLAP NASAL SPRAY,125MD,0
SDJKBG,XAFINACT 100MG TAB,1*10,50
XAFGFG,XAFINACT 50MG TAB,1*10,0
X1T1,XTRAGLO TABS,10'S,0
YUG9,YUGARD CREAM,30GM,0
JHFEE,ZANOCIN PLUS TAB,1*10,0
ZE11,ZEFRETOL 400MG TABS,10'S,0
Z24,ZEMPRED 16 TABS,10'S,0
MEHY,ZEMPRED 4 TABS,10X10'S,0
ZE8,ZEMPRED 8 TAB,10X10S,0
Z060,ZEPTOL 100MG TABS,10`S,70
Z061,ZEPTOL 200MG TABS,10`S,110
Z166,ZEPTOL CR 200MG TABS,10`S,210
Z258,ZEPTOL CR 300MG TABS,10'S,270
ZIP40,ZIPSYDON 40MG CAPS,10'S,0
ZIP80,ZIPSYDON 80MG CAPS,10'S,0
Z461,ZITOTEC 200MG TABS,4'S,20
ZOB11,ZOBONE 4MG INJ,3ML,0
ZOF1,ZOFER 2ML AMP,2ML,0
Z087,ZOFER 4MG TABS,10'S,20
Z413,ZOFER 8MG TAB,10'S,0
ZMD,ZOFER MD 4MG TABS,10'S,40
ASKHFG,ZOFER SYP 100ML,1*100ML,0
DJNFNF,ZOLE F OINT,15GM,2
ZN49,ZONISEP 100MG TABS,10'S,20
ZN17,ZONISEP 25 CAPS,10'S,0
ZONC,ZONISEP 50MG CAPS,10S,20
ZXJKCJ,ZORYL MV 1/03 TAB,1*10,0
Z213,ZOSERT 100MG TABS,10`S,0
Z260,ZOSERT 25 TABS,10'S,0
Z194,ZOSERT 50 TABS,10'S,0
FRAN1,FRANCIP D EYE DROPS,10ML,0
ARDDSF,ARA EYE DROPS,10ML,0
ALLR1,ALLARPET EYE DROPS,5ML,0
ASGO,ASTAGOLD CAPS,10'S,0
KJHDFJ,ATROSUN EYE DROPS 5ML,1*5ML,0
FGKGKF,DORSUN EYE DROPS,1*5ML,0
E375,EYEVITAL CAPS,30'S,0
EYEV,EYEVITAL LX CAPS,10'S,0
L368,LACRIGEL EYE OINTMENT,5GM,0
LYM11,LYMOVITA SYRUP,200ML,0
O!14,OCCUMOX EYE DROP,5ML,0
JFLJGJ,OCCUMOX EYE OINT 5GM,1*5G,0
IOLLJF,OCULACT EYE DROPS,1*1,0
OT11,OTOFLU EYE DROPS,5ML,0
REDE,REDIF EYE DROPS,1X5ML,0
REDSFD,REFFRON TAB,1*10,0
DKHFKG,SOHA EYE DROPS,1*5ML,1
TINC,TINNICAR CAPS,10'S,0
T575,TROPICACYL EYE DROPS,3ML,0
UL71,ULTRAGEL EYE DROPS,10ML,0
KLDFHK,10D 500ML,1*500ML,0
KFGDKH,2 WAY BD Q SYTE,1*1,0
SDJKGF,3M 2 INTCH PLASTER,1*1,0
TDF,3M AVAGARD SANITISER,1*500ML,0
GDGEHW,3M GUM PLASTER,1*1,0
WQDWQF,3M TRANSP 1 INCH,1*1,0
KDWGH,3M TRANSP 1/2 INCH,1*1,0
KJJHJH,3WAY,1,0
SUOD,ABDOMINAL BELT,1,4
AJSFBF,ACCU CHEK LANCETS,1*1,2
JOHN5,ACCUSURE AS BP MONITO,1,0
J022,ACCUSURE MANUAL SCALE,1,0
AHGDFA,AG LANCET,1*1,0
DKGJKG,ALCHOL SWABS ENBEE,1*100,0
NFBJH,ARM SLING POUCH,1,7
AGGGKG,ARTICAST FIBERGLASS TAPE,1*1,0
ASSSSK,ASCPTO PUMP,1,0
MKTUIW,BABY BED,1*1,0
JGUIG,BABY CARRIER BAGS,1*1,0
BASBSD,BABY WEIGHING SCALE,1*1,0
DHFVKB,BACILLOCID 5LTR,1*1,0
JHFBSU,BED SHEETS,1*1,0
YWE,BELLD PL,1*1,0
BEURER,BEURER BP METER,1*1,0
BKGKGF,BP CARE METER,1*1,0
BPLBHH,BPL MONITOR,1*1,0
HGLHLG,BUE TOUCH 5MG,1*1,0
BUE,BUE-TOUCH 10MG,1*1,0
ZGAJH,CHEST LEADS,1*1,0
GJHG,CIRCA VALIDIO GLUCOMETER,1,0
DHGCHJ,CONTROL D NEBULIZER,1*1,0
FJKLDB,COVID 19 TEST KIT,1*1,0
CBDCCF,CRAPE BANDAGE 10CM,1*1,0
FFFCRA,CRAPE BANDAGE 4INCH,1*1,12
DFBBBN,CRAPE BANDAGE 8CM,1*1,0
SDKBBB,CREAPE BANDAGE 15CM,1*1,0
CHDGHG,CUTICEEL C 10*30,1*1,0
JHHTHT,D TOUCH 100MG,1*1,0
DELKFH,DELICA PEN DEVICE,1*1,0
IUIHY,DELUX GADI TENT,1*1,0
DADSFF,DIABASCAN LANCETS ROUND,1*1,0
SFLNGG,DIGITAL,1*1,0
HICKS,DIGITAL THERMOMETR,1'S,0
HFGF,DISINFECTANT SPRAY,1*1,0
FJJFNV,DISPOVAN NEEDLES 18,1*1,0
GYWFD7,DR HOME COMPRESSOR,1*1,0
JKGKLJ,DR HOME COMPRESSOR,1,0
UIFDHF,DR HOME DIGITEL,1,0
GYU,DR MOREPEN BPONE BP,1*1,0
HDFGHL,DR MOREPEN VAPORIZER,1*1,0
DLHHFF,DR TRUST INFRARED,1*1,0
GYTUKJ,DR TRUST MANUAL BREAST,1*1,0
DR,DR TRUST NEBULIZER,1*1,0
DRDLKG,DR TRUST OXYMETER,1*1,0
BDJHG,DUCK PILLO,1*1,0
JHSJHG,EASYFIT BABY DIAPERS ALL,1*5PACK,0
DJFHHL,ECG LEADS,1*1,0
WRFDVV,ECO BATH WIPES,1*1,0
ASBBVC,FACE MASK 3M,1*1,0
HFKHHL,FACE MASK BLACK,1*1,0
FDGGLH,FACE MASK KIDS 10S PACK,1*10,0
FACEFF,FACE MASK ONN,1*1,0
NFBHKS,FACE MASK [3PLY],1*1,0
JGSDKB,FACE MASK(DYCA),1*1,0
FEHHFF,FACE MASK(VENUS),1*1,0
FALHFF,FACE MASK(WELLVION),1*1,0
FHSFGN,FACE SHIELD,1*1,0
MNGBJH,FIX PILLO MAT,1*1,0
NEGFYE,FLAMINGO COMMODE STOOL,1*1,0
NVBDZG,FLAMINGO HOT & COLDPACK,1*1,0
BZGFA,FLAMINGO ORTHO HEAT BELT,1*1,0
VYGDU,FLAMINGO SCROTAL SUPORT L 1*1,,0
DFKGBK,FOLEYS CATHER SILICON 12,1*1,5
FOLEYS,FOLEYS CATHER SILICON 16,1*1,5
FVDFA,FOLYCATHER 3WAY,1*1,0
JKGDKG,FRIENDS ADULT DIAPERS LAR 1*10,,0
FJDHLF,FRIENDS ADULT DIAPERS XXL 1*10,,0
HHSK,FUNCTIONAL KNEE SUPPORT,1,0
GJFFGH,G RESS SWIMMING PROOF,1,0
HFHHGF,GAUZ SWABS,1*1,0
GFFHFK,GDRESS 10CM,1*1,0
GHKGHG,GDRESS 15CM,1*1,0
GHAGAG,GDRESS 20CM,1*1,0
SUYUSU,GDRESS 25CM,1*1,0
SSUDYA,GDRESS 30CM,1*1,0
GDASDA,GDRESS 5CM,1*1,0
BSFDFS,GIGA SEPT CIDEX 1LIT,1*1,0
BFJFJS,GLYCINE 3000ML,1*1,0
GOMINI,GOMINI ELECTRIC BREST,1*1,0
HLHLHG,GUBB TRAVEL SLEEPING KIT,1*1,0
HJFGJK,GUBB TRAVEL SLEEPING MASK 1*1,,0
JHFHFI,H B PILLO,1*1,0
HFGEU,HANDLE SIPPER,1,0
HHSG,HARD COLLAR,1,0
JGHUI,I-CAN POUCH PACK,1*1,0
LEHHFF,INFRARED,1*1,0
BIEHHE,IV SET (SAFETY),1*1,562
GHV,KAREIN ADULT DIAPERS ALL,1*10,0
NBB,KAREIN O.N DIAPERS ALL,1*10,0
GFKUF,KAREIN UNDERPADS 10,1*10,0
FKJGHF,KITCHEN GLOVES,,0
KJHFDK,LEUKOBAND 10CM,1*1,0
HG8,LL BABY COMB & BRUSH SET,1*1,0
HGUY,LL BABY COMB TRAINING,1*1,0
JHUIG,LL BABY GROOMING SET 4PCS 1*1,,0
YTE,LL BABY TOOTH BRUSH,1*1,0
YTWF,LL BABY TOOTH SET ELEGANT 1*1,,0
UGY766,LL BREST PADS,1*1,0
YTFTY,LL ELECTRICAL ADORE,1*1,0
JHI,LL ELECTRICAL BRESTPUMP,1*1,0
GHFYT,LL MANUAL BRESTPUMP,1*1,0
JHH,LL MANUAL MEDICIAN FEED,1*1,0
LLE,LL NOSE CLEANERS,1*1,0
GHFFY,LL WASHABLE BRESTPADS,1*1,0
BVDASR,LP NEEDLE,1*1,0
TLTUKT,LUMBO SACRAL BELT,1,11
KLHFDH,LUVLAP NEW BORNDIAPERS,1*10,0
FKLHLG,LUVLAP BABY PANTS,1*10,0
MSDJGH,MEROSILK,1*1,0
MERTLJ,METROZAP 100ML,1*100ML,0
DSUHGH,MGRM ARM SLING POUCH,1*1,0
KLDFJJ,MY CURE THERMOMETER,1*1,0
HDBFKG,N95 KIDS MASK,1*1,0
FKLJHF,N95 MASK 10S,1*1,0
TRRFFB,NEBULIZER MASK ADULT,1*1,3
DDHFBB,NEBULIZER(LIFE O LINE),1*1,0
KDBJKG,NICO TOUCH 14MG,1*1,0
KNLHLJ,NICO TOUCH 21MG,1*1,0
FLHHHH,NICO TOUCH 7MG,1*1,0
NUGBBJ,NICOTOUCH 21MG,1*1,0
IDFYFG,NIRLYTE P,1*1,0
KDUID,NS 3%,1*100ML,0
VCJFWR,NS 3000ML,1*1,0
FHWTW,OMNIVAN 10CC,1*1,0
IOPJLN,ONCALL GLUCO METER,1*1,0
ORAL,B ORAL BRUSH,1*1,0
FHHGHL,PAPER PALSTER 3INTCH,1*1,0
IOSDHJ,PHILIPS AVENT BOTTLE,1*1,0
SDKJBG,PIGEON ELECTRICAL BRUST,1*1,0
HFLHGH,POLYMED BURRET SET,1*1,0
KLFJUI,POWDER PUFF BIG,1*1,0
GHFW,PROVA HOT AND COLD GEL,1*1,0
FHHFNF,PULSE OXYMETER(OMRON),1*1,0
FKJHFB,RAPID KIT,1*1,0
SDVLKN,ROLLER BANDAGE 10CM,1*1,0
ELFHFN,ROLLER BANDAGE 5CM,1*1,0
FGFSD,SANITIZER 50ML,1*50ML,0
GAW,SENSODYNE TOOTH PASTE,1*70GM,0
SHL11,SHOULDER PULLY,1,0
JMGJHD,SLEEPING BAG,1*1,0
JHGTJH,SOFT COLLAR,1,6
KLLHLH,SPECIAL BANDAGE 15CM,1*1,0
DJKHFK,SPIROMETER (POLYMED),1*1,0
DDJFGF,STERILIUM 100ML,1*1,0
STE11,STERILLIUM 500ML,500ML,0
UYGF,STERIMASK FACE,1*1,0
SDH,STERLEIUM,1*1,0
STRECH,STRECHINGS,1*1,0
GVD,STRIMASK FACE,1*1,0
DFJHFB,TEGADERM 6CM*7M,1*1,0
NFLHFF,TEGADERM PLASTER 10*8,1*1,0
T405,THERMOMETER MERCURY,1,10
GFY,THERMOMETER MERCURY OVEL,1*1,0
A040,THERMOMETER [PERFECXA],1*1,0
GQR,THERUPTOR,1*100ML,0
SDLHDF,THERUPTOR 500ML,1*500ML,0
RUGNGG,THERUPTOR 5LTR,1*1,0
JHSHE,THUMB SPICA SPLINT,1,0
LIRTHH,TOP O PLASTER,1*1,0
JUJGS,TOY BUDDY,1*1,0
MGDK,TOY TEDDY,1*,0
TRAN,TRANSPA 1/2 TAPE,1*1,0
SDBJGB,TRUCHEK NEBULIZER,1*11,0
DUFHJK,TRUCHEK UNDERPADS,1*1,0
TRUSEA,TRUSEAL,1*1,0
YTRGKK,TYNOR KNEE IMMOBILIZER,1*1,0
GKJHKG,TYROBRAND,1*1,0
JHJGR,URINE POT,1*1,0
SFHBFG,VAPOPRES VAPORIZER,1*1,0
DVKJGJ,VELSOFT FR 10*10,1*1,0
GKGKG;,VICKKY LS BELT,1*1,0
CKGVKG,VISSCO ABDOMINAL BELT,1*1,0
FHLHHG,VISSCO ANKLER,1*1,0
VUGDFF,VISSCO ARM SLING POUCH,1*1,0
KGFKGK,VISSCO CERVICAL COLLER,1*1,0
GCVKGV,VISSCO CERVICAL PILLOW,1*1,0
KHFJHH,VISSCO CLAVICAL BRACE,1*1,0
DHCGKG,VISSCO DVT STOCKINGS,1*1,0
DVBHVB,VISSCO ELBOW BRACE,1*1,0
JLDHFN,VISSCO EYE COOL SUPPORT,1*1,0
JJKGFD,VISSCO EYE MASK-(COOL,1*1,0
VBKGHV,VISSCO FINCTIONAL KNEE,1*1,0
VIHHVH,VISSCO FOREARM SPLINT,1*1,0
EFVISS,VISSCO HAND EXERCISER,1*1,0
VJHGGK,VISSCO HEATING PAD MINI,1*1,0
SDSSCO,VISSCO HEATING PAD,1*1,0
VJGHKH,VISSCO HEATING PAD XL,1*1,0
VISHCH,VISSCO HEEL CUSHION,1*1,0
VJKVGK,VISSCO HEEL PROTECTOR,1*1,0
DKJKJK,VISSCO HOT COLD GEL,1*1,0
VUIOHK,VISSCO KNEE BRACE LARGE,1*1,0
GKGHKF,VISSCO KNEE BRACE MEDIUM,1*1,0
VLHVVV,VISSCO KNEE BRACE SMALL,1*1,0
VJGKDG,VISSCO KNEE BRACE XL,1*1,0
HFDGKF,VISSCO KNEE BRACE XXL,1*1,0
VHVHHV,VISSCO KNEE BRACE XXL,1*1,0
VVLHLJ,VISSCO KNEE CAP,1*1,0
VISAHD,VISSCO LS BELT,1*1,0
JHLHFG,VISSCO ORTHO BACK REST,1*1,0
VISSCG,VISSCO ORTHO CUSHIONED,1*1,0
FHHHHG,VISSCO ORTHO SUPORT COOL,1*1,0
JFGKHG,VISSCO PLATINIUM,1*1,0
VIHILH,VISSCO RIB BELT,1*1,0
BFGFJ,VISSCO ROUND PILLOW,1*1,0
VKLJHV,VISSCO SHOULDER,,0
DGFKGF,VISSCO SILICON INSOLE,1*1,0
VUIDFD,VISSCO STERINAL BRACE,1*1,0
VJGKVG,VISSCO STOCKINGS 12%,1*1,0
JFJFJF,VISSCO STOCKINGS 5%,1*1,0
HGJGGJ,VISSCO TENNIS ELBOW,1*1,0
VHOVHV,VISSCO THUMB SPLINT,1*1,0
VISSGF,VISSCO WALKER WHEEL,1*1,0
VIHSGH,VISSCO WALKING STICK,1*1,0
VLJHLH,VISSCO WALKING STICK,1*1,0
HFHLFJ,VISSCO WALKING STICK,1*1,0
JJFKGH,VISSCO WALKING STICK,1*1,0
DHLHLF,VISSCO WRIST BINDER,1*1,0
KDJHFK,VISSCO WRIST BRACE,1*1,0
VGGGJK,VISSCO WRIST SPLINT,1*1,0
QWFUHF,WHEEL CHAIR,1*1,0
JHFGW,WRIST WRAP,1,0
BHJGFS,X TRACT REMOVER,1*1,0
JHCGYH,Y SANITIZER,1*50ML,0
GHGFHD,Y SANITIZER SPRAY,1*140ML,0
GLOIL,GREEN LEAVE HAIR OIL,100ML,0
AP1.25,ADHESIVE PLASTER 1.25CM,1'S,0
AP2.5,ADHESIVE PLASTER 2.5 X 1M 1'S,,0
PAN4,PANVAN-40,10'S,0
SIFIXI,SI-FIXIM XL 200 TABS,10'S,0
CA651,CALPANTO PLUS TABS,10'S,0
CLOFET,CLOFERT MAX TABS,55'S,0
D257,DOXINATE TABS,30`S,180
E180,ELFERRI XT CAPS,10'S,0
ENCL5,ENCLOFERT 50MG TABS,5'S,0
FLOR1,FOLERA MD CAPS,15'S,0
GY44,GYNOTRIM KIT,4'S,0
LBETCT,LIBEROCAL CT CAPS,1*10,0
MM91,MOMPLAN POWDER,200GM,0
OVI1,OVIPAUZ L TABS,21'S,0
OLIV1,OLIVE OIL,100ML,0
OLI,OLIVE OIL,200ML,0
HDUQH,ACNESOL A NANOGEL,1*15GM,1
JKAH,AF K LOTION,1*60ML,0
JEGYGE,DAILY IRON TAB,1*10,0
KETQYW,LEVISIZ TAB,1*15,0
OTP,LOBAZAM MD 10MG,10 S,0
HGHFG,M-SYS OINTMENT,1*10GM,0
ORT,ORTHOZEN 250ML,250ML,0
ORTH1,ORTHOZEN OIL,500ML,0
UYWDQW,SALTOPIC LOTION,30ML,0
DEL30,DEFLAN 30MG TABS,10'S,0
DEFLAN,DEFLAN 6MG TABS,10'S,0
OIQWR,L-SYS LOTION,30ML,8
RDSR,RABIMOR-DSR CAP,1*10,0
CALBS,CALB SYRUP,200ML,0
NT,GAB GABASCORE NT,10'S,20
UFEIUU,BREVIPIL 25MG TAB,1*10,30
JIYWTY,ETOS P TAB,1*10,0
VFSJW,TENEFIT-M TAB,1*15,0
SXYDGJ,PUBERGEN HP IU 2000,1*1,0
A103,ACNESOL GEL,20GM,3
A104,ACNESOL LOTION,30ML,0
AF150,AF 150 TAB,1'S,0
AF200,AF 200MG TABS,1'S,0
AF50,AF 50MG TABS,4'S,0
AF-4,AF-400MG TAB,2X5X1,0
A109,AMCARD AT TABS,1*15,105
CILDAY,CILDAY 10,10'S,400
CYER2,CYMET ER 25MG,10'S,0
CYER,CYMET ER 50MG,10'S,30
CYPLUS,CYMET PLUS 50/5,10'S,90
CYR40,CYRA 40MG TABS,10'S,0
CY19,CYRA D CAPS,10'S,790
1CYRA,CYRA IT CAPS,10,0
CYRA,CYRA LS TAB,10,30
DAPA10,DAPAGAIN 10 MG TAB,15'S,15
DAPA5,DAPAGAIN 5 MG TAB,15'S,0
ETO9,ETOS 90MG TABS,10'S,0
ETMR,ETOS MR,10'S,140
GIF,GIFTAN HC TABS,10'S,70
JKHGKH,H VIT HAIR TAB,1*10,0
HVK1,H-VIT FORTE TABS,10'S,0
DJKBJJ,HALOSYS S LOTION,1*5ML,1
HALS1,HALOSYS S OINT,15GM,1
ISMF1,ISRYL M1 FORTE TABS,10'S,100
ISRY1,ISRYL M1 TABS,15'S,525
ISY2,ISRYL M2 TABS,15'S,420
ISM2F,ISRYL M2 FORTE TABS,10'S,60
ISM3,ISRYL M3 FORTE TABS,10'S,0
ITY200,ITRASYS 200MG CAPS,4'S,0
K013,KINETO DP TABS,10`S,0
LSYS,L-SYS CREAM,50GM,2
LKDJKD,LEVOSIZ 10MG TAB,1*15,340
LEVOS1,LEVOSIZ TABS,15'S,585
ME121,ME 12OD TABS,10'S,0
ME,12 ME-12 INJ,1ML,0
NAN21,NAC NANO GEL,25GM,0
NC45,NAC PLUS TABS,10'S,0
NEW1,NEWTEL 40MG TABS,10'S,80
NEWIEE,NEWTEL AMH TAB,1*10,300
NEWB,NEWTEL BETA 25 MG TAB,10'S,170
SKY,NEWTEL BETA 50MG TRB,10'S,310
NEW3,NEWTEL CH40MG TABS,10'S,100
NEW,NEWTEL CIL TAB,,100
IGD1IW,NIDAGEN SR 200MG,10S,0
NORC1,NORMAXIN CC TABS,15'S,0
NORR1,NORMAXIN RT CAPS,10'S,0
BFHSBF,ORVAS 10MG TAB,1*7,0
OR41,ORVAS 10MG TABS,10'S,0
PIO15,PIO M15 TABS,15'S,0
PIOS15,PIOSYS 15MG TABS,30'S,0
ROSY,ROSYS 10 MG TAB,10'S,200
ROS,ROSYS-FT 10,15'S,45
FLKJHL,SALTOPIC OINT 30GM,1*30G,0
SYS21,SYSFOL ACTIVE CAPS,10'S,0
SYSFOL,SYSFOL TAB,30'S,0
S711,SYSRON N TABS,10'S,0
ASHFWE,SYSRON-NCR TAB,1*10,0
S430,SYSTAFLAM GEL,25GM,5
SYS50,SYSTAFLAM GEL,50GM,2
S091,SYSTAFLAM MR TABS,10`S,0
TENF20,TENEFIT 20MG TABS,1*15S,0
FGKLHL,TERBEST 500MG TAB,1*7,0
TRB10,TERBEST CREAM,15GM,0
TRB1,TERBEST TABS,7'S,0
T042,TOPINATE CREAM,30GM,1
T043,TOPINATE CREAM,10GM,0
DFHLHF,TOPINATE AL CREAM,1*30GM,0
TOP,TOPINATE SOLUTION,1,1
TOPISA,TOPISAL 6% LOTION,60ML,1
TOP.,TOPISAL 6% LOTION,30ML,1
TOPI,TOPISAL 6% OINT,20GM,0
EIOJGG,TOPISAL MF 3% OINT,1*30GM,0
TOP1T,TOPISOL 3% LOTION,30ML,1
TOP03,TOPISOL 3% OINT,30GM,3
TPD,TOPP-D,10'S,870
VH3,VH 3 CAPS,3'S,0
VOGGM,VOGS GM 1/0.3,10'S,0
VGM2,VOGS GM 2/0.3,10'S,0
VOGGS1,VOGS GM1 TAB,15'S,285
VOGS1,VOGS GM2 TABS,15;S,285
VM2,VOGS M 0.2,10'S,40
VG3,VOGS M 0.3,15S,155
HFHF,LUCKYFER XT TAB,1*10,0
MU1L1,MULTITAG CAPS,10'S,0
JHFFFF,SIMILAC PLUS 1 POWDER,1*400G,0
BJHSDV,SURBEX CV TAB,1*15,0
ZAVA,ZAVAMET DP 100/1000/10,10;S,20
Z135,ZINCRON PLUS CAPS,15`S,0
HYUSSJ,BECOBANK FORTE TAB,1*10,0
CALD2,CALDURE TABS,15'S,0
FLOW9,FLOWFIT CV TABS,10'S,0
GEEP1,GEEPRIM 1MF FORTE TABS,10'S,0
GEE1,GEEPRIM 1MF TABS,10'S,0
GEEP2,GEEPRIM 2MF FORTE TABS,10'S,0
GEE2,GEEPRIM 2MF TABS,10'S,0
JFJFJG,METTEL 40MG TAB,1*10,0
MET22,METTOP AM TABS,10'S,70
MEE25,METTOP XL25MG TABS,10'S,0
ME50,METTOP XL50MG TABS,10'S,40
JFUWEG,NERVPACE CAPS,1*10,0
PAND21,PANDURE 40MG TABS,10'S,0
EMA,QHEART 20MG TABS,10'S,30
QHEAR,QHEART 40H TABS,10'S,30
QHE,QHEART 40MG TABS,10'S,0
QHER1,QHEART H20 TABS,10'S,0
QNERV9,QNERVE SR TABS,10'S,20
FKJHGG,THIOTAB 4MG TAB,1*10,0
TQ32,TQRAB D CAPS,10'S,0
TRGH21,TRIGEEPRIM 1MG TABS,10'S,0
TG11,TRIGEEPRIM 2 TABS,10'S,0
NKDJKJ,VILDANEX M TAB,1*15,0
AMBD,AMBROLITE D SYRUP,100ML,0
A4788,AMBROLITE D SYRUP,60ML,0
ABR1,AMBROLITE LEVO SYRUP,100ML,0
A729,AMBROLITE S SYRUP,100ML,0
A728,AMBROLITE SYRUP,100ML,0
AST11,ASTYFER XT TABS,1*15,0
A499,ASTYFER Z CAPS,30'S,0
A328,ASTYMIN 3 AMP,1*20ML,1
A329,ASTYMIN 3 AMP,200ML,3
A328,ASTYMIN 3 AMP,1*20ML,5
A330,ASTYMIN C DROPS,15ML,2
ASTY,ASTYMIN LIQUID 200ML,200ML,2
A530,ASTYMIN M FORTE CAPS,1*15,15
AST100,ASTYMIN SYRUP,110ML,0
A615,ASTYMIN SYRUP,110ML,0
JASGSD,ASTYMIN Z FORTE CAP,1*20,0
BIFLC,BIFILAC CAPS,10'S,0
BIP,BIFILAC HP CAP,1X10S,0
BIF,BIFILAC SACHETS,0.5GM,0
BIFI1,BIFILAC SYRUP,100ML,0
KGFJDU,DOWNLOAD POWDER,1*180GM,0
ECFO,ECOFLORA CAPS,1X10'S,0
ECFOR,ECOFLORA CAPS,30'S,0
ENLIDE,ENLIDE TAB,10'S,0
FERTM,FERTIHOPE-M TAB'S,10'S,0
FEVAST,FEVASTIAN AMP,1,50
GRI,GRIBEL-CZ TAB,10;S,0
HPZ,HAPENZ SYRUP,200ML,0
LAKT21,LAKTRUM POWDER,50GM,0
NIN1,NINEFOL TABS,10S,0
P448,PEGLEC POWDER,1'S,0
SAE1,SAFELAX SACHART,17.1GM,0
THEL1,THELUXIN C SACHETS,10.7GM,0
FKDJJK,TUMMY SOFT DRY SYP 50ML,1*50ML,0
AS11,AMIN 5MG TABS,10'S,0
AMN11,AMIN AT TABS,10'S,0
BIOF9,BIOTEE FORTE TABS,10'S,0
BIP3,BIOTEE PLUS10 TABS,10SS,0
CUTEE,CUTE E400MG TAB,10'S,0
ESC3,ESCITALENT PLUS TABS,10'S,0
EZL31,EZOLENT 1MG TABS,10'S,0
EZL11,EZOLENT PLUS TABS,10'S,0
OKNZ,KONAZ CREAM,15G,0
VHSGHF,KONAZ SOAP,1*75GM,0
KON,KONAZ-CT 50ML LOTION,50ML,0
KNZ,KONAZ-ZP LOTION,1X50ML,0
MESA,METASONE PLUS CREAM,15G,0
MOI,MOIZTAL 100GM CREAM,1,0
DJLFND,MOIZTAL 50GM CREAM,1*50GM,0
RAVE3,RAVE 3 SYRUP,200ML,0
RAVE,RAVE 3 TABS,10'S,0
DJHFLH,RAVIRON XT TAB,1*10,0
FKGHKH,REMOIZ 100GM CREAM,1*100G,0
RETWYT,REMOIZ MOISTURIZING CREAM 1*1,,0
RESP1,RESPIVIT CAPS,10'S,0
STEP1,STEP UP DROPS,15ML,0
B188,BETAB.50MG,,0
MATI,MATIZ PLUS TAB,15;S,0
BECPC,BECOPLEX FORTE TABS,15'S,0
TEDDYG,TEDDY BABY PANTS (L),1,0
TEDDY,TEDDY BABY PANTS (M),1,0
TEDSDH,TEDDY BABY PANTS (XL),1,0
FHI,TEDDY BABY PANTS ALL,1*1,0
IOYHY9,TEDDY BABY PANTS PREMIUM,1*1,0
FKNVIH,TEDDY BABY PANTS SMALL,1*1,0
CETC,CETCIP COLD TABS,10'S,0
COFQT,COFQ TABS,10'S,0
COFS,COFSILS LOZEGENGS,10;S,580
FENAK,FENAK VIAL,30ML,0
FOUR,FOURDERM OINT SMALL,5GM,5
FOUR10,FOURDERM ONT BIG,10MS,4
NICD,NICIP D CAP,10'S,0
C595,CLARIBID DS 250MG SYRUP,30ML,0
VANCO,VANCOMYCIN 500MG VIAL,1'S,0
CLM625,CLAMP 625MG TAB,8'S,0
D567,DICYNENE 500MG TABS,10'S,0
E2082,ESOMEZ 40MG TABS,10'S,0
K067,KETOROL AMP,1`ML,0
N472,NIAP TABS,10'S,0
N227,NORILET 400MG TABS,10'S,0
RE45,REFLUX FORTE TAB,8'S,0
S693,SALICYLIX SF6 OINT,30GM,0
T231,TROSPA 80MG TABS,10`S,0
BISYP,BISMOSOL SYP,100ML,0
753,NIMULIN TAB,10S,0
PIOF15,PIOFIX 15 TAB,10'S,0
PFMF15,PIOFIX MF 15 TAB,10'S,0
M575,MIXTARD 50 HM NOVILET,3ML,0
BA10,BANDAGE 4 INCH,10'S,0
P634,PARAD TABS,60'S,0
EMAL,E-MAL VAIL,10ML,0
E399,EMAL AMP,3,212
RAB11,RABIPRO DSR CAPS,10'S,0
RT-S,RT-SUNATE INJ,1'S,72
6,ZEFORMIN XR 30,10S,0
7,ZEFORMIN XR 60,10S,0
HIFENA,HIFENAC SPAS TABS,10'S,20
M110,METACIN TABS,10'S,0
RCD,RABICIP D CAPS,15'S,0
SPD,20 SOMPRAZ D 20,1*15,30
P660,PC-8 TABS,10`S,0
MIFIX,MIFIX CV 325 TABS,6'S,0
CALC9,CALCIONE D TABS,10'S,0
D3SH1,D3 SHINE 60K TABS,10'S,0
FER01,FERINOR XT TABS,10'S,0
HYG99,HYGINIUM LIQUIDE,500ML,0
NEUP1,NEURONE PLUS TABS,10'S,0
NFS,NOFLAM S TABS,10'S,0
PREO1,PREGAONE CAPS,10'S,0
UTI,UTI STAT TAB,4'S,0
TISDSJ,TIDE LIQUIDS ALL,ALL,0
QGFIOJ,AHAGLOW MOISTURIZING,50GM,0
SDFJKS,DOMSTAL NP 500 TAB,1*10,0
FWHFWE,GLUCRETA M 10+500,1*10,0
SCAL,SCALP VEIN SET 18 TOP,1'S,0
S20,SCALP VEIN SET 20 TOP,1'S,0
S22,SCALP VEIN SET 22 TOP,1'S,0
S23,SCALP VEIN SET 23 TOP,1'S,0
A907,ARM SLING MEDIUM,1'S,3
D5696,DYNA KNEE BRACE SPE ALL,1'S,0
ACY,ACYCLOSURE TH PLUS TAB,10;S,300
DDFFGG,ADFRAR 40 PFS,1*1,0
AFO1,AFOGLIP 20,15'S,0
AFNFNG,AFOGLIP M 1000MG TAB,1*15,0
AFO2,AFOGLIP M 500,15'S,0
AHGA10,AHAGLOW FACE WASH 100G,1*100G,1
JDHFHH,AHAGLOW FACE WASH 200GM,1*200G,0
AG11,AHAGLOW FASE WASH,50GM,0
AHAG,AHAGLOW S FACE WASH,60ML,0
ASHADG,AHAGLOW SKIN CLENSER,125ML,0
ADGAHD,AHAGLOW SKIN CLENSER,250ML,0
AHAJGF,AHAGLOW SKIN REPAIR GEL,1*100G,0
KJBFKB,AHAGLOW SPF 50 LOTION,1*100ML,0
A267,ALPRAX 0.25MG TABS,15'S,15
A268,ALPRAX 0.5MG TABS,15'S,45
A839,ALPRAX PLUS TABS,10'S,0
ALT12,ALTIPOD 200MG TABS,10'S,0
AMA50,AMAZEO 50MG TABS,10'S,0
AHGFKG,AMAZEO OD 100MG TAB,1*10,20
AMA11,AMAZEO OD400MG TABS,10'S,0
AMP25,AMPOXIN 250MG,15'S,0
A272,ANTIDEP 25MG TABS,10`S,0
A273,ANTIDEP 75MG TABS,10`S,0
ARI,ARIP MT 10MG TABS,10'S,0
AM15,ARIP MT 15MG TABS,15'S,0
ARMT,3 ARIP MT 30MG TAB,1*15,0
ARIP,ARIP MT 5 TAB,10S,0
ARI20,ARIP MT20MG TABS,10'S,0
ARH9,ARKAMIN H TABS,30'S,0
A097,ARKAMIN TABS,30'S,420
ANOZAQ,ARNOZA 50MG TAB,1*10,0
A4749,ASTHAFEN SYRUP,60ML,0
A275,ASTHAFEN TABS,10`S,0
ATL40,ATLURA 40 TAB,10'S,0
ATU80,ATLURA 80MG TABS,10'S,0
AT,ATOGLA LOTION 100ML,1,4
AX49,AXETEN 40MG TABS,10'S,0
A4814,AZUKON M TABS,10'S,80
AZ.T,AZUKON TAB,10'S,0
AZU1,AZULIX 1MF FORTE TABS,10'S,0
AZUL,AZULIX 1MF TABS,15'S,15
AZUL1,AZULIX 1MG TABS,10'S,0
AZL2,AZULIX 2MF FORTE TABS,15'S,0
AZL2MF,AZULIX 2MF TABS,15'S,30
AZUL2,AZULIX 2MG TABS,10'S,0
AZUL3,AZULIX 3MF FORTE TABS,10'S,0
DFJJGH,AZULIX 3MF TAB,1*10,0
AUL,AZULIX 3MG TABS,10'S,0
AZL1,AZULIX 4 TABS,10'S,0
SKFHBF,AZULIX 4MF FORTE TAB,1*10,0
ASJFJF,AZULIX MV 1/0.2MG TAB,1*10,0
AZUL;I,AZULIX MV 1/0.3MG TAB,10'S,0
AXM2/2,AZULIX MV 2/0.2,1*10,0
46,BALACOL CAPS,10'S,0
B322,BETACARD 25MG TABS,14`S,42
B228,BETACARD 50MG TABS,14'S,30
BETH,BETACARD H TAB,10'S,0
DGFKFD,BRITIZILAM 25MG TGAB,1*14,0
BRIT10,BRITZILAM 100MG TAB,15S,0
BRT50,BRITZILAM 50MG TAB,14,0
C346,CALCIGARD 10MG CAPS,10'S,100
C345,CALCIGARD 5MG CAPS,10'S,0
C348,CALCIGARD RET 10MG TABS,15'S,115
C347,CALCIGARD RET 20MG TABS,10'S,0
CALF/,CALFLASH 1000MG TABS,10'S,0
C349,CARBATOL 100MG TABS,10'S,0
C350,CARBATOL 200MG TABS,10'S,0
C1085,CARBATOL CR 200MG TABS,10'S,0
CAR4,CARBATOL CR 400MG TAB,1X10'S,0
CA15,CARIQUEL 1.5 MG,10'S,0
CARN21,CARNISURE PLUS TABS,10'S,0
CHVHJC,CARNISURE XT TAB,1*15,0
FQWFII,CESTEL 30 TAB,21*S,0
CH23,CHANGE TABS,10'S,0
C167,CHYMORAL FORTE TABS,20'S,160
LCLONO,CLONOTRIL 0.25MG TAB,15'S,45
CL,CLONOTRIL-1 GM,15'S,30
CLONO,CLONOTRIL-2,15'S,30
C1059.,CLOTAN CAPS,10'S,0
COBD,COBASOFT OD CAP,10S,0
COLO1,COLONISE FORTE TABS,10'S,0
COOL.,COOLGUT CAPS,10'S,0
C355,CORDARONE 100MG TABS,1*15,45
DF30,DEFLAZEN,6'S,0
DEM12,DEFLAZEN 6 TABS,6'S,0
DP,0 DEPAKOTE XR250 TABS,15'S,0
DP,2 DEPAKOTE XR500 TABS,15'S,0
DEPL2,DEPLATT 150MG TABS,10'S,0
D738,DEPLATT 75MG TABS,15'S,75
DEA150,DEPLATT A 150MG TABS,1*15,75
DEA75,DEPLATT A 75MG TABS,15'S,75
DEPIOA,DEPLATT AV 10MG TAB,1*10,0
DEPLAT,DEPLATT CV 40 TAB,10'S,30
DEPC,DEPLATT CV CAPS,10'S,220
DEP11,DEPLATT CV20 CAPS,10'S,35
1DR21,DERMANEX CREAM,30GM,0
"DEW.,",DEWSOFT CREAM,50GMS,0
DERBAS,DEWSOFT LOTION 100ML,100ML,0
DBT1,DIBETA GB TABS,10'S,0
DIBSR1,DIBETA SR 1000MG TABS,10'S,0
D5817,DIBETA SR 500MG TABS,10'S,0
DITR,DIBETA TR 1GM TAB,10X10S,0
D228,DICLOGESIC TABS,10'S,0
D230,DILZEM 30MG TABS,15`S,135
D231,DILZEM 60MG TABS,10`S,0
D713,DILZEM CD 120MG CAPS,10'S,30
D232,DILZEM CD 90MG TABS,10'S,30
DIL11,DILZEM GEL,30GM,0
DILZSR,DILZEM SR 90MG TABS,15'S,45
DSJKSD,DOMADOL PLUS TAB,1*10,0
D233,DOMSTAL 10MG TABS,10'S,280
D758,DOMSTAL 5MG DT TABS,10`S,0
DM44,DOMSTAL BABY DROPS,15ML,2
DOMD,DOMSTAL DT 10MG,1*15,0
DOMEO,DOMSTAL O CAPS,15'S,0
D5672,DOMSTAL RD CAPS,10'S,0
D234,DOMSTAL SYP 30ML,30ML,4
DROXYL,DROXYL 250 DT TAB,10'S,80
D236,DROXYL 500MG TABS,10`S,100
DYC100,DYCOTIAM 100MG TABS,10'S,0
VFHDSF,DYDROPREG TAB,1*10,0
EDAV1,EDAVON INJ,1.5MG,0
ELF3,ELCA FORTE TABS,10'S,0
ELE3,ELMECOB LC TABS,10'S,0
ENS,EMPHA L 10,10'S,30
ERWEGG,ENCELIN M 50/1000 TAB,1*10,0
HFHLJJ,ENCELIN M50/850MG TAB,1*10,0
ENZH2,ENZAR HS TABS,10'S,0
ESAM12,ESAM 1.25 TABS,10'S,0
ESAM25,ESAM 2.5MG TABS,10'S,50
ESAM5,ESAM 5MG TABS,10'S,0
ESAM,ESAM AT TAB,10'S,0
ESLL1,ESLIFY 400MG TABS,10'S,0
ESL32,ESLIFY 600MG TABS,10'S,0
ESPL,ESPERAL TAB,10'S,0
ETF1,ETOFREE P TABS,10'S,0
E456,EUREPA 0.5MG TABS,10'S,0
E457,EUREPA 1MF TABS,10'S,0
EUR11,EUREPA 1MG TABS,10'S,0
E458,EUREPA 2MF TABS,10'S,0
EUR1,EUREPA 2MG TABS,10'S,0
FES10,FELIZ S 10MG TABS,10'S,110
FEL11,FELIZ S 5MG TABS,10'S,0
FELZ1,FELIZ S EZ10MG TABS,10'S,0
FELEZ5,FELIZ S EZ5MG TABS,10'S,0
FE121,FELIZ S PLUS 5 TABS,10'S,10
FSPLUS,FELIZ S PLUS TABS,1*15,45
FELIZ2,FELIZ-S 20MG,10'S,10
FEXU,FEXUCLUE TAB,10'S,60
FIT1,FIBOTAB TAB,10'S,0
FINT,FINAST-T CAPS,30'S,0
GHREG,FLECARITE 50MG TAB,1*10,0
F384,FRAXIPARINE 0.3ML INJ,2'S,0
F420,FRAXIPARINE 0.4ML INJ,,0
F556,FRAXIPARINE 0.6ML AMP,2'S,0
F152,FUNGICIDE 200MG TABS,10'S,0
FNG,FUNGICIDE LOTION,50ML,0
GANT,GABATOR NT TABS,10'S,0
GEL,GEMITROL CAP,15S,0
GEK9,GEMITROL KIT,6'S,0
CGEMIT,GEMITROL NS SPRAY,1,0
GA,GIBTULIO SM 25/1000,10S,30
GLOG1,GLOGEOUS FACE WASH,100GM,0
G104,GLUCOMOL 0.5% EYE DROPS,5ML,13
GLUL5,GLUCRETA L 5/10 TABS,10'S,40
GLUALM,GLUCRETA LM 500 TAB,10'S,20
GHFYJE,GLUCRETA M 10+1000 TAB,1*10,0
I2Y3DI,GLUCRETA TAB,1*10,0
JHAI2,HAIRJOY 2% LOTION,60ML,0
HAIJ1,HAIRJOY 5% LOTION,60ML,0
HGKFFF,HAIRJOY FOAM,1*60ML,0
HALS9,HALONOVA S CREAM,15GM,0
HERP1,HERFACE TABS,21'S,0
HERR,HERFEM S 100MG INJ,5ML,0
H011,HERPEX CREAM,5GM,0
H112,HERPEX TABS,10'S,0
H382,HERPEX800(HERPERAX)TABS,5'S,0
HER11,HERVOTE TABS,21'S,0
HQT400,HQTOR 400MG TABS,10'S,0
HQT,HQTOR TABS,10'S,0
H059,HUMAN ACTRAPID 40IU/1ML,10ML,4
H057,HUMAN INSULATARD VIAL,1OML,3
IB13,IBSCIM TABS,10'S,0
BFDFH,IMEXTOR 1000MG TAB,1*10,0
JOM,JOINCERIN M CAP,10'S,0
KAIBE,KABVIE 20 TAB,10'S,20
LA100,LACOSAM 100MG TABS,1*15,30
HDLHLH,LACOSAM 200MG INJ,1*1,0
LAC50I,LACOSAM 50MG INJ,20ML,0
LA50,LACOSAM 50MG TABS,15,75
LASOMA,LACOSAM SYP,200ML,2
LM1,LAMITOR DT 100 TABS,1*15,45
L983,LAMITOR DT 25MG TABS,1*15,0
LADT,LAMITOR DT 50MG TAB,1*15,0
LAD,LAMITOR OD 100 TAB,1X10'S,40
LM22,LAMITOR OD 200 TABS,10'S,20
LAM50\,LAMITOR OD50 TABS,10'S,50
L1051,LEFRA 10MG TABS,10`S,50
L1052,LEFRA 20MG TABS,10`S,60
LEV75,LEVAZEO SR75 TABS,10'S,0
LEVM,LEVMORE TABS,10'S,0
L150,LICAB TABS,10`S,30
L292,LICAB XL TABS,10`S,270
DFHLJG,LINAXA 5MG TAB,1*10,50
LINA,LINAXA D 5/10 TAB,10;S,40
LINA5,LINAXA M 2.5/500 TAB,10'S,50
LNXR5,LINAXA M XR 5/500 TAB,10'S,20
DJKLFH,LINOX 600MG TAB,1*10,0
L153,LISTRIL 10MG TABS,15'S,0
L151,LISTRIL 2.5MG TABS,15`S,15
L152,LISTRIL 5MG TABS,15`S,30
L154,LISTRIL PLUS TABS,10`S,0
L209,LOPAMIDE TAB,10'S,0
LORSR,LORVAS SR TABS,10'S,0
L156,LORVAS TABS,10'S,0
LOZP,LOZAPIN-100,10'S,0
FHGGNG,LUMIVOID 15GM CREAM,1*15GM,0
MCT1,MACROTOR 500MG TABS,3'S,0
METO.,METOCARD AM TABS,10'S,0
MT22,METOCARD XL 100 TABS,10'S,0
METO,X METOCARD XL 12.5,10'S,0
MEX2,METOCARD XL 25 TAB,1X15S,30
METC,METOCARD XL 50,1X10S,65
M10,MODLIP 10MG TABS,15'S,0
M20,MODLIP 20MG TABS,10'S,0
MD46,MODLIP 40MG TABS,10'S,0
MODL1,MODLIP D10MG TABS,10'S,0
MODD2,MODLIP D20MG TABS,10'S,0
MOF,MODLIP F TAB,1X10S,0
MOD,MODLIP-ASG 75 CAPS,10'S,0
MOXIF,MOXIF 400MG TAB,"5,S",10
M951,MOXIF IV,10OML,0
NEBIA,NEBICARD 2.5MG TAB,15'S,120
NEBCT,NEBICARD 5MG TABS,10'S,30
NEBH,NEBICARD H TABS,15'S,0
NEBT,NEBICARD T,15'S,60
NEBIT,NEBICARD T TABS,10'S,0
FHSNGS,NEBICARD V TAB,1*10,0
NEBICA,NEBICARD-SM TAB,"1X10,S",0
N1603,NEXPRO 20MG TABS,1X15'S,600
N1614,NEXPRO 40MG TABS,1X15S,795
NEXF,NEXPRO FAST 40MG,1X10S,30
NEXF20,NEXPRO FAST20MG TABS,10'S,0
NEXHP1,NEXPRO HP KITS,1''S,12
MNENKE,NEXPRO IT CAP,1*10,50
NEJ1,NEXPRO JUNIOR SACHET,1GM,0
NEX11,NEXPRO L CAPS,10'S,190
NX12,NEXTOP 25 TABS,10'S,0
NEXT2,NEXTRIL 50MG TABS,10'S,0
N337,NIKORAN 10MG TABS,20'S,1
N336,NIKORAN 5MG TABS,20S,8
NIOD,NIKORAN OD 10 TAB,10'S,0
NOCK50,NOCKTUM 500 TAB,10'S,50
NOR800,NORMABRAIN 800MG TABS,10'S,0
NORMBR,NORMABRAIN SYP,100'ML,0
YQDLF,NORPREGALIN CAP,10*S,0
NU15,NUALA CAPS,10'S,0
D,OLEPTAL DT 150MG TABS,1X10'S,0
OLEDT,OLEPTAL OD 150MG TABS,"10,S",30
OLO,OLEPTAL OD 300 TAB,1X10S,40
OLEPTO,OLEPTAL OD 450MG TAB,10'S,0
OLO6,OLEPTAL OD 600 TAB,1X10S,80
PLL1\,OLEPTAL OD 900 TABS,10'S,0
OL,4 OLMETOR AM TABS,10'S,0
OLMT20,OLMETOR CH20MG TABS,10'S,0
OLME2,OLMETOR CH40MG TABS,10'S,0
OLMM50,OLMETOR M50MG TABS,10'S,0
OL,OLSART H20 TAB,10;S,30
FFGFGF,ONE UP GOLD D TAB,1*10,0
ONEG,ONE-UP GOLD TAB,10'S,60
JKLFDH,ONEUP GOLD D TAB,1*10,0
KUDFHU,OTRIVEL NASAL SPRAY,1*1,0
PAN2,PANSPEED 40 TABS,10X10S,0
PAND2,PANSPEED D CAPS,10'S,0
PA12,PARADISE XR 12.5,1X10S,0
PA25,PARADISE XR 25,1X10S,0
PAR37,PARADISE XR37.5MG TABS,10'S,0
PIO5,PIOPOD 15 TAB,10X10S,0
PD44,PIOPOD GM 1 TABS,10'S,0
P1P2,PIOPOD GM2 TABS,10'S,0
PRX1,PRAX 10MG TABS,10'S,0
PRR5,PRAX 5MG TABS,10'S,0
PRA75,PRAX A75 CAPS,10'S,0
PRYTUE,PREGABA D 75/20MG TAB,1*10,20
PD50/2,PREGABA-D 50/20MG TAB,10,0
PRGSDJ,PREGABA-D 75/30,10'S,0
PRE150,PREGALIN 50MG CAPS,10'S,30
PRE7,PREGALIN 75MG CAPS,15'S,60
PRED,PREGALIN D 50/20 TAB,10'S,60
PREGAL,PREGALIN D 75/20 CAP,10;S,0
PREGA1,PREGALIN FORTE75MG CAPS,10'S,0
PM7,PREGALIN M 75 CAP,15'S,165
PG41,PREGALIN M SR 75 TABS,1*15,0
PNTT,PREGALIN NT TAB,10,0
PRE,XR PREGALIN SR 150 MG TAB,10,0
P1R1,PREGALIN SR 75 CAPS,10'S,0
PR45,PREGALIN X 75 TABS,10S,0
PR30,PREGALIN X SR TABS,15'S,75
FGIOGJ,PREGATOR TAB,1*10,0
PREGB,PREGEB 150MG CAPS,10'S,0
PR7,PREGEB 75 CAPS,10'S,20
VMAS,PREGEB D 50/20 CAPS,10'S,30
JJGKG,PREGEB D 75/20,1*10,10
PREG7,PREGEB D 75/30,10'S,60
PREGF1,PREGEB FORTE CAPS,10'S,0
9R13,PREGEB M 150MG CAPS,10'S,0
PRM7,PREGEB M 75 TAB,15'S,15
PGR14,PREGEB M OD150 TABS,10'S,0
PDR1,PREGEB M OD75 TABS,15'S,0
HGFKHG,PREGEB NT TAB,1*10,30
PRE101,PREGEB OD 75 TABS,10'S,0
PREG11,PREGEB OD150 CAPS,10'S,0
PFJLSN,PRIUVICT 1MG TAB,1*10,0
PRO4,PROMOTIL TR 40 CAP,10S,0
OPJHSN,PRUVICT 1MG TAB,1*10,20
PRV2,PRUVICT 2MG TABS,10'S,40
Q-MIND,Q-MIND SR 100MG TAB,1*10,0
QM200,Q-MIND SR200MG TABS,10'S,0
QM50,Q-MIND SR50MG TABS,10'S,0
Q023,QUINTOR 500MG TAB,10'S,0
R224,RANITIN 150MG TABS,30'S,0
R226,RANITIN AMP,2 ML,0
RNZ3,RANOLAZ OD1G TABS,10'S,0
RANZ,RANOLAZ TAB,10;S,30
RTJERG,REGESTRONE CR 10MG TAB,1*10,0
R230,RESPIDON 1MG TAB,10'S,0
QFIGUQ,RESPIDON 2 TAB,10*S,0
ROVOR[,ROVOR 2.5MG TAB,1*10,0
DKJHNG,ROVOR 20MG TAB,1*10,0
ROZUCO,ROZUCOR 10MG TABS,15'S,105
ROZ3,ROZUCOR 20MG TABS,10'S,0
ROZUO,ROZUCOR 40MG TABS,10'S,0
RZ14,ROZUCOR 5MG TABS,15'S,75
R,ROZUCOR ASP 20/75,10;S,30
RHHFLL,ROZUCOR ASP 20MG /150,10;S,0
1RZ1,ROZUCOR ASP10 CAPS,10'S,100
ROA,ROZUCOR ASP10 FORTE,10'S,0
ROZD9,ROZUCOR D10MG TABS,10'S,0
ROSUI,ROZUCOR EZ TAB,10'S,10
ROZ12,ROZUCOR F10 TABS,15'S,30
ROZ33,ROZUCOR F20MG TABS,10'S,0
ROZ21,ROZUCOR F5 TABS,15'S,45
ROZU,ROZUPLATT,10'S,0
S620,SERENATA 50MG TABS,10'S,0
ASBNFN,SERIVA CREAM 30GM,1*30,0
S1201,SEVISTA 30 TABS,10'S,0
KJHAKH,SEVISTA 60MG TAB,1*15,0
S132,SHELCAL 500MG TABS,15'S,165
SDHNKG,SHELCAL ISO CAP,1*15,0
DHFNFN,SHELCAL JOINT CAP,1*10,60
SMM,SHELCAL MOM TAB,1*15,0
S130,SHELCAL SYP,200ML,1
SSSS,SHELCAL TOTAL VEN POWDER,400GM,0
SHLCL,SHELCAL XT TAB,15S,75
SITAXA,SITAXA D 100/10 TAB,10'S,30
SLFGKG,SITAXA M 50+500MG TAB,1*15,0
SITSYA,SITAXA M XR 100/1000 MG,1*10,0
BSDFS,SITAXA M XR 50+500 TAB,1*10,0
STM,SITAXA MXR 100+500,10'S,0
NVFDJH,STALIX DM 10/100/500 TAB,1*10,0
FHGFH,STALIX M 50+1000MG TAB,1*15,0
STALIX,STALIX M XR 100/500MG TAB 1*10,,30
SXR,STALIX M XR100+1000MG TAB 10,,0
ST19,STROLIN OD TABS,10'S,0
STOR1,STROLIN P 800MG TABS,10'S,0
STR6,STROLIN P400MG TABS,10'S,0
SUNP,SUNPROTECT LOTION,100'ML,0
SYM20,SYMBAL 20MG TABS,10'S,10
SY3,SYMBAL 30 TAB,1X10,0
KJFGKG,SYMBAL 40MG TAB,1*10,0
S382,SYSCAN 100MG CAP,4,10
S381,SYSCAN 150( FLUCANAZOLE),1'S,4
SYS,SYSCAN 200 CAP'S,4,0
S400,SYSCAN IV,100ML,0
T293,TANCODEP 2MG TAB,10,0
T294,TANCODEP TAB,10,0
TELDY,TELDAY 20MG TABS,15'S,15
TE4,TELDAY 40MG TAB,15'S,30
T1L41,TELDAY AM TABS,10'S,0
TEDCH1,TELDAY CH40MG TABS,10'S,0
TELD,TELDAY H TABS,10'S,0
TLD1,TELDAY H80 TABS,10'S,0
TEYM50,TELDAY M50MG TABS,10'S,0
KJK,TELDAY TRIO,"10,S",0
TELSAR,TELSAR CHM 50MG,10'S,0
TENE,TENEPURE M 1000,15;S,2
TUEGUB,TENEZA M 1000MG TAB,1*15,0
TJKHDF,THIOQUIST A 4MG TAB,1*10,0
T163,THIORIL 10MG TABS,10`S,0
T164,THIORIL 25MG TABS,10`S,0
THI11,THYOBUILD 100MCG TABS,100'S,0
THY25,THYOBUILD 25MCG TABS,100'S,0
THY50,THYOBUILD 50MCG TABS,100'S,0
TH75,THYOBUILD 75MCG TABS,100'S,0
TID,TIDE 100 TAB,1X10S,0
TID1,TIDE 10MG TABS,10'S,120
TID2,TIDE 20MG TABS,10'S,0
TJKFGS,TIDE 40MG TAB,1*10,0
TID5,TIDE 5MG TABS,10'S,0
TD10,TIDE PLUS TABS,10'S,90
TDP20,TIDE PLUS20MG TABS,10'S,0
T169,TIDOMET FORTE TABS,10'S,0
T168,TIDOMET LS TABS,10'S,0
T170,TIDOMET PLUS TABS,10'S,0
TOL10D,TOLAZ DT10MG TABS,15'S,30
TOLDT5,TOLAZ DT5MG TABS,1*15,0
TOZ1,TOLAZ MD10 TABS,10'S,0
TOLA4,TOLAZ MD5MG TABS,10'S,0
T175,TOLDIN ER600 CAPS,10'S,0
TODD,TOLDIN P400 TABS,10'S,0
T577,TOPCEF 100MG DT TABS,10'S,0
T548,TOPCEF 200MG TABS,10'S,0
T551,TOPCEF 50MG TABS,10'S,0
TPC,TOPCEF CLAV 200 TABS,1X6S,0
CHMSD,TOPCEF O TAB,10'S,100
T178,TOPCID 20MG TABS,14'S,1340
T179,TOPCID 40MG TABS,14'S,2606
TORB1,TORBULK POWDER,90GM,0
HGHU,TORCILIN 10 TABS,"10,S",0
TORL5,TORCILIN 5MG TABS,10'S,0
TORC1,TORCILIN T TABS,10'S,0
TBC,TORCOXIA BCD 90 TAB,1X10'S,0
TORF3,TORFIX 400MG TABS,10'S,0
TR22,TORFIX TABS,10'S,0
TO60,TORFLASH 60K TABS,4'S,0
TOR12,TORFLASH GRANULES,1GM,0
YRWDFU,TORGLIP 50 MG TAB,1*10,0
GHKFSD,TORGLIP D 10MG TAB,1*10,0
TIODFH,TORGLIP M 50/1000MG TAB,1*10,0
FHGNGG,TORGLIP M 50/500MG TAB,1*10,0
TIUGHF,TORGLIP M SR 1000MG TAB,1*10,0
FOIGHH,TORGLIP M SR 500MG TAB,1*10,0
TR98,TORLEVA 1000MG TABS,10'S,0
TORL1,TORLEVA 250 TABS,10'S,0
TRL14,TORLEVA 500 TABS,10'S,0
TR70,TORLEVA 750MG TABS,10'S,0
TOLS10,TORLEVA SYRUP,100ML,0
DL@1,TORLEVA XR 500 TABS,10'S,0
TO750,TORLEVA XR750 TABS,10'S,0
TORA,TOROXX AP TAB,1X10,0
TOPIJK,TORPANEL 2MG TAB,1*10,10
TORL22,TORRELAX SYRUP,100ML,0
TOR5,TORTHROCIN 500,5'S,44
TORVA,TORVATE 200 TAB,10'S,40
TO11,TORVATE 300 TABS,10'S,100
TRV,TORVATE 500 TAB,1X10'S,0
TORV1,TORVATE CHRONO 200MG TABS 10'S,,0
TVR10,TORVATE CHRONO 300 TABS,10'S,0
TRCV1,TORVATE CHRONO 500 TABS,10'S,0
TO3,TOVOK TABS,10'S,0
T412,TOZAAR 25MG TABS,10'S,0
T411,TOZAAR 50MG TABS,10'S,70
TOZAAT,TOZAAR AT TABS,10'S,0
T545,TOZAAR H TABS,15'S,30
T546,TOZAM TABS,10'S,0
TREND,TREND XR 250,10;S,0
WTRE,TREND XR 500 TABS,10'S,30
TRE14,TREND XR 750 TABS,10'S,0
TIZ12,TRI AZULIX 2MG TABS,10'S,0
TRIV01,TRI VOGLITOR 1MG TABS,10'S,0
TRIV21,TRI VOGLITOR 2MG TABS,10'S,0
TLJHHG,TRI VOGLITOR FORTE 1MG,1*10,0
TRITLN,TRI VOGLITOR FORTE 2MG,1*10,0
T189,TRINICALM FORTE TABS,15,0
T188,TRINICALM PLUS TABS,10`S,0
TTR31,TRIOLMETOR 40MG TABS,10'S,0
TR322,TRIOLMETOR TABS,10'S,0
FKLGKL,TRITELSAR 40MG TAB,1*10,0
TROHLH,TRIVOGLITOR 1MG TAB,1*10,0
VFFGYA,TRIVOGLITOR 2MG TAB,1*10,0
TRINDJ,TRIVOGLITOR FORTE 1MG TAB 10'S,,0
TRUCEL,TRUECEPROL,10'S,0
TRUOD,TRUECEPROL OD,10,0
UJNSJJ,UNIAZ 16MG TAB,1*10,0
GIBGNG,UNIAZ 8MG TAB,1*10,0
HJHFLH,UNIPROGESTIN 250MG INJ,1*1,0
UR150,URSETOR 150MG TABS,10'S,0
URSET,URSETOR 300 TAB,10,0
URS450,URSETOR SR450MG TABS,10'S,0
UVN5,UVNIL-5,10'S,0
V068,VALPARIN 200MG TABS,15'S,60
V069,VALPARIN 500MG TABS,15'S,0
V228,VALPARIN CHRONO 200 TABS,15'S,15
V285,VALPARIN CHRONO 500 TABS,15'S,540
V229,VALPARIN CHRONO300MG TABS 15'S,,60
V070,VALPARIN SYRUP,100ML,0
VALZ1,VALZ 20MG TABS,10'S,0
VAL160,VALZAAR 160MG TABS,10'S,0
CBVBAV,VALZAAR 40MG TAB,1*10,0
V340,VASOTRATE 60MG OD,7'S,0
V272,VASOTRATE OD 30MG TABS,7`S,0
VSV,VASOVIN-XL2.5 CAPS,25'S,0
V368,VELOZ 20MG TAB,15'S,80
VJDBFJ,VELOZ 40MG TAB,1*10,0
VED,VELOZ D CAP,10'S,70
VLIT,VELOZ IT CAPS,10'S,0
VEL20,VELOZ L CAPS,10'S,0
VEZ,M VELOZ M CAP,10*10'S,0
VUOGHS,VIZYLAC GG CAP,1*10,0
VIZ,VIZYLAC GG SACHET,1,0
DFKJRG,VIZYLAC RICH CAP,1*10,0
VLT,VOGLITOR MD 0.2 TABS,10'S,0
VMD,VOGLITOR MD 0.3 TABS,1*15'S,0
VOG2,VOGLITOR MF0.2 TABS,10'S,0
VOL12,VOGLITOR MF0.3 TABS,10'S,0
XAN,XANILAX SR 200 TAB,10'S,0
XIL,XILINGIO 25/5 TAB,10;S,30
XOF,XOFEN 8 TAB,10S,0
DJFHFG,ZAFIMOVE 50MG TAB,1*10,0
ZE34,ZEDOTT CAP,10'S,0
ZEDO,ZEDOTT KID SCACHITS,1X3GM,0
ZILDNA,ZILSAR CH 40/12.5MG TAB,1*10,0
FJHDFH,ZUCATOR 100MG TAB,1*10,0
ZUCAT,ZUCATOR M 1000MG TAB,1*10,0
ZKJDFB,ZUCATOR M 500MG TAB,1*10,0
JJHFGF,DR TRUST BP METER,1*1,0
WQNF,PREGAVEL GOLD TAB,10'S,50
PUL9,PULSE OXI MONITOR,1'S,0
QGLIM,Q-GLIM M1 TAB,15'S,105
WUEYC,TORPLAT 90MG TAB,14*S,42
TRUC9,TRUCHEK MEDIUM DIAPERS,10'S,0
SEVDSD,SEBONAC GEL 30GM,30GM,0
GLOS,GLOSPOR SB 130MG CAP,10'S,0
D570,DECDAK 4MG TABS,10'S,0
DYNAPA,DYNAPAR QPS 15ML,15ML,1
F268,FREECAD CAPS,15'S,0
13,GLIMADAY FORTE3 TABS,10'S,0
IGERUU,SERTOZ CREAM,1*20GM,0
VITAPP,VITAPROT DHA POWDER,200GM,18
ZINAN1,ZINDERM AN GEL,15GM,0
ZINBP9,ZINDERM BPO GEL,15GM,0
TRIC9,TRICHOBEST HAIR OIL,100ML,0
PLAST,PLASTER OF PARIS,500G,0
CAT13,CALTROY PLUS CAPS,10'S,0
YNA./,DYNAPAR AQ AMP,1ML,42
DYNA,DYNAPAR EC TAB,10'S,0
D5730,DYNAPAR GEL,30GM,0
DYNA./,DYNAPAR QPS,30ML,0
DYNAQ1,DYNAPAR QPS PLUS LOTION,15ML,0
D10,DYNAPAR TABS,10`S,0
ENO40,ENOXATROY 40MG INJ,0.4ML,0
FENT99,FENO TG TABS,10'S,0
MYONIT,MYONIT SR 2.6 30'S TABS,30'S,0
N1644,NITROGESIC OINT,30GM,0
R672,RECHARJE PLUS CAPS,10'S,0
T2L1,TELMIKAA 40MG TABS,10'S,0
T660,TESS MOUTH GEL,5G,0
TROG1,TROYFENAC P TABS,10'S,0
TRY1,TROYNURON SR CAPS,10'S,0
JFJFVS,XYKAA 650 TAB,1*15,0
YWYR7Y,XYKAA BD TAB,1*10,0
XYK10,XYKAA EXTEND 1000MG TABS,10'S,0
XYK32,XYKAA MR4 TABS,10'S,0
XYK11,XYKAA MR8 TABS,10'S,0
EFCN9,EFCOBEN CAPS,10'S,0
FOL6,FOLISTAR CAPS,10'S,0
JDBFJJ,GAHA SERUM,1*25ML,0
INB11,INBOX 55 CAPS,10'S,0
HGGDKJ,IROLLA TAB,1*10,0
GJGJGH,MAJIGLOW 30GM CREAM,1*30GM,0
PLC500,PALOCIT 500MG TABS,10'S,0
POL40,POLE 40MG TABS,10'S,0
TEND0,TENDONEX 4D CAPS,10'S,0
TRIV6,TRIVESTIN TABS,10'S,0
UBE2,UBEFIT CAPS,10'S,0
GEN,GENMYCIN OINT,15GM,0
DYTBAN,DYNAPAR MR TAB,10'S,0
DYNA.,DYNAPAR SUPPOSITORIES,5'S,0
MY18,MYONIT SR 6.4 TABS,30'S,0
CARN1,CARNI Q TABS,10'S,0
SDJGFK,CARNI Q XP SACHETS,1*1,0
CC110,CCQ 100MG TABS,5'S,0
CC10,CCQ 25MG TABS,10'S,0
CCC1,CCQ 50MG TABS,5'S,0
CHIR9,CHIROCYST TABS,10'S,0
CHR1,CHROMINAC A CAPS,10'S,0
D306,DOPAMINE AMP,5ML,0
EDS11,ED SAVE TABS,4'S,0
E198,ELCARIM DROPS,30ML,0
E199,ELCARIM SYRUP,110ML,0
VSGH,ELMECOB-D TAB,1*10,0
EM75,EMAL 75MG INJ,1ML,18
E201,EPIDOSIN INJ.,1ML,0
EVA,EVA LIPBALM,125ML,0
EVAS9,EVASERVE TABS,10'S,0
GLIN11,GLIMENOVA M2 TABS,10'S,0
K259,KOHINOOR EXTRA CONDOMS,3'S,0
KRS11,KREASE TABS,10'S,0
LACTA,LACTARE 250 GRANULES,250GM,1
L186,LACTARE CAPS,30'S,60
LVK1,LEVOKAST KID TABS,10'S,0
LV13,LEVOKAST TABS,10'S,0
LR53,LRZIN SACHAT,10GM,0
L187,LUKURE TABS,30'S,0
LYCO-,LYCO-Q 100 CAP,10,0
DJKFGK,MIFEONE 25MG TAB,1*14,0
MIFHHF,MIFIACT 10MG TAB,1*10,0
MCIOHL,MIFIACT 25MGTAB,1*10,0
MUST,MUSTONG TABS,20'S,0
MYCM1,MYOCYST M TABS,10'S,0
MYC21,MYOCYST SACHETS,3GM,0
NUTR1,NUTRICELL CAPS,1'0,0
O129,OSSOPAN 250MG TABS,15'S,0
GHIK,OSSOPAN 500MG TAB,1*15,0
GDFKGH,OSSOPAN D 1000MG TAB,1*10,0
KLO,OSSOPAN MCM CAP,"30,S",0
O130,OSSOPAN SYP.,200ML,0
OSS,OSSOPAN-D 200MLSYP,200ML,0
NOS16,PIGEON NOSE CLEANER,1'S,0
PRIMI1,PRIMIWAL TABS,10'S,0
K127,SKORE CONDOMS,3'S,0
K171,SKORE CONDOMS,10'S,0
K224,SKORE CONDOMS,20`S,0
T269,TEFROLIV FORTE SYP,200ML,0
TEFROL,TEFROLIV FORTE TABS,20'S,0
TELMIS,TELMIWOK 20MG TAB,1*10,0
JFHHFH,TT CAB TAB,1*4,0
V090,VIRILEX TABS,20'S,0
W73,WOODWARD'S GRIPE WATER,130ML,0
W93,WOODWARD'S GRIPE WATER,200ML,0
WOOS,"WOODWARD,S BABY BATH",1X75GM,0
WOODW,WOODWARDS GRI [BIG],100ML,0
COND,ZAROOR CONDOMS,3'S,0
TYRFDD,TYNOR ANKLE BINDER,1,0
TYFSJN,TYNOR ANKLET COMFEEL,1'S,0
TYFJHF,TYNOR ARM POUCH,1'S,0
TYNMSH,TYNOR COCCYX CUSHION SEAT,,0
TYNKJK,TYNOR EXERCISING BALL,1,0
TYNSIO,TYNOR HOT & COLD PACK,1,0
TYGJDH,TYNOR KNEE CAP,1,0
TYGDGH,TYNOR KNEE CAP OPEN,1,0
ADFJAH,TYNOR LS BELT,1'S,0
TYNFDF,TYNOR OAC LS BELT,1'S,0
TYRTJR,TYNOR TRAVEL PILLOW,1,0
BRIVGA,BRIVGARD 50MG TAB,10,30
ASKJFB,NERVITIN PLUS TAB,1*10,0
DHFGBK,HYALUGEL 30GM GEL,1*30GM,0
ALERF,ALERFLO NASAL SPRAY,1'S,0
A099,ATARAX 10MG TABS,15'S,90
A100,ATARAX 25MG TABS,15'S,75
A101,ATARAX DROPS,15ML,0
D053,DILIGAN 25MG TABS,15'S,0
GFGKFK,HYDROX DROPS,1*15ML,0
KP.L,KEPPRA 250MG TABS,10'S,0
KPP,KEPPRA 500MG TABS,10'S,0
KEP10,KEPPRA SYRUP,100ML,0
L056,LONGIFENE SYRUP,200ML,1
N033,NOOTROPIL AMP,15ML,0
XYZ10,XYZAL 10MG TABS,10'S,0
XYZ11,XYZAL A TABS,10'S,0
XYL2,XYZAL SYRUP,60ML,0
XY,XYZAL TABS,10'S,10
Z426,ZYRCOLD COUGH SYRUP,100ML,0
ZYRCTA,ZYRCOLD TAB,10'S,0
Z025,ZYRTEC TABS,10'S,0
ASKFHD,3G DOX CV TAB,1*10,0
NERUHE,NERVITIN P ER TAB,1*10,0
JKUJCC,M CAFFEINE CAPUCINO,1,0
MJHJKH,M CAFFEINE CAPUCINO BODY,,0
MNSDKJ,M CAFFEINE CAPUCINO FACE,1,0
FMKFAH,M CAFFEINE CAPUCINO FACE,1,0
MVNFDK,M CAFFEINE CAPUCINO FACE,1,0
MKJFG,M CAFFEINE CAPUCINO,1,0
KFJCFS,M CAFFEINE CHOCO BODY,1,0
MFKGJ,M CAFFEINE CHOCO BODY,1,0
MCSKLU,M CAFFEINE CHOCO FACE,1,0
FDGTFH,M CAFFEINE COFFE BODY,1,0
MCAFFP,M CAFFEINE COFFE BODY,,0
MSDKLF,M CAFFEINE COFFE FACE,1,0
FDYTTU,M CAFFEINE COFFE,1,0
NSDJH;,M CAFFEINE COFFEE BODY,1,0
SDMFNS,M CAFFEINE COFFEE FACE,1,0
MKDFJ,M CAFFEINE COFFEE FACE,1,0
M,JKJF M CAFFEINE COFFEE FACE,1,0
GGJHGT,M CAFFEINE COFFEE FACE,1,0
GHFDG,M CAFFEINE COFFEE HAIR,1,0
MCSKLJ,M CAFFEINE COFFEE HAIR,1,0
MSJFOP,M CAFFEINE COFFEE HAND,,0
NDJLK,M CAFFEINE COFFEE SCALP,1,0
HUMTFG,M CAFFEINE COFFEE SCLAP,1,0
GHFHFF,M CAFFEINE COFFEE SHAMPOO 1,,0
NSDHF,M CAFFEINE COFFEE UNDER,,0
"MS,FJK",M CAFFEINE ESPRESO,1,0
MJFK,C M CAFFEINE ESPRESSO BODY,,0
MNDIHJ,M CAFFEINE ESPRESSO FACE,1,0
NVKDJV,M CAFFEINE ESPRESSO FACE,1,0
RFHFGY,M CAFFEINE ESPRESSO,1,0
MBFNBN,M CAFFEINE FREE ITEMS,20GM,0
FGDFHF,M CAFFEINE GREEN TEA BODY 1,,0
MCDGTF,M CAFFEINE GREEN TEA FACE 1,,0
NJDHG,M CAFFEINE GREEN TEA FACE 1,,0
MDSKOF,M CAFFEINE GREEN TEA FACE 1,,0
BNFJKH,M CAFFEINE GREEN TEA,1,0
DMNSVR,M CAFFEINE LATTE BATHING 1,,0
MVJDG,M CAFFEINE LATTE BODY,,0
GDFTYD,M CAFFEINE LATTE COFFEE,1,0
NSDKTG,M CAFFEINE LATTE FACE,1,0
NCDSJK,M CAFFEINE LATTE FACE,1,0
MDKFHF,M CAFFEINE LATTE SLEEPING 1,,0
MCSDKJ,M CAFFEINE MOCHA FACE,1,0
352,KETO SOAP,100GM,14
OXM300,OXMAZETOL 300MG TABS,10'S,0
LAXOT,LAXOLITE SY,200ML,2
NURO1,NURO PLUS CAPS,10'S,0
ONC500,ONCOFLUR 500MG INJ,500MG,0
JDEJHH,SEACOD OIL,1*60ML,0
QOUDGO,UNIENZYME PRO CAP,10*S,0
MAMKJD,MAMY POKO PANTS (L),,0
MAMFH,MAMY POKO PANTS (M),,0
MAAMHS,MAMY POKO PANTS (NB),,0
MAMYP,MAMY POKO PANTS (S),,0
AC16,ACNEX BAR,75GM,0
ADH99,ADHAIR 5% LOTION,60ML'1,0
A020,AMPOXIN 500MG CAPS,15'S,285
ARPL,AROFF PLUS TAB,1X10'S,0
ASTHE9,ASTHESIA CREAM,5GM,0
BT40,BITELSAR 40MG TABS,10'S,0
BIZ9,BIZLO 10MG TABS,10'S,0
CPRA0,C-PRAM S PLUS TABS,10'S,0
CT11,CITILIN 500MG TABS,10'S,0
CITP1,CITILIN P TABS,10'S,0
CLIN9,CLINDAPENE GEL,15GM,0
C1421,CLODREL 75MG TABS,10`S,0
CLOFOR,CLODREL FORTE TABS,10'S,0
CLOPLU,CLODREL PLUS TABS,10'S,0
C1178,CORBIS 5MG TABS,1*15'S,0
C638,CORVADIL A TABS,1*15'S,0
ED11,EDVO INJ,30MG,0
EV11,EVEGLOW CREAM,15GM,0
G512,GTASE 15MG TAB,10'S,0
G499,GTASE 30MG TAB,10'S,0
HD14,HIDRATE CREAM,50GM,0
HID11,HIDRATE LOTION,60ML,0
HID1,HIDRATE LOTION,100ML,0
HID,S HIDRATE SOAP,75G,0
LEZYN,LEZYNCET 5MG TABS,10'S,0
LEZYNC,LEZYNCET D TAB,10'S,0
LM21,LEZYNCET M TABS,10'S,0
L396,LOPRIN DS TABS,14'S,0
LORA5,LORAM 5MG TABS,10'S,0
524,LORLIP,10S,0
L361,LOSAR 25MG TABS,15'S,75
L358,LOSAR 50MG TABS,15'S,30
L452,LOSAR A TABS,10'S,0
LSB,LOSAR BETA TABS,10'S,0
L410,LOSAR H TABS,15'S,169
LYS11,LYSUPRA TABS,10'S,0
MC15,M CAM 15MG TABS,10'S,0
NDAHDA,MAMY POKO PREEMIE 1.5KG,1,0
MAMDAD,MAMY POKO PREEMIE 1KG,1,0
MAM4S,MAMYPOKO PANTS XL,4'S,0
MAMY/,MAMYPOKO PANTS XXL,12'S,0
MAMXX1,MAMYPOKO PANTS XXXL,7'S,0
MAMS42,MAMYPOKO WIPES,42'S,0
MET1,METRIDE 1MG TABS,15'S,0
MER2,METRIDE 2 TAB,10X10,0
METDS1,METRIDE DS 1 TAB,10,0
METRI,METRIDE DS 2MG TABS,10'S,0
MTR1,METRIDE PLUS 1MG,1X10,0
254,METRIDE PLUS 2MG,10'S,0
MET5,METSAR 500 TAB,1X10'S,0
MOM11,MOMOZ CREAM,30GM,0
MOMA1,MOMOZ S OINT,15GM,0
MOMO1,MOMOZ T CREAM,10GM,0
MOPR2,MOPRY OINT,5GM,0
NIG21,NIGRAIN TR80 TABS,10'S,0
OLR20,OLSAR 20MG TABS,10'S,0
OLS40,OLSAR 40MG TABS,10'S,0
OLS14,OLSAR H TABS,10'S,60
OLH2,OLSAR H40MG TABS,15'S,30
OL121,OLSAR M50 TABS,10'S,0
OX/150,OXCAZO 150MG,10'S,0
OXC300,OXCAZO 300MG TABS,10'S,0
PSD11,PADMINI TABS,21'S,0
POSMEA,POSMEAL MET 0.2 TAB'S,10'S,0
POSM,POSMEAL MET 0.3 TAB'S,10'S,0
P1R4,PREGABA 75 CAPS,10'S,0
PREF1,PREGABA FORTE CAPS,10'S,0
PGB,PREGABA M 75 CAPS,1*15,60
PREGN1,PREGABA NT TABS,10'S,0
PRG4,PREGABA PLUS CAPS,10'S,0
RAPP,RANTAC MPS SYRUP,170ML,0
S650,SERTA 100MG TABS,15'S,0
S854,SERTA 25MG TABS,15'S,90
S648,SERTA 50MG TABS,15'S,30
TELS,TELSAR 20 TABS,15S,0
TL,TELSAR 40 TABS,15'S,0
TLS1,TELSAR BETA25 TABS,10'S,0
TLB1,TELSAR BETA50 CAPS,10'S,0
TELA,TELSAR-H TAB,15'S,0
TENEP2,TENEPURE TABS,10'S,0
TENE9,TENEZA 20MG TABS,1*15,0
TENZ1,TENEZA M500MG TABS,15'S,0
TEX150,TEXXA 150MG TABS,10'S,0
TEXXD,TEXXA D TABS,15'S,0
T584,TGTOR 10MG TABS,10'S,0
T585,TGTOR 20MG TABS,10'S,0
TG214,TGTOR 40MG TABS,10'S,0
T746,TGTOR 5MG TAB,10'S,0
TGE,TGTOR EZ TAB,10`S,0
T1F1,TGTOR F160 TABS,10'S,0
TL5A,TOLOL AM50 TABS,10'S,0
OLOL,TOLOL XR 25 TBAS,15'S,0
TOLOL,TOLOL XR 50 TABS,10'S,0
T037,TRIKA 0.25MG TABS,15'S,0
TRIKA,TRIKA 0.5MG TABS,15'S,30
TRIL1,TRILOSAR 6.25MG TABS,10'S,0
TR40,TRINERGIC L CAPS,1*15S,0
ULY11,ULYSES PLUS TABS,10'S,0
U51,UNICARBAZAN FORTE TABS,10'S,0
UNC1,UNICOBAL FORTE CAPS,10'S,0
UN10,UNICOBAL INJ,2ML,0
UNIENZ,UNIENZYME TAB,"15,S",170
UNA11,UNISTAR 75MG CAPS,15'S,0
UNI11,UNISTSR 150MG CAPS,10'S,0
UNIV,UNIVITAL CAPS,10'S,0
U008,UNIWARFIN 5MG TABS,10'S,0
VAPORU,VICKS VAPORUB XTRA STONG,50ML,0
V111,VIZYLAC CAPS,10'S,0
XTPAR,XTPARA TABS,12'S,0
Z010,ZYNCET SYRUP,60ML,0
Z009,ZYNCET TABS,10'S,0
UNIG9,UNIGRIP AIR BED,1,0
UNIBP,UNIGRIP BP MONITOR,BP,0
UNIG1,UNIGRIP NEBULIZER,UNIGRIP,0
GASY,GYNOVIT SY,200ML,1
MENPL,MENSOVIT PLUS,6'S,18
PL,PILANTS,10'S,354
OCEP,OCEPRED EYE DROPS,5ML,0
PMET16,PREDMET 16 TABS,10'S,16
TDROPS,TEAR DROPS,10ML,2
METT,METROGYL 30ML SYP,30ML,0
M167,METROGYL 60ML SYRUP,1X60ML,6
M169,METROGYL COMP. TABS,15'S,0
METRO.,METROGYL DG FORTE GEL,20GM,3
M453,METROGYL DG GEL BIG,20GM,0
M166,METROGYL IV,100ML,138
MEET,METROGYL P PLUS OINT,15G,0
M168,METROGYL SYRUP,30ML,9
NIKFJK,NOR METROFGYL O SYP,1*60ML,0
N301,NORMETROGYL SYP,30ML,27
O279,OF 200MG TABS,10'S,0
O382,OF SYP,30ML,0
OFM,OFM SYRUP,30ML,14
R119,RANTAC AMP,2`ML,300
RANTD,RANTAC D PLUS TABS,20'S,0
RD,RANTAC D TABS,20'S,0
RANT2,RANTAC SYRUP,100ML,0
DR11,DEAR-21 TABS,21'S,0
NAN1,NANO LEO CAPS,15'S,0
NANTL1,NANO LEO TOTAL SACHETS,3GM,0
P074,PUBERGEN 2000 AMP,1'S,0
P075,PUBERGEN 5000 AMP,1'S,0
P073,PUBERGEN 7500 AMP,1'S,0
R382,REJUN 25MG TABS,10'S,0
R383,REJUN 50MG TABS,10'S,0
SPR11,SPORLAC DS TABS,20'S,160
S067,SPORLAC POWDER,1.8GM,18
S068,SPORLAC TABS,15'S,0
B073,BETANIF CAPS,10'S,0
L055,LOPRIN 75MG TABS,14'S,0
B465,BENZOIN I.P,90ML,0
T433,TINC BENZOIN,100ML,0
T432,TINC IODINE,100ML,0
CL300,CLINDATEC 300MG INJ,300/2ML,0
DJGFDD,D PRESSIN AS NASAL SPRAY,1*5ML,0
HFURER,D PRESSIN NASAL SPRAY,1*1,0
GKHSDG,GLUGON 1MG INJ,1*1,0
HEPA1,HEPAGARD INJ,10ML,0
MUC20,MUCOSYS AMPS,2ML,0
AKJDFK,SOMASTIN 3000INJ,1*1,0
UNIC1,UNICALCIN NS NASAL SPRASY 3.7ML,,0
UNC11,UNICRISTIN 1MG/1ML INJ,1ML,0
UNI3,UNIPHOS 500MG INJ,10ML,0
V127,VANCOTECH CP500 VAIL,500GM,0
FGFGJK,ZONAM 1GM INJ,1*1,0
AGROI,AGARO DIGITAL B.P MONITOR 1,,0
KLHFJH,COQ LC TAB,1*10,0
LUVKLJ,LUVLAP BABY GROMING SET,1'S,0
LUVJHS,LUVLAP BREAST PADS,1'S,0
LULAPM,LUVLAP BREST PADS,1'S,0
LUYVA,LUVLAP ELECTRICAL BREST,1'S,0
LULAP,LUVLAP MANUAL BREST PUMP,1'S,0
LUBCJN,LUVLAP TOOTH BRUSH,1'S,0
LVLAP,LUVLAP TOOTH BRUSHST,1'S,0
S825,SELACE FORTE CAPS,15'S,0
AMINF,AMINOFIT TABS,10'S,0
BEFC,BEFER CAPS,10'S,0
BEFES,BEFER SYRUP,1*1,0
B184,BETA NICARDIA CAPS,10'S,20
COMP1,COMPLEVIT CAPS,15'S,0
C1684,COQ CAPS,10'S,0
COQ33,COQ CD30MG CAPS,10'S,0
D168,DICLORAN A TABS,10'S,0
EC,ECOD CAPS,30'S,0
EC32,ECOD PLUS CAPS,15'S,0
ESTO.,ESTOVON XT TABS,15'S,0
FOLG.,FOLGEL PLUS CAPS,15'S,0
LUVLAP,LUVLAP ELECTRICAL ADORE,,0
M070,MACRABERIN M CAPS,10'S,0
MGF1,MEGA FREEFLEX TABS,10'S,0
M163,METROGYL 200MG TABS,15'S,90
M164,METROGYL 400MG TABS,20'S,1355
MUL11,MULTIVIT WOMAN CAPS,15'S,0
MULT.,MULTIVITE CD CAPS,15'S,0
M099,MULTIVITE FM CAPS,30'S,0
MUL1,MULTIVITE GOLD CAPS,15'S,0
N131,NICARDIA CD RTR 30 TAB,10'S,0
N130,NICARDIA RET 10MG TABS,30'S,1370
NOR.,NORMETROGYL PLUS TABS,1*10,0
N340,NORMETROGYL TABS,10'S,0
PRIMOS,PRIMOSA 1000MG CAP,15'S,0
P021,PRIMOSA CAPS,15`S,0
0RD11,RADIANCE CAPS,15'S,0
R118,RANTAC 300MG TABS,30;S,290
S668,SEACOD ACTIVE CAPS,15'S,0
S666,SEACOD CAPS,100'S,0
S777,SEACOD CAPS,10'S,0
TR43,TRIOMEGA TABS,15'S,0
AZECIO,AZECOOL NASAL SPRAY,1*70ML,0
KDGSFK,ZAMOIST SOAP 75GM,1*75GM,0
FY/OR,FYBOGEL ORANGE POWDER,100GM,0
D5O,DERMI 5 OINT,1,0
FM22,FEMIGEST 200 CAPS,10'S,0
FR49,FORTY PLUS GOLD CAPS,10'S,0
NIK22,NIZOCEF 200MG TABS,10'S,0
M1B1,NOBLIDOL TABS,10'S,0
RIRTUG,SEBAMED PROTECTIVE FACIAL 1*1,,0
A046,AMIN AT TABS,10'S,0
A678,AMLACE TABS,10'S,0
A044,AMLOPIN 10MG TABS,10'S,0
A774,AMLOPIN 2.5MG TABS,10'S,30
AMPN5,AMLOPIN 5MG,10`S,60
AM44,AMLOPIN M TABS,10'S,0
AML25,AMLOPIN M25 TABS,10'S,0
AMLPTL,AMLOPIN TL,10'S,0
A048,ANGISPAN TR 2.5MG CAPS,25S,8
A049,ANGISPAN TR 6.5 CAPS,25'S,2
A163,ANOVATE OINT,20GM,0
AQA,AQUASOL A AMPS,1X2.5ML,0
AQU,AQUASOL A CAPS,30'S,0
AZLD40,AZILDAY 40MG TABS,10'S,0
AZD80,AZILDAY 80MG TABS,10'S,0
B197,B2 TABS,20'S,0
CT14,C-TION 100 TABS,90'S,0
C1068,CATASPA TABS,10'S,0
CPRM,CENSPRAM 10 TABS,10'S,0
CE14,CENSPRAM 5 TABS,10'S,0
CN15,CENSPRAM LITE TABS,10'S,0
CN2,CENSPREM PLUS TABS,10'S,0
C1T2,CITINERVE 500MG TABS,10'S,0
CITP9,CITINERVE P TABS,10'S,0
D-R11,D-RISE 2000 CAPS,10'S,0
D-R,D-RISE 60K CAPS,4'S,0
D-RI,D-RISE K2 TABS,10'S,0
D112\,D-RISE SACHET,1GM,8
D104,DEROBIN OINT,30GM,6
DIT,DIATAAL CAPS,15'S,0
DIAT1,DIATAAL D CAPS,10'S,50
65,DOXY 1L DR FORTE CAPS,10'S,0
DR14,DREGO D CAPS,10'S,0
DREGL1,DREGO LS CAPS,10'S,0
DU2,DUOTROL SR 2.5 TAB,1X10,0
D542,DUOTROL TABS,10'S,0
E150,ECOSPRIN 150MG TABS,14'S,560
E325,ECOSPRIN 325MG TABS,14'S,0
E2087,ECOSPRIN 75MG TABS,14'S,1148
9,ECOSPRIN AV 150 MG CAPS,15'S,210
ES7,ECOSPRIN AV 75 CAP,15'S,1065
ECOS1,ECOSPRIN AV150/20 CAPS,10'S,130
ECO11,ECOSPRIN AV75/20 TABS,15'S,270
E1C1,ECOSPRIN GOLD 20 CAPS,15'S,30
ECO,ECOSPRIN GOLD 40MG,10;S,35
EC21,ECOSPRIN GOLD CAPS,15'S,180
EYRT,ERYTOP A GEL,1S,0
E472,ERYTOP CREAM,20GM,0
E125,ERYTOP GEL,20GM,2
E126,ERYTOP LOTION,25ML,1
LHFHFG,ERYTOP N GEL 15GM,1*1,0
ES11,ESVIGA 75 CAPS,10'S,0
ES12,ESVIGA M 75 CAPS,10'S,0
GGDGS,FOLCURE 5-D TAB,1*10,0
GLY1,GLYCOMET 1GM TABS,15'S,165
G098,GLYCOMET 250MG TABS,10'S,750
G093,GLYCOMET 500MG TABS,10'S,740
G094,GLYCOMET 850MG TABS,10'S,100
GL850,GLYCOMET 850SR TABS,10'S,100
GLYGP1,GLYCOMET GP 1 TABS,15'S,585
GLYCO,GLYCOMET GP 2 TABS,15'S,315
GLMT,GLYCOMET GP 2/850MG TAB,1*10,0
GLYSTA,GLYCOMET GP STAR 1 TAB,10'S,60
GLY05,GLYCOMET GP0.5 FORTE TABS 10'S,,150
GLY0.5,GLYCOMET GP0.5MG TABS,15'S,550
GL2F,GLYCOMET GP1 FORTE,10'S,90
DKJBGV,GLYCOMET GP1/850 MG TAB,1*10,0
GLG,GLYCOMET GP2 FORTE TABS,10'S,200
GKJHGG,GLYCOMET GP3 FORTE TAB,1*10,20
GLM11,GLYCOMET GP3/850MG TABS,15'S,45
GLY4,GLYCOMET GP4 FORTE TABS,10'S,20
132,GLYCOMET SR 500 TAB,20S,740
GLUBO,GLYCOMET TRIO 0.5,10'S,30
GLYC1,GLYCOMET TRIO 1 TABS,10'S,60
GL103,GLYCOMET TRIO 1/0.3MG,10'S,100
DLHKND,GLYCOMET TRIO 2/0.3 TAB,1*10,20
GTF1,GLYCOMET TRIO FORTE1 TABS 10'S,,130
GLTF2,GLYCOMET TRIO FORTE2 TABS 10'S,,80
GLT11,GLYCOMET TRIO2 TABS,10'S,90
GLY11,GLYNASE MF FORTE TABS,10'S,0
G287,GLYNASE MF TABS,10'S,390
G095,GLYNASE TABS,10'S,60
G351,GLYNASE XL 10MG TABS,10'S,0
G350,GLYNASE XL 5MG TABS,10'S,0
GOL9,GOLITE CREAM,15GM,0
GP1,GP 0.5MG TABS,10'S,0
GP03MG,GP 3MG TABS,10'S,0
GP44,GP 4MG TABS,10'S,0
GP-1,GP1(GLIMIPRIDE) TABS,10'S,0
GP-2,GP2(GLIMEPRIDE) TABS,10'S,0
T4004,JALRA M50/1000 TABS,1*15,0
JL41,JALRA M50/500 TABS,15S,0
JAL850,JALRA M50/850MG TABS,1*15S,0
JJA,JALRA TRIO TAB,10'S,0
VBFDV,JALRA-OD 100MG TAB,1*15,30
LCA160,LIPICARD 160 TAB,10'S,60
LIPICA,LIPICARD 200MG CAP,10,0
LIPI,LIPICARD-AV TABS,1X10'S,0
LOCN,LONACEN 0.5 TABS,10'S,0
OL49,LONACEN 1 TAPBS,10'S,0
MNA1,MASHYNE 1000MG TABS,10'S,0
MAS16,MASHYNE 60K TABS,4'S,0
MAS3,MASHYNE DROPS,15ML,0
MAS11,MASHYNE SACHET,1.5GM,0
MEBASP,MEBASPA TABS,10'S,0
MT02,METZOK 25 TABS,10'S,0
MEK,METZOK-50 TAB,10S,0
M197,MVI AMP,10'ML,138
MYCH9,MYCHIRO TABS,10'S,0
N171,NIMODIP TABS,10'S,20
N531,NIZER OINT,30G,0
N491,NIZER TABS,10'S,0
N175,NURIL 10MG TABS,10'S,0
N173,NURIL 2.5MG TABS,10'S,0
N174,NURIL 5MG TABS,10'S,0
OLM4,OLMETRACK 20MG TABS,10'S,0
OL11,OLMETRACK 40MG TABS,1'S,0
OL1R,OLMETRACK AM TABS,10'S,0
OLMET,OLMETRACK CT 20/6.25,10;S,0
SOLME1,OLMETRACK CT20/12.5MG,10'S,0
OLME5,OLMETRACK CT6.25 TABS,10'S,30
OL,2 OLMETRACK H TABS,10'S,0
OLM32,OLMETRACK H40 TABS,10'S,0
ONARNI,ONARNI 100MG TAB,14'S,42
ON,ARN ONARNI 50 MG TABLETS,14,42
PRPC,PEVESCA PLUS CAP,10X10S,0
PE7,PEVESCA-75 CAP,1X10S,0
P773,PIOZ 15MG TABS,10'S,30
P774,PIOZ 30MG TABS,10'S,40
PIB1,PIOZ 7.5MG TABS,10'S,0
PIOZMF,PIOZ MF 15MG TABS,1*10,60
PIOZ30,PIOZ MF 30MG TABS,10'S,0
PI75,PIOZ MF 7.5 TABS,10'S,0
PIZMG,PIOZ MF G-1 TABS,1X10,0
T4021,PIOZ MF G1 FORTE TABS,10'S,0
PO205,POLYTORVA 2.5 KIT,10'S,0
POV,POLYTORVA CAPS,10'S,0
POS,PROSPAN 100ML,100ML,0
RA11,ROSEDAY 10 TABS,15'S,90
ROSE2,ROSEDAY 20MG TABS,1*15S,75
ROD40,ROSEDAY 40MG TABS,10'S,0
RS21,ROSEDAY 5MG TABS,1*15,80
GUKGKJ,ROSEDAY A 20MG TAB,1*10,0
ROS41,ROSEDAY A10 CAPS,10'S,40
ROSEDA,ROSEDAY EZ 10 TAB,10'S,30
ROSD1,ROSEDAY F TABS,10'S,0
ROSE11,ROSEDAY F10 TABS,10'S,0
ROSF21,ROSEDAY F20MG TABS,10'S,0
ROSDG,ROSEDAY GOLD CAPS,10'S,30
RSDG20,ROSEDAY GOLD20MG CAPS,10'S,50
KHGI,SEBAMED BABY POWDER,1*1,0
FF2,SEBAMED BABY SOAP 150GM,1*1,0
SEI100,SEIZFREE 1000MG TABS,10'S,0
HGVFH,SEIZFREE 250 TABS,"10,S",0
SEIZ3,SEIZFREE 500MG TABS,10'S,0
S234,SEMI GLYNASE TABS,10'S,0
HFDFFG,SILODERM MIXI OINT,1*10G,0
SUL100,SULISENT 100MG TABS,10'S,0
TEEI,TAZLOC 20 TABS,10'S,70
TZA,TAZLOC 40 TABS,15'S,255
TAZ11,TAZLOC 80MG TABS,10'S,80
TZL,TAZLOC AM TABS,10'S,70
TAZ80,TAZLOC AM80MG TABS,10'S,0
TAZLOO,TAZLOC BETA 25MG TABS,10'S,120
TAZ3,TAZLOC BETA 50MG TABS,10'S,130
TCT40,TAZLOC CT40 TABS,10'S,20
TACT6.,TAZLOC CT6.25MG TABS,10'S,60
TCT80,TAZLOC CT80 TABS,10'S,0
T,AZ TAZLOC H TABS,10'S,140
TZC11,TAZLOC H80 TABS,10'S,160
TAZ1,TAZLOC TRIO 40 TABS,10'S,10
TAZ31,TAZLOC TRIO 80MG TABS,10'S,40
TK14,TIKOPROX 250 TABS,10'S,0
TKP,TIKOPROX 500 TABS,10'S,0
TRI7.5,TRI GLYCOMET 7.5MG TABS,10'S,0
TRIGF1,TRI GLYCOMET FORTE TABS,10'S,0
TR,0 TRI GLYNASE 1 TABS,10'S,110
TRGF1,TRI GLYNASE 1FORTE TABS,10'S,0
TRIG2,TRI GLYNASE 2 FORTE TABS,10'S,0
TR,1 TRI GLYNASE 2 TABS,10'S,40
TRGT,TRIGLYCOMET TABS,10'S,100
TRIGLY,TRIGLYNASE 1MG TAB,1*10,130
TR2F,TRIGLYNASE 2 FORTE TAB,10'S,0
TRIF,TRIPLE A CAL FORTE,1X10S,0
TRIP,TRIPLEACAL D CAP,10,0
TRIPF1,TRIPLEACAL FD CAPS,10'S,0
TR54,TRIPLEACAL OS CAPS,10'S,0
IPLE,TRIPLEACAL TAB,1*15S,0
TNX,TWINOX 625 TABS,6'S,0
SDHDFD,UDAPA 10MG TAB,1*10,50
UDAPA5,UDAPA 5MG TAB,10'S,10
UD,UDAPA GOLD 1 TAB,10;S,40
UDAPA,UDAPA GOLD 2 TAB,10'S,20
DFHGHK,UDAPA M 5/1000 XR TAB,1*10,0
UIDAP,UDAPA M XR 500MG TAB,1*10,0
UDAPAD,UDAPA M1000 XR TAB,10,0
UDAPAT,UDAPA PRO TAB,10'S,20
UDAT,UDAPA TRIO,10'S,0
V055,VI-SYNERAL ZINC DROPS,15ML,0
VI31,VIBACT DRY SYRUP,50ML,0
FHFFEV,VIBACT DS CAPS,10'S,0
VIBS1,VIBACT IBS CAPS,10'S,0
VIBS,"VIBACT SACHETS(BMC,SRCMS) 1GM",,0
VB10,VIBRANIA CAPS,10'S,0
VIB2,VIBRANIA D CAPS,10'S,0
VIB3,VIBRANIA P CAPS,10'S,0
V380,VISYNERAL DROPS,15ML,0
V057,VISYNERAL SYP,100ML,0
V328,VISYNERAL Z SYRUP,100ML,0
V273,VISYNERAL ZINK DROPS,15ML,0
VOB12,VOBOSE 0.2MG TABS,10'S,0
VBB1,VOBOSE 0.3MG TABS,10'S,0
VOB0,VOBOSE M0.2 TABS,10'S,0
VOB.,VOBOSE M0.3MG TABS,10'S,0
XE,XENICAL 120 CAPS,21'S,0
Z210,ZOSTA 10MG TABS,10'S,0
AMLAT,AMLOPIN AT,10'S,50
ECDSFI,ECOSPRIN AV 75/40MG TAB,1*10,45
JALDP,JALRA-DP,10,10
OLMI,OLMETRACK CT 40/12.5MG,10'S,0
RSP,RICOSPRIN 2.5,15'S,60
UGF,SEBAMED BABY SOAP 75GM,1*1,0
TRIGL,TRIGLYNASE 2MG TAB,10'S,60
UDAP,UDAPA-M 10/500 XR,10'S,30
UDAS,UDAPA-S 10/100 MG,10'S,20
ANTI1,ANTIQUE BP,1,0
JOO11,JOODARAM OIL,50ML,0
SGA1,SUGANDHI HAIR OIL,150ML,0
1112,TRICHUP HERBAL SHAMPOO,200ML,0
TRIC11,TRICHUP SHAMPOO,100ML,0
VCARE,VCARE COLOOR CREAM,25GM,0
VC15,VCARE COLOOR CREAM,15ML,0
VCH01,VCARE HAIR OIL,150ML,0
VOTE2,VOTRIENT 200MG TABS,30'S,0
WH11,WHEAT GRASS POWDER,100GM,0
QU113,QUADROVAX VACCINE,0.5ML,0
VE,M VELNEURON NT TABS,10'S,0
VELPG,VELNEURON PG TABS,10'S,0
DRIC,DRICORIL SYRUP,60ML,0
LYT,LYTIX 10MG TABS,10'S,0
LYTI20,LYTIX 20MG TAB,10'S,0
T,TRIFOL PLUS TABS,10'S,0
TRIFOL,TRIFOL TAB,1X10S,0
V182,VANCOTROY 500MG VIAL,500GM,0
VN40,VANTOP D TABS,10'S,0
DELC1,DELCON DROPS,15ML,0
DELD1,DELCON PLUS DS SYRUP,60ML,0
FEP1,FEPANIL DROPS,15ML,0
NEU99,NEUROGARD TABS,10'S,0
P066,PGI TABS,10'S,0
S057,SESTIL AD TABS,10'S,106
FWHGR,TYFY 300MG TAB,1*10,600
BAX,BAXIN-D LB CAPS,10X10'S,0
IQWY12,RABIVON 20MG,10*S,0
BEV,BEVON SYRUP,100ML,0
PUT60,PUTTUR THAILAM,60ML,0
ABC,ABCQ 300 CAP,"15""S",30
AKB9,AKBANEM TABS,10'S,0
BVHHFE,ARGLUTA SACHETS,1*1,0
JGIU,CATCH D3 60K TAB,1*4,0
DCBBBC,CATCH D3 NANO SYP,1*4,0
CCLDJK,CCL V TAB,1*3,0
CILDP1,CILDIPIN 10MG TABS,10'S,0
CILD5,CILDIPIN 5MG TABS,10'S,0
CIDP1,CILDIPIN T TABS,10'S,0
CVMF1,CILVORYL M1 FORTE TABS,10'S,0
CILM1,CILVORYL M1 TABS,10'S,0
CVMF2,CILVORYL M2 FORTE TABS,10'S,0
CILV2,CILVORYL M2 TABS,10'S,0
CIMV1,CILVORYL MV1 TABS,1*15,0
CILMV2,CILVORYL MV2 TABS,10'S,0
HDGGFF,ENDO PLUS TAB,1*10,0
ESV11,ESVOZ D CAPS,10'S,0
ES/L,ESVOZ-L CAP'S,10'S,0
EKGJG,ETOLGIA MR TAB,1*10,0
ETOLGI,ETOLGIA TH GEL,30GM,0
C910,ETOLGIA XR 600MG TAB,1*10,0
SDFGFE,FERINTACT TAB,10'S,0
DKJGHH,HAPPYNERVE PLUS INJ,1*1,0
HAPV1,HAPPYNERVE TABS,10'S,0
HQ20,HQ 200MG TABS,10'S,75
HQ400,HQ 400MG TABS,10'S,0
KNE2,KNEEKOOL GS SACHETS,12GM,0
LEOS1,LEOSULTA TABS,10'S,0
NORM40,NORMORIC 40MG TABS,10'S,0
ORG22,ORGIHAIR TABS,10'S,0
OTOPV,OTOLANZ PV TABS,10'S,0
PANV,PANVOZ L CAP,10,0
PREG9,PREGAVOR NT TABS,10'S,0
PROL9,PROLOVAS XL50MG TABS,10'S,0
EJDDFD,QUARTZ CAP,1*10,0
RAVOD,RAVOZ D CAPS,10'S,0
RAVLVA,RAVOZ L CAP,10,0
QWYREU,RE SHEATH AMP,1ML,0
FJDFDG,RE SHEATH D TAB,1*10,0
RESHE1,RESHEATH D TABS,10'S,0
SOLID1,SOLIS D3 NANO,4*5ML,3
SOLD2,SOLIS D3 TABS,4'S,0
STEROR,STEON K2 TAB,1*10,0
IYGWYE,STEON TAB,1*10,0
STEX1,STEOXA CAPS,10'S,0
EJGERE,SUPRATUM TABS,1*6,0
EIGHBN,TAMSIFLO D TAB,1*10,0
TAMSU,TAMSIFLO TAB,10,0
TLL41,TELMIFINE 40MG TABS,10'S,0
TEL0H,TELMIFINE H TABS,10'S,0
TOPB,TOPNERVE B CAPS,10'S,100
TOPP1,TOPNERVE PLUS TABS,10'S,0
JLKIUO,TOPNERVE TABS,"10,S",0
TRGFJD,TRICHUP CAP,1*10,0
TRI1,TRICHUP OIL SMALL,100ML,0
DKJHFB,TYZOCORT 12MG TAB,1*10,0
UTIKIT,UTIKIT CAP,10'S,20
EUKUKL,UTIRANTIN TAB,1*10,0
VMR4,VOCECLO-MR4,10,0
VOFO1,VOFOL PLUS TABS,10'S,20
VOGT9,VOGUT CAPS,10'S,0
VOS,VOGUT SACHETS,1,0
VOH400,VOHQ 400MG TABS,10'S,0
VOM1,VORYL M2 TABS,10'S,0
CKSDW,WISH-F,1*10,0
DEFO,DEC FORTE TABS,10'S,0
ACNVD1,ACNEVED SOAP,75GM,0
CLO26,CLOBINORM CREAM,10GM,0
KET01,KETOVED LOTION,100ML,0
ETOV0,KETOVED SOAP,100GM,0
SUNV01,SUNVED 50+ LOTION,50ML,0
TACR02,TACROVED FORTE OINT,10GM,0
TEJHJA,TENSITEL H 40MG TAB,1*10,0
TRI05,TRICHOLONG 5% LOTION,60ML,0
VEDL9,VEDAMITE LOTION,100ML,0
VED1,VEDAMITE SOAP,100GM,0
VED01,VEDASOFT CREAM,100GM,0
AC132,ACEPRIME P TABS,10'S,0
ACET1,ACEPRIME T TABS,10'S,0
CAL9,CALCIRIN CAPS,15'S,0
CALV1,CALCIRIN CT CAPS,15'S,0
CALV2,CALCIRIN FORTE CAPS,10'S,0
CALV6,CLAVEK C625MG TABS,6'S,0
COMBG,COBITUS G TABS,10'S,0
COBN1,COBITUS NT TABS,10'S,0
CUB11,COBITUS P CAPS,10'S,0
COR20,CORAVAS 20MG TABS,10'S,0
COR40,CORAVAS 40MG TABS,10'S,0
DGM,DIATUS-GM,1*10,0
FEN01,FENODOL XL TABS,10'S,0
FRAK9,FRACKFIX CAPS,15'S,0
IROX1,IROTOR XL CAPS,10'S,0
IROT1,IROTOR XT TABS,10'S,0
NOXID1,NOXIDOL P TABS,10'S,0
RABQ20,RABEQ 20MG TABS,10'S,0
RABEQ1,RABEQ DSR CAPS,10'S,0
RABEL1,RABEQ LS TABS,10'S,0
11VER,VERMIDOL P TAB,10,0
VERP1,VERMIDOL P TABS,10'S,0
VEFJKH,VEROCETAM PLUS TAB,1*10,0
VOZ200,VIZOCEF 200MG TABS,10'S,0
VIZA1,VIZOCEF O TABS,10'S,0
GDJKGH,VIZOCET M TAB..,1*10,0
VIR9,VRICH FORTE CAPS,10'S,0
VR200,VRICH SYRUP,200ML,0
VRIC1,VRICH9G CAPS,10'S,0
ALDO,ALDOX-OD,10,0
CLEM1,CLEVER M TABS,10'S,0
CL15,CLEVER TABS,10'S,0
STREW,STRESS O LYTE POW,1KG,0
BLAZL,BLAZIA L GEL,20GM,0
BRUN9,BRUNDA UNDER EYE CREAM,15GM,0
JSFDJH,FEPANIL 500 SYP,1*60ML,5
FER21,FERCEL XT TABS,10'S,0
PRES9,PRESSCLAV 228.5MG SYRUP,30ML,0
RXME1,RXMEF SYRUP,60ML,0
ENR11,ENRISTAS 1MF TABS,10'S,0
ENR1,ENRISTAS 2MF TABS,10'S,0
ENN3,ENRISTAS 3MF TABS,10'S,0
ENRI.,ENRISTAS 4MF TABS,10'S,0
GRN11,GRANTIN CAPS,010'S,0
ME100,METASENS 1000MG TABS,10'S,0
ME211,METASENS 500MG TABS,10'S,0
VES11,VESTAN 10MG TABS,10'S,0
HB141,HIBPRO VIAL,1ML,0
M697,MYESTIN 60MG TABS,20'S,0
OVHP,OVUTRIG HP 5000 I.U.,1'S,0
CASTHJ,CAST SHOE SMALL VISSCO,1,0
VICGSJ,ELBOW CRUST VISSCO,1,0
QIFDUI,KOLASIL OINT,15GM,0
ORTHOA,ORTHO HOSPITAL BACK REST,1'S,0
YSDFGY,ORTHOPAEDIC ELE HEATING,1*1,0
NBHGBH,PROVA ABDOMINAL BELT,1,0
GFTKK,PROVA ANKLE BINDER,1,0
JKBHG,PROVA ARM SLING,1,0
YTFYU,PROVA CERVICAL COLLAR,1,0
NJKFDD,PROVA FINGER EXTENSION,1,0
GGF,NH PROVA LEG TRACTION KIT,1,0
HGBH,PROVA LS BELT,1,0
HRRYU,PROVA WALKING STICK,1,0
QUAGJS,QUADRIPOD STICKS VISSCO,1,0
TRIJGJ,TRIPOD STICK VISSCO,1,0
V277,VANSAFE CP1GM VIAL,2ML,0
V143,VICCO TURMERIC CREAM,80GMS,0
JHRHWR,VISCCO ORTHOPAEDIC,1*1,0
VOISCO,VISCO COMPARISION,1,0
VIS,VISCO DLS BRACE MEDIUM,1,0
VGHVSD,VISCO PILLOW,1,0
VISCO,VISCO SILICON INSOLE,1,0
VISSCC,VISSCO ACTIVE BAND,1,0
BJSDHF,VISSCO COCCYX SEAT,1*1,0
DFJDJF,VISSCO KNEE WRAP,1,0
VIXZJS,VISSCO PLATINUM STOCKINGS 1,,0
VDIADH,VISSCO SHOULDER PULLEY,1,0
VISCSD,VISSCO STOCKINGS BELOW,1,0
BSAJFH,VISSCO TRIPOD STICK,1,0
WOLKER,VISSCO WALKER,1,0
VISFSF,VISSCO WALKER NEDIPEDIC,,0
ALLCH9,ALLCHRONO CR 200MG TABS,10'S,0
ALLC3,ALLCHRONO CR300MG TABS,10'S,0
DRCE,DEBRIDACE OINT,15GM,8
N341,NIVARAN-90 COUGH DROPS,8ML,0
GFWFWF,VISSCO BUNION CORRECTOR,1,0
AE11,ACELODOL MR TABS,10'S,0
AC,4 ACELODOL PLUS TABS,10'S,0
ACE.,ACELOFLAM PLUS TABS,15'S,0
IM41,IMMUNOGEN FORTE CAPS,10'S,0
LUK1,LUKASMA LC TABS,10'S,0
MC,2 MECOVION FORTE TABS,10'S,0
M,12 MECOVION INJ,2ML,0
MYC1,MYCON TABS,1'S,0
MYBT1,MYOLAX BRT TABS,10'S,0
MYO6,MYOLAX GEL,30GM,0
ORC1,MYORATE TC4 TABS,10'S,0
OCE1,OCERIN GM TABS,10'S,0
ORN500,ORNOLIN 500MG TABS,10'S,0
REC32,RECEFTIL 250MG TABS,10'S,0
VSP1,VISAPROZ 20MG TABS,10'S,0
VIT13,VITANE TABS,15'S,0
IFQIDG,KOLAHEAL M OINT,5ML,0
MEG1D,MEGLUDYNE INJ,20ML,0
M686,MINERAL WATER (CRANE),1LIT,0
SWT1,SWET 16SIZE NEEDILE,1,0
BIOZ1,BIOZEL CREAM,15GM,0
HJEKJK,HEALACE 7.5GM,1*7.5,0
HEA32,HEALACE OINT,15GM,0
KOLH9,KOLAHEAL M PARTICLES,10ML,0
R581,RELISH POWDER,75,0
RELIS,RELISH SWEET MAKAR,500GM,0
RE1KG,RELISH SWEET MAKAR,1KG,0
SALBU1,SEROALBUMIN INJ,100ML,0
ATOD,ATLOL-50 TAB,14'S,1096
AND21,ANDREVA SR TABS,7'S,0
CO11,CONCEVA F CAPS,10'S,0
DCSHGJ,CONCEVA GOLD TAB,1*10,0
CONM1,CONCEVA M TABS,10'S,0
ERE9,EREVA TABS,10'S,0
RUMP9,RUMATIN P TABS,10'S,0
TH32,THIOBIT PLUS CAPS,10'S,0
YCY,YCYST D TABS,10'S,0
YCY1,YCYST FORTE CAPS,10'S,0
YC11,YCYST M CAPS,10'S,0
FKJHFF,GLIMIJOY MF1 MG TAB,1*15,0
FJKHBG,GLIMIJOY MF2 TAB,,0
DKGFKK,NERVIJOY PG TAB,1*10,0
NERJ1,NERVIJOY TABS,10'S,0
JFHLHL,PREGABID NT 10MG TAB,1*15,0
TKRHGL,TELMIJOY 40MG TAB,1*15,0
LHHJGH,TELMIJOY H TAB,1*10,0
FL44,FOLCARE Z CAPS,10'S,0
MASCSX,MAXTRA P TAB,1*10,0
MEBBBB,MEE MEE WIPES,1*1,0
UTRTT,NADOXIN CREAM,1*10GM,2
QWFUDD,XEPONOXIN CREAM,5GM,0
ADAP,ADAPLE C GEL,15GM,1
AL/C,ALANZ CAP'S,10'S,0
ALANZ,ALANZ D TABS,10'S,0
ART1,ARTILAGE TABS,10'S,0
VBB2,B BACT OINT,5GM,0
BRIT,BRITE CREAM,20GM,1
BRL1,BRITE LITE CREAM,20GM,3
A383,BRITE NIGHT CREAM,20 GM,0
CAL40,CAL 40 TABS,10'S,0
CAMD,CAMYDA 300 INJ,1,40
CAMY1,CAMYDA GEL,10GM,0
C082,CARISOMA COMP TABS,10'S,40
CEJGKG,CELERACT ADVACE TAB,1*30,0
C086,CINTIGO 25MG TABS,10'S,450
COLI1,COLIMEX DF DROPS,15ML,0
C088,COLIMEX DROPS,10ML,2
COL3,COLIMEX SYRUP,30ML,5
C089,COLIMEX TABS,10`S,0
D1Z2,DEFZA 1MG TABS,6'S,0
DEF24,DEFZA 24MG TABS,6'S,0
DEF21,DEFZA 30 TABS,6'S,0
DF11,DEFZA 6 TABS,1'0S,40
D037,DIMOL 40MG TABS,10'S,0
D340,DIMOL DROPS,10ML,0
D039,DIOVOL BUBBLEGUM SYP,170ML,0
D344,DIOVOL FORTE DGL SYRUP,170ML,10
DIFL,DIOVOL LA SYRUP,200ML,2
DIVBU0,DIOVOL MINT SYRUP,170ML,4
D343,DIOVOL MINTS TABS,10'S,0
HF7UY,DIOVOL PLUS FORTE SYP,1*1,30
D040,DIOVOL PLUS SYRUP,170ML,7
D041,DIOVOL TABS,1*20,0
DOBEST,DOBEST CAPS,10'S,0
FRXT1,FERED XT CAPS,10'S,0
FLUAF1,FLUCOLD AF DROPS,15ML,4
FKLDGG,FLUCOLD AF SYP 60ML,1*60ML,11
FLUCOL,FLUCOLD DROPS,15ML,6
FLU/DS,FLUCOLD DS SYRUP,1'S,2
F242,FLUCOLD SYRUP,60ML,10
F243,FLUCOLD TABS,10'S,1040
FLUB,FUSIWAL B CREAM,10GM,4
FUS20,FUSIWAL CREAM,15GM,0
FUSIWA,FUSIWAL CREAM 5GM,5GM,9
FUSI,FUSIWAL OINT,5GM,3
F031,FUSIWAL OINT 15GM,15GM,7
GEM31,GEMBONE CAPS,10'S,0
G009,GRAVOL TABS,10`S,50
DJHLHG,ISOIN 10MG TAB,1*10,0
IS14,ISOIN 20 CAPS,10'S,0
ITZ,ITOZ TABS,10'S,0
KEYL1,KEYLYTE SYRUP,200ML,2
L523,KLYNX GEL,10GM,0
LX13,LAXIWAL SYRUP,100ML,0
LA11,LAXIWAL SYRUP,200ML,0
LEF10,LEFUMA 10MG TABS,10'S,0
LEF20,LEFUMA 20MG TABS,10'S,0
LOOK12,LOOKBRITE OINT,20GM,0
LB14,LUBRIJOINT 750 TABS,60'S,0
LUB750,LUBRIJOINT 750MG TABS,30'S,0
LUB12,LUBRIJOINT OD TABS,30'S,0
LBP,LUBRIJOINT PLUS TABS,30'S,0
LUBRI,LUBRIJOINT TABS 60'S,60'S,0
L202,LYNX 500MG CAPS,15`S,43
LYNG,LYNX ACTIV GEL,100G,0
L036,LYNX AMP,1*2ML,10
MX23,MEXT 10MG TABS,10'S,30
MEX22,MEXT 15MG TABS,10'S,30
"MEXT.,",MEXT 50MG INJ,2ML,0
MXT5,MEXT 5MG TAB'S,10'S,0
MXF,MEXT 7.5F TABS,1'S,3
MEX11,MEXT 7.5MG TABS,10'S,26
MTA1,MTAZ CREAM,5GM,0
HGJFSH,NITROFUR SR TAB,1*14,0
NIZOWL,NIZOWAL SOAP,75GM,19
O241,ONECAN 150 TABS,1'S,60
O410,ONECAN 200MG TABS,2`S,0
DLJFLH,ONECAN 400MG TAB,1*2,0
ONEC,ONECAN 50 TAB,1'S,0
ON11,ONECAN POWDER,75GM,1
OPR1,OPARA 1000MG TABS,10'S,0
OXCQ,OXCQ 200MG TABS,10'S,0
JKHFFJ,OXCQ 300MG TAB,1*10,0
OXC1,OXCQ 400MG TABS,10'S,0
MS,PARAMET 650 TAB,15'S,825
KJA,PARAMET DROPS,15ML,6
PARAME,PARAMET SYRUP,60ML,23
P038,PARAMET TABS,10`S,1340
P366,PERSOL AC 5% GEL,30GM,2
P365,PERSOL AC 2.5% GEL,30GM,2
P367,PERSOL FORTE CREAM,20GM,0
RAZD,RABZER D CAP,1X10S,0
REAFDF,RELACE T4 TAB,10'S,0
RO1,ROZON 10MG TABS,10'S,0
NHH,ROZON 5 TABS,"10,S",0
ROZ10,ROZON D10 TABS,10'S,0
ROD1,ROZON D5 TABS,10'S,0
S733,SAZO 500 TABS,15'S,45
143,SAZO 1000MG TABS,15'S,45
S037,SENSIVAL 25MG TABS,10`S,0
S791,SOONIL TABS,10'S,0
S259,SPERT MOM CHOC POWDER,200GM,0
TT320,T-TOP 0.03% OINT,10GM,0
TT321,T-TOP FORTE OINT,10GM,0
TAI11,TAIYU SILK CREAM,10ML,0
HFHHHH,TAIYU SUNSCREEN GEL 60GM,1*1,0
TAIY1,TAIYU SUNSCREEN LOTION,100ML,0
THIO,THIOX OD 16MG TABS,5'S,0
THOD,THIOX OD8 CAPS,5'S,0
TMA2,TMART R TABS,10'S,0
TRIW1,TRI WALAPHAGE 1MG TABS,10'S,0
TRIW2,TRI WALAPHAGE 2 TABS,10'S,0
ULP,ULTRICH 200GM,200GM,0
ULTR,ULTRICH MOM POWDER,200GM,0
WL21,WALADERM CREAM,5GM,0
W59,WALAMYCIN DRY SYRUP,30ML,1
W87,WALAMYCIN DS SUS,30ML,0
W008,WALAPHAGE 500MG TABS,10`S,0
W009,WALAPHAGE 850MG TABS,1*15,0
WALGP1,WALAPHAGE G1 TABS,15'S,75
LIM,WALAPHAGE G2 TABS,15'S,105
WAL,WALAPHAGE GP2 TABS,10'S,0
WLP45,WALAPHAGE SR 1000 TABS,15'S,0
WALS,WALAPHAGE SR 500 TABS,15'S,165
WAL30,WALFORMIN OD 30 TABS,10'S,0
WAL60,WALFORMIN OD60MG TABS,10'S,0
W105,WALFORMIN TABS,10`S,0
WAB,WALTUZ BR SYRUP,1X100ML,0
WADX,WALTUZ-DX SYRUP,1X100ML,0
WAJDHJ,WALYTE P BIG SACHETS,22GM,0
W92,WALYTE P SACHETS SMALL,5.7GM,6340
WAN,WANTAC 150 TAB,30'S,570
WL19,WELCAL TABS,10'S,10
WIJU2,WIJUNEURON NT TABS,10'S,0
WIJUN1,WIJUNEURON PG TABS,10'S,0
JFHJGJ,ZN 20 DROPS 15ML,1*15ML,7
ZN14,ZN20 SYRUP,100ML,2
"ZN.,",ZN20 SYRUP,50ML,0
BRA2,BRAINFOL PLUS TABS,10'S,0
BRA1,BRAINFOL TABS,10'S,0
CERN,CEREBRAIN CAP,10S,0
GABAN1,GABAVAL TABS,10'S,0
D626,DROTIN DS TABS,15'S,0
D761,DROTIN M TABS,10'S,80
G028,GESTIN TABS,10'S,0
HEOIHF,HEPSURE SACHETS 10G,1*1,0
MART,MARTIFUR TAB,14'S,0
P379,POTKLOR SYRUP,200ML,10
U48,URISPAS TABS,15'S,70
V116,VENUSMIN 300MG TABS,8`S,0
BOND1,BONANSA D TABS,10'S,0
BON11,BONANSA TABS,15'S,0
BREAF9,BREAKFIX TABS,15'S,0
CDM1,CDENSE TABS,10'S,0
CEM2,CEMAX 1.5MG INJ,10ML,0
CT16,CEMAX T 500 TAB,6'S,0
CH12,CHEER CAPS,10'S,0
CH41,CHEER SYRUP,200ML,0
CHYM2,CHYMONAC MR TABS,10'S,0
CP14,CPINK DROPS,15ML,0
CIPM1,CPINK M TABS,15'S,0
CPK,CPINK SYRUP,200ML,0
CPI,CPINK TABS,10'S,0
ET14,ETOSAFE ER TABS,10'S,0
ETP11,ETOSAFE P TABS,10'S,0
FL41,FOLININE CAPS,15'S,0
FOLD1,FOLININE D CAPS,15'S,0
GRSR9,GROFER SR TABS,10'S,0
INF33,INFLAB TR TABS,10'S,0
INFC1,INFLACURE C TABS,10'S,0
JU,INFLACURE P,"10,S",0
INF09,INFLACURE T GEL,30GM,0
LR43,LORQRS P(C CAM PLUS) TABS 10'S,,0
NF14,NIFTY SR TABS,10'S,0
OSCD,OSTEOCID 20 CAP,10S,0
OA43,OSTEOCID D CAPS,10'S,0
PL,0 PLUSLINE TABS,10'S,0
PRDF1,PRODUCTIV F TABS,10'S,0
PDG01,PRODUCTIV GOLD TABS,15'S,0
POR1,PRODUCTIV M TABS,50'S,0
PRO/PC,PRODUCTIV PCOS TABS,10'S,0
RB131,RABIPLUS CAPS,10'S,0
RA,I RABIPLUS D CAPS,15'S,0
SNG1,SINGLOR TABS,10'S,0
TAL21,TALIA D3 60K CAPS,4'S,0
WL11,WELLBONE INJ,1'S,0
A4812,ADTROL CAP,10'S,0
145,ADTROL PLUS CAPS,15' S,0
C1479,CEMAX 1GM INJ,1'S,0
C1476,CEMAX-T250MG TABS,6'S,0
CHY22,CHYMONAC TABS,10'S,0
CORS,CORIMINIC SYRUP,1X60ML,0
LORT1,LORQRS T TABS,6'S,0
N411,NURTURE CHOC PWD,200GM,0
OSN,OSTEO NURON CAP,10'S,0
OST,OSTEOCERIN TAB,10X10S,0
S749,SENASOF TABS,10'S,0
Z453,ZEVA TABS,10'S,0
ZEVN1,ZEVANURON CAP,1X10'S,0
M079,MELANOCYL LOTION,25ML,0
RELEKF,RELACE P TAB,10'S,0
DREXID,REXIDIN SRS M/W,75ML,2
D237,DENTOGEL LIQ,15ML,6
H023,HALLS CHOCOLETS,,0
H027,HALLS FRESH LIME,350'S,0
DENTO,DENTOGEL MOUTH GEL,15GM,4
R699,REXIDIN M GEL,10GM,0
REDP,REXIDIN PLUS MOUTH WASH,175ML,0
RRS26,RR SENSOFORM TOOTHPAST,80GM,0
RRS1,RR SENSOFORM TOOTHPAST,40GM,0
S937,SENOLIN SF GEL,50GM,0
S1017,SENSODENT KF BIG TOOTH,100GM,46
S1083,SENSODENT KF SMALL TOOTH,50GM,16
FDF,THIOX GEL 30GM,30GM,0
D424,DEXOREN S EYE DROPS,5ML,0
H186,HOMIDE EYE DROPS,5ML,3
I273,IRISOL PLUS EYE DROPS,10ML,0
R289,RENOLEN EYE DROPS,10ML,0
REXIDI,REXIDIN M FORTE GEL,15GM,7
R572,REXIDIN M GEL,20GM,0
R342,REXIDIN MOUTH WASH,60ML,1
R417,REXIDIN MOUTH WASH,100ML,0
S248,SENOLIN BIG TOOTHPASTE,100GM,0
S518,SENOLIN DENTURE BRUSH,1'S,0
S247,SENOLIN SMALL TOOTHPASTE,50GM,0
S245,SENSODENT K BIG,100GM,50
S246,SENSODENT K SMALL,50GM,73
SAMJWE,SENSODENT-K PLUS,100GM,6
S890,SENSODYNE BRUSH,1'S,0
S244,SENSOFORM TOOTHPAST,120GM,40
S243,SENSOFORM TOOTHPASTE,50GM,47
S535,SENSOFROM GUM PAINT,15ML,2
Z162,ZINCOREN EYE DROPS,10ML,0
DO125,DUCK FEEDING BOTTLE,125ML,0
DO250,DUCK FEEDING BOTTLE,250ML,0
DOLS1,DUCK LATER SOOTHER,1,0
DON9,DUCK NIPPLES,1,0
B,J B JOY PLUS CAP,10'S,40
BRH1,B-RICH CAPS,10'S,20
BRG11,B-RICH GOLD TABS,10'S,20
BKUFHS,BIO COQ CAP,1*10,30
KJFBGB,BIO COQ FORTE CAP,1*10,0
NKFJGG,BIOCITA FORTE TAB,1*10,0
BIO31,BIOLIN P TABS,10'S,0
BIR5,BIOROXIME 500MG TABS,010'S,0
BIOT1,BIOTAZ 4.5MG VAIL,4.5MG,0
CBJKFJ,C RICH PLUS TAB,,0
C1554,CEFCARE 200MG TABS,10'S,0
CEFF1,CEFCARE CV TABS,10'S,0
DIA32,DIA MGR TABS,10'S,0
DIAP1,DIA P TABS,10'S,0
FOL13,FOLCARE Z SYRUP,100ML,0
KSFJKK,GEOPRO POWDER,1*200,0
LV44,LEVOCARE TABS,10'S,0
ME19,MECORICH AMP,1ML,0
MML1,MLC TABS,10'S,140
XO12,OXIWEL CAPS,CAPS,0
OXIW11,OXIWEL SYRUP,200ML,0
REL4,RELIFNAC 4MG TABS,10'S,0
RELIFN,RELIFNAC 8MG TABS,10'S,0
ST20,STIL 50MG TABS,10'S,0
DKMJKJ,WELCAL D3 60K CAP,1*10,0
WERLKN,WELCAL D3 PLUS TAB,1*10,0
WL12,WELCITROL TABS,10'S,0
WEL625,WELCLAV 625MG TABS,10'S,0
WL41,WELGRIL 75MG TABS,10'S,0
NFNNFG,WELNAC SP TAB,1*10,0
WEL21,WELPAN 40MG TABS,10'S,0
WEL1,WELPAN DSR CAPS,10'S,0
WEL,WELPRO PLUS POWDER,200GM,0
WEL11,WELPRO POWDER,200M,0
ASLDFB,WELPRO SF POWDER,1*200GM,0
WERLKJ,WELRICH CAP,1*10,30
CAROL,CAROLYC SUSPENSION,200ML,0
CHYMP,CHYMOLIFT-PLUS,10'S,100
COXIF,COXIFY-PG,10'S,40
DIZD,DIZNOR-D,10'S,0
GELFL,GELFLUX-O SYRUP,170ML,9
NAPRDF,NAPROCK-D TAB,10'S,90
PODE20,PODECK-200MG,10'S,200
QUICKR,QUICKRAFT SYP,200ML,0
MRVOL,VOLRIN MR TABLETS,10'S,0
VOLMR,VOLRIN-MR,10'S,0
VOLRIN,VOLRIN-TH INJ,1,0
ZYMIGH,ZYMIGHT PLUS SY,300ML,3
ZYSY,ZYMIGHT SY,100ML,10
GHWRRW,RZOLER-IT TAB,1*10,0
DHHFDD,TRALOL A TAB,1*10,0
WD3,WHISCAL -D3 TAB,10,0
FHFFGG,WHISCAL CT TAB,1*10,0
WHIOSD,WHIZNAC GEL 25GM,1*25G,0
JHYWER,OMEN ACT TAB,1*10,0
BET,BETADIN OINTMENT 250GMS,,0
B434,BETADINE AD SHAMPOO,60ML,0
BT44,BETADINE GARGIL,100ML,3
BET8,BETADINE GARGLE,50ML,7
BETB,BETADINE OINT,125GM,2
B392,BETADINE OINT,20GM,20
B008,BETADINE POWDER,10GM,2
B263,BETADINE SCRUB,50ML,2
BES40,BETADINE SCURB LOTION,500ML,0
B260,BETADINE SOLUCTION,450ML,0
B264,BETADINE SOLUTION,100ML,27
BETAVI,BETADINE VAGINAL TABS,10'S,10
CJBSDG,CARNITOR PLUS TAB,1*10,0
CONTRA,CONTRACTUBEX OINT,20GM,1
C437,CORION 5000MG VIAL,1'S,0
DJLVJK,COS -3 SYP 200ML,1*200ML,0
CJGBCD,COS 3 DROPS 30ML,1*1,0
DICTAB,DICLOMOL TABS,10'S,0
EL2,ELGYDIUM PAST,50GM,0
G135,GONABLOK 100MG CAPS,10'S,0
G134,GONABLOK 50MG CAPS,10'S,0
H307,HEPAMERZ AMP,10ML,3
H270,HEPAMERZ GRANUELS SACHETS 1'S,,0
H333,HEPAMERZ SYRUP,60ML,3
HEPTAB,HEPAMERZ TABS,10`S,15
MEDE,MEDERMA CREAM,1X20GM,0
MED1,MEDERMA GEL,10GM,0
MOVJIV,MOVICIOL PEADIATRIC,1*81G,0
MOV11,MOVICOL 13.81GM SACHET,13.81GM,0
MIOPVH,MOVICOL LIQUID 200ML,1*200ML,1
MY41,MYOSPAS D TABS,10'S,10
JHGHS,MYOSPAS F TAB,1*10,0
MYOSPA,MYOSPAS TABS,10'S,0
MYOFOR,MYOSPAZ F TABS,10'S,0
MYOS,MYOSPAZ TAB,10,35
NU23,NUSOWIN POWDER,400GM,0
SN1,SENSIGEL,50GM,0
UDIHEP,UDIHEP TABS,10`S,0
CFL,C FLOX TABS,10'S,0
ADWEAA,ORA-SORE OINT,10GM,0
ZKT,ZIVERDO KIT,1,0
OOKKDD,WIPEOUT BODY WASH ALL,1,0
WIPERE,WIPEOUT CLEANSING TOWELS,1,0
WIPWRK,WIPEOUT FACE SCRUB,1,0
WWYQWY,WIPEOUT FACE WASH,1,0
EEPWOR,WIPEOUT FOOT CREAM,1,0
WIPERJ,WIPEOUT HAND CREAM,1,0
FHUFDF,WIPEOUT KPLAY ACAI BERRY,1,0
WOWPFK,WIPEOUT KPLAY LYCHEE,1,0
HREJRH,WIPEOUT KPLAY MANDARIN,1,0
MSJWRJ,WIPEOUT MM SANITAIZING,1,0
SUDHHA,WIPEOUT ONION CONDITIONER 1,,0
SDGADA,WIPEOUT ONION HAIR OIL,1,0
UASYUD,WIPEOUT ONION HAIR SERUM,1,0
FDJDUN,WIPEOUT ONION SHAMPOO,1,0
WJEUWQ,WIPEOUT SANITAIZING SPRAY 1,,0
WIPWRW,WIPEOUT SOAP,1,0
JIWUEQ,WIPEOUT ST BOTANICA HAIR,1,0
WIEPOR,WIPEOUT ST.BOTANICA,1,0
WIPEOR,WIPEOUT ST.BOTANICA,1,0
WIPERS,WIPEOUT WIPES,1*80P,0
CLEN0,CLENVEIL ADVANCED CREAM,10GM,0
GLUCOV,GLUCOVITA BOLTS SMALL,1'S,0
GLUC1,GLUCOVITA ORS DRINKS,1'S,0
GLE,GLUCOVITA POWDER,500GM,0
GK1,GLUCOVITA POWDERS ALL,ALL,0
DSAAAA,ORANGE SOAP,1*100GML,0
SAFF1,SAFE WASH LIQ ALL,ALL,0
DGFGGF,SANTOOR HAND WASH 100ML,1*100ML,0
STOO,SANTOOR SOAP,75GM,0
W4810,WIPRO BABY OIL BIG,100ML,0
W89,WIPRO BABY OIL SMALL,50ML,0
W4814,WIPRO BABY POWDER BIG,200GM,0
W88,WIPRO BABY POWDER SMALL,100GM,0
WIBS,WIPRO BABY SOAP,75GM,0
WIP100,WIPRO BABY TALC POWDER,100MG,0
WIP,WIPRO FEEDING BOT CLA,125ML,0
W4813,WIPRO FEEDING BOT CLA,250ML,0
B1640,WIPRO FEEDING BOT ORD,250ML,0
WI,WIPRO FEEDING GIFFY,125 ML,0
WIPR1,WIPRO HONEY 1KG,1KG,0
WIP200,WIPRO POWDER,200GMS,0
WIP1,WIPRO SHIKAKAI SOAP,120GM,0
W4815,WIPRO SILICON NIPPLE,1'S,0
WSH,WIPRO SUGAR TABS,300+300S,0
WP14,WIPRO SWEET N HEAL,100+100,0
WIP.,WIPRO SWEET N HEALTH,300,0
WIPRO.,WIPRO SWEET N HEALTH,400,0
YARRK.,YARDLEY BODY SPRAY,1'S,0
ACC3,ACCECLOWOC MR TABS,10'S,0
ACL11\,ACELOGESIC PLUS TABS,10'S,0
AAMP1,AMPIWOK 500MG CAPS,10'S,0
ANC,ANTESS CAP,1X10S,0
CLOCI2,CLOCIBIOTIC EAR DROPS,5ML,0
DEFL2,DEFLAWOK 6MG TABS,10'S,180
FIR,FIRST FOOD WH MILK,400MG,0
FIX13,FIXIME AZ TABS,10'S,0
FIX32,FIXIME CV TABS,6'S,0
GEMF1,GEMFUL CAPS,15'S,0
GLIMA2,GLIMADAY 2MG TABS,10'S,0
LJNGNG,GLIMDA MV2 TAB,1*15,400
IMMU,IMMULINA 400 TAB,10,0
0LOR3,LORNIWOK TABS,10'S,0
MER13,MERIMOX 500MG CAPS,10,0
NIC12,NICODOL INJ,2ML,0
PEMN2,PENTAWOK DSR CAPS,10'S,0
PEN123,PENTOWOK 40,10,0
PENT1,PENTOWOK DSR CAPS,10'S,0
PRE6,PREGNIWOK KIT,,0
RADS,RABIWOK DSR CAP,10X10S,200
REDKO1,REDKOF SYRUP,100ML,0
SR,SETRIDE TABS,10'S,0
TEL90,TELMIWOCK 40MG TABS,10'S,60
TEL,MI TELMIWOCK AM TAB,10'S,0
TEL541,TELMIWOCK H TABS,10'S,0
TRN12,TRANZAT 2ML INJ,2ML,0
WINGO,WINOFIT GOLD CAPS,15,150
WIG,WINOGEL 30GM GEL,1X30G,0
WIN500,WINSULIN 500MG TABS,10'S,0
ACC32,ACCECLOWOC P TABS,10'S,0
ACCEW,ACCELOWOC SP TAB,1*10,0
FRX1,FAREX LBW POWDER,400MG,0
MON,MONTEWOK LC TAB,1*10,0
ONDI1,ONDITRON 4MG TABS,10'S,0
TEMX1,TEMAX 20MG TABS,14'S,0
ACHKAG,ACE PROXYVON TH4 TAB,1*10,0
ACPT8,ACE PROXYVON TH8 TABS,10'S,0
ACEPRO,ACE-PROXYVON CR TABS,10'S,0
ACP2,ACE-PROXYVON GEL,30GM,0
APTP9,APTAMIL 3 POWDER,400GM,0
APJFMA,APTAMIL PRETERM 400GM,1*400G,0
A091,AZIWOK 250MG TABS,6'S,0
A711,AZIWOK 500MG TABS,1'S,0
BIOA9,BIOVAC A VACCINE,0.5ML,0
BIOV9,BIOVAC FLU VACCINE,0.25ML,0
BIOA,BIOVAC V VACCINE,0.5ML,0
BNN11,BOND 7 TABS,10'S,0
BRZ1,BROZEDEX LS KID SYRUP,60ML,0
BROHFF,BROZEDEX LS SYP,1*100ML,0
BROZE,BROZEDEX SF SYRUP,100ML,0
B070,BROZEDEX SYRUP,100ML,12
B071,BUTAPROXYVON CAPS,8'S,0
B1717,BUTAPROXYVON GEL OINT,30GM,0
CC74,CC74 TABS,1*15,0
FLJHLJ,CONSEGNA 30/70 CARTIDEGE,1*3ML,0
BDEP,DEPIWHITE ADVANCED,1,0
D!P2,DEPIWHITE CREAM,15ML,0
DEP12,DEPIWHITE MASQU,40ML,0
DERM.,DERMIDRYL LOTION,100ML,0
D281,DEXOLAC 1 POWDER TIN,500GM,2
DEXO01,DEXOLAC 1 REFIL,500GM,1
D283,DEXOLAC 2 POWDER TIN,500GM,0
D594,DEXOLAC 2 REFIL,500GM,1
D3RF9,DEXOLAC 3 REFIL,500GM,0
DEX3,DEXOLAC 3 TIN,500 GM,0
DEX04,DEXOLAC 4 POWDER,500GM,0
FDNFLD,DEXOLAC HIKAL 400GM,1*400,0
DEXJHH,DEXOLAC PREMIUM 1 POWDER,1*400G,0
DTDDFF,DEXOLAC PREMIUM 2 POWDER,1*400G,0
DEXP3,DEXOLAC PREMIUM 3 POWDER,500GM,0
D280,DEXOLAC SPECIAL CARE,500GM,1
DOL10,DOLO PROXYVON ER100 TABS,10'S,0
DOLOP,DOLO PROXYVON TABS,10'S,0
E395,EASUM BABY CEREAL,400GM,1
FAA1,FAREX 1 TIN,500G,0
F1,FAREX 3 REFIL,500G,0
F618,FIRST FOOD RICE,400GM,0
F387,FIRST FOOD WHEAT,400GM,0
FIRA,FIRST WHEAT APPLE,1X400GM,0
FLUP,FLUPROXY CAPS,10'S,0
FM24,FM 24MG TABS,10'S,0
GGGGGH,GLARITUS 100IU INJ 10ML,1*10ML,0
G1L2,GLARITUS 100IU/3ML,3ML,0
GL100,GLARITUS DISPOPEN,100MD,0
GL90,GLARITUS PEN,1'S,0
GLIMA1,GLIMADAY 1MG TABS,14'S,0
GLIMA,GLIMADAY HS TAB,10'S,0
JDHFSJ,HAPID TAB,1*10,0
IMM800,IMMULINA 800MG TABS,10'S,0
UBFJFF,IMMULINA LIQ 400ML,1*200ML,0
I191,IMMUMOD 500MG TABS,10'S,0
I232,IMMUMOD SYRUP,200ML,0
KJSFNF,INOGLA 20MG TAB,1*15,0
JLDFNN,INOGLA M 1000MG TAB,1*10,0
INOM50,INOGLA M500MG TABS,10'S,0
LEV12,LEVOSETRIDE 5MG TABS,10'S,0
MERV,MERICOBAL VIVA TAB,"10,S",0
M304,METRONIL I.V.,100ML,0
MB11,MOBIWOK PLUS CAPS,10'S,0
M1395,MOPADAY 15MG TAB,15'S,0
M1396,MOPADAY 30MG TAB,10'S,0
MOPA,MOPADAY HS TABS,10'S,0
MYP9,MY PEN,1S',0
ND11,NADIMAX CREAM,7.5GM,0
NAP,NADOXIN 1% POWDER,1X10GM,3
NADO,NADOXIN GEL,10GM,0
NAD,NADOXIN-C CREAM,1X10GM,0
NV1,NOVOPHANE PLUS CAPS,10'S,0
NURO2,NURODAY H CAPS,10'S,0
NUY,NURODAY TAB,1X10S,0
N231,NUSOBEE CASEIN POWDER,400GM,0
147,NUSOBEE SOYA POWDER,400GM,0
O401,OBAX TABS,10`S,0
ODN11,ODNASE NASAL SPRAY,120MD,0
O507,OXRATE 300MG TABS,10`S,0
PA3,PAPULEX CREAM,20ML,0
FDHFFF,PP 26 FORTE TAB,1*10,0
PROC20,PROCEIVE SR200MG TABS,10'S,0
PRO300,PROCEIVE SR300MG TABS,10'S,0
PRODIA,PROTINEX DIABETES POWDER,500GMS,0
PR47,PROTINEX JUNI0R,400GM,0
P062,PROXYVON CAPS,8'S,0
RADD1,RADANT SPF30 LOTION,60ML,0
ROZ11,ROZUONE 20MG TABS,14'S,0
SS21,SAMMY 200 TABS,15'S,0
SM19,SAMMY 400 TABS,10'S,0
SSKNSD,SAMMY 400MG TAB,1*10,0
S055,SPASMOPROXYVON CAPS,8'S,0
SP41,SPER LOTION,100ML,0
SP01,SPER LOTION,50ML,0
SUGCH1,SUGAR CHEK STRIPS,50'S,0
TEMM1,TEMAX 40MG TABS,14'S,0
TEM1,TEMAX H TABS,14'S,0
TINJYU,TINYCARE BABY TOWEL,1,0
TRIO12,TRICEF O TABS,10'S,0
TRI12,TRIMETADAY 1MG TABS,10'S,0
TRM1,TRIMETADAY 2MG TABS,10'S,0
TRV1,TRIMETADAY V1 TABS,10'S,0
TRIM2,TRIMETADAY V2 TABS,10'S,0
T544,TRYPTOMER 50 TABS,15'S,0
VEEF9,VEELAC FIRST POWDER,400GM,0
WEP4,WEPOX 4000IU PFS INJ,4K,0
W100,WINOFIT CAPS,15'S,0
WF44,WOFOL Z CAPS,15'S,0
W024,WOKADINE CREAM,15GM,0
W017,WOKADINE OINT,15GM,0
W019,WOKADINE POWDER,10GM,0
WOK500,WOKADINE SOLUTION,500ML,0
ZDKJGH,WOSULIN 30/70 CARTIDGE,1*3ML,0
WP11,WOSULIN 30/70 DISPOPEN,3ML,0
WOSU30,WOSULIN 30/70 VIAL,1,0
WSL,WOSULIN M 30/70 CART,3ML,0
WOS1,WOSULIN N 100IU PENPILL,3ML,0
WON100,WOSULIN N 100IU VAIL,100IU,0
WOSUL,WOSULIN N VIAL,,0
WOSL1,WOSULIN R 100IU CART,10ML,0
WOR100,WOSULIN R 100IU VAIL,100IU,0
WOSUR,WOSULIN R VIAL,1,0
Z195,ZEDEX P SYRUP,60ML,0
AJLFSM,ZEDEX PLUS SYP 100ML,1*100ML,0
AJHSJG,ZEDEX SF SYP 100ML,1*100ML,0
Z022,ZEDEX SYRUP,100ML,7
ZINDER,ZINDERM ISO 10MG CAPS,10'S,0
ZIN20,ZINDERM ISO20MG CAPS,10'S,0
NEM11,NEURO-MCM PLUS CAPS,10'S,0
C108,CYNOMYCIN 100MG CAPS,4`S,0
C109,CYNOMYCIN 50MG CAPS,6`S,0
D048,DIAMOX TABS,15`S,150
H016,HETRAZAN 100MG TABS,30`S,900
L451,LOETTE TABS,21'S,0
MINE2,MINESSE TABS,28'S,0
HHFHFH,MUCAINE GEL 400ML,1*400ML,0
M683,MUCAINE GEL ORANGE,200ML,4
M096,MUCAINE GEL SYRUP,200ML,7
OVRALG,OVRAL G TABS,20'S,0
OVRALL,OVRAL L TABS,21'S,14
P154,PENIDURE LA 12 AMP,1'S,10
PR.625,PREMARIN 0.625MG TABS,28'S,0
P1V2,PREVENAR 0.5 VACCINE,0.5ML,0
S170,STRESS CAPS,10`S,0
WYSO10,WYSOLONE 10MG TABS,15'S,2757
DFJKGK,AOVA 10MG TAB,1*10,0
AO11,AOVA EZ TABS,10'S,0
FKHVDK,CIZCOLD DS SYP,1*60ML,0
BFDJKG,CORSA T TAB,1*10,0
FLHLHF,CRISZIER BR SYP 100ML,1*100ML,0
HFUYSH,FERAVIR-400MG TAB,1*10,0
ML,1 MALZIX CAPS,10'S,0
MAL11,MALZIX PLUS TABS,10'S,0
M2A1,MALZIX POWDER,200GM,0
MATCE,MATCE ER500 TABS,10'S,0
METG2,MATCE G2 FORTE TABS,10'S,0
SNDFJH,MATCE G2 TAB,1*10,0
DJGHKG,MATCE G3 FORTE TAB,1*10,0
MAHFGF,MATCE PG1 TAB,1*10,0
MATPG2,MATCE PG2 TABS,10'S,0
JKSGKD,MATCE VG 0.2/1MG TAB,1*10,0
JHBFKG,MATCE VG 0.2/2MG TAB,1*10,0
IUGWEF,MATCE VG 0.3/02 FORTE TAB 10S,,0
MATREF,MATCE VG 0.3/1FORTE TAB,1*10,0
MATVG1,MATCE VG1 TABS,10'S,0
MATV2,MATCE VG2 TABS,10'S,0
KDAGRE,MATCE-G1FORTE TAB,1*1,0
NEC1,NECXON 50 SYRUP,60ML,0
IOSDIO,OIZ FORTE CAP,1*10,0
OUK40,OUKAT 40MG TABS,10'S,0
PL10\,POLAM 75MG CAPAS,10'S,0
PIDFFF,POLAM T TAB,1*10,0
IUGTW9,RUDIPIZ PLUS SYP,100ML,0
FKGBFN,RV STAT 10MG TAB,1*10,0
RV,DHB RV STAT TG TAB,1*10,0
FDFDFG,TACIA M 500MG TAB,1*10,0
DFJJKH,TACIA TAB,1*10,0
JHFHWF,XEPENTA 40 TAB.,1*10,0
GOWFH,XEPENTA DSR CAP,1*10,0
JHJKLB,XEPENTA DSR CAP,1*10,0
ZINB0,ZINBEX CAPS,10'S,0
LFHHFG,KETOHOLD SACHETS,1*1,0
KJKJKG,KETOHOLD TAB,1*10,0
Q-TEN,Q-TEN TAB,10,0
XYCAR,XYCARB 1000MG TAB,10,0
CEFFF,CEFLOX D DROPS,10ML,0
JHQEFG,EUKROMA CREAM 20GM,1*20GM,0
CBJNBG,EUKROMA KJ CREAM,1*20GM,0
E277,EUKROMA OINT.,20GM,0
EUP,EUKROMA PLUS CREAM,1X15G,0
I100,ITRATOP 100MG CAP,1*10,0
I200,ITRATOP 200MG CAP,1*10,0
PNV,PNV TABS,10'S,0
SUNK11,SUNKROMA LOTION,60GM,0
YANT2,Y-ANTOX TABS,10'S,0
ZIN111,ZINFATE TAB,10,0
AUYRTE,AURIGLOW FASH WASH,70ML,0
ASKJFH,YUFER XT TAB,1*10,0
GUYQAS,YUZOLE CREAM,1*30GM,0
FGDTR,YUZOLE SHAMPOO,1*100GM,0
YYIDGG,YUDROX CV 625MG TAB,1*10,0
A4690,ABHYADI MODAK TABS,30`S,0
G8ITGD,BRAIN MAX SYP,150ML,0
JCGHZV,CLOP S NANO LOTION,1*20ML,0
CKJJHF,CUTICOLOR BROWN,1*1,0
GRTFYT,FALCIGO 120 AMP,1*1,0
GRD1,GRD SMART POWDER,200GM,0
KA4,K 4 TABS,30'S,0
MUGD1,MUGDHA RASA TABS,35''S,0
NEEMT9,NEEM TAIL 5%,50ML,0
OQWTEF,NEUROTRAT NP TAB,10*S,0
SR55,SARASWATHI LEHAM,225GM,0
S048,SATAVAREX GRANULES,200GM,0
XVSF,VIGOREX SF,15,0
ZANDU,ZANDU BALM 25ML,25ML,0
Z357,ZANDU BALM JUNIOR,5GM,0
ZAND3,ZANDU LALIMA,500ML,0
ZANLL1,ZANDU LALIMA OIL,200ML,0
ZAZABJ,ZANDU ORTHO OIL,100ML,0
ZANDUH,ZANDU ORTHO OIL,50ML,0
HGTYY,ZURIG 80 TAB,1*30,0
AXID9,AXID O SYRUP,100ML,0
BRX3,BREXLANT ADVANCE,200GM,0
JSGHG,CALCIQUICK D3 GOLD,1*8,0
CE1F2,CEFILIX AZ TABS,10'S,0
CIPR3,CIPROMAC D EYE DROPS,10ML,0
CLERVA,CLEARWIN FACE WASH,60GM,0
DT30,CORTRIK 30MG TABS,10'S,0
COR11,CORTRIK 6MG TABS,10'S,0
CU11,CUREWAX EAR DROPS,15ML,0
DENON,DENON SHAMPOO,50ML,0
DOXO2,DOXOFILE 400MG TABS,10'S,0
ET211,E-TONE CAPS,10;'S,0
FULR,FULRICH CALCIUM 500 TAB,1X15S,0
GFT,FULRICH SYP,200ML,0
LEE,C LEECET TAB,10,0
LECK1,LEECRIN A TABS,10'S,0
LEOZ1,LEOZINE AM TABS,10'S,0
MAR02,MARKWIN CREAM,60GM,0
MAR01,MARKWIN UNDER CREAM,"15G,M",0
MA111,MAXTOSONE CREAM,30GM,0
MECOD9,MECODOL OD TABS,10'S,0
MED11,MEDILICE CREAM,30GM,0
METN1,METNI 400M G TABS,10'S,0
MOX99,MOXIZEE EYE DROPS,10ML,0
MULS9,MULTIPREX SYRUP,200ML,0
MYF11,MYFAIR CREAM,20GM,0
MYF21,MYFAIR FACEWASH,60GM,0
NE111,NEUFOL S INJ,5ML,0
NORG1,NORGYL SYRUP,30ML,0
NOZ22,NORZY 400MG TABS,10'S,0
NTZ,NORZY TZ TAB,10'S,0
NUR26,NUROSE 1000MG CAPS,15'S,0
FLA1,OFLATOP D EYE DROPS,15ML,0
ORAS9,ORASORE GEL,10GM,0
PIL11,PILOGO CAPS,10'S,0
PTO,PRIMOWIN 1000 CAP,15,0
RUM1,RUMAGESIC OIL,60ML,0
SCAB.,SCABVENT CREAM,60ML,0
JFDJGD,SCABVENT LOTION,1*1,7
SCB9,SCABVENT SOAP,75GM,8
SEEF1,SEEFIX AZ TABS,10'S,0
SNEE,SNEEZEGO TAB,10,0
SUE9,SULONE EAR DROPS,5ML,0
SUNA1,SUNAID LOTION,60ML,0
TRM,Z TRAMZEE AMPS,2 ML,0
ZEB11,ZEBIOTIC CAPS,10'S,0
ZEC2,ZECIP D EYE DROPS,10ML,0
ZEC1,ZECIP EYE DROPS,5ML,0
ZECIP,ZECIP TZ TAB,10,0
ZEEN11,ZEEBAND SYRUP,10ML,0
ZEEG2,ZEEBIOTIC SACHETS,1GM,0
ZEE32,ZEECOBAL PLUS AMPS,2ML,0
ZEECO,ZEECOBAL-OD INJ,1'S,0
ZEEESK,ZEEGOLD WOMEN CAP,1*15,0
ZEFF1,ZEFTAL SPAS TABS,10'S,0
ZE3,ZETOFRESH MOUTH WASH,100ML,0
GDFGKJ,ZEISS ANTI FOG KIT,1*1,0
ZEISSS,ZEISS LENS SOLUTION KIT,1*1,0
ZEHDLD,ZEISS LENS WIPES 30S,1*1,0
SDFJHF,ZEISS SMARTPHONE WIPES,1*1,0
GHDGVH,CURCON CZS TAB,1*10,0
CLOPOS,CLOP G CREAM 30GM,30GM,0
GHOQWE,NOVAMOX CV FORTE SYP,60ML,0
AMZ1,AMOZEN AT TABS,10'S,0
CANEWD,CANWEL (VAN) POWDER,400GM,0
ENG2,ENCOG TABS,10'S,0
OXNN1,OX-NERVE PLUS CAPS,10'S,0
RUB1,RUBIDOL MR TABS,10'S,0
STR12,STROVEL TABS,10'S,0
IMMU1,IMMUSTAR DROPS,30ML,0
IMMUS1,IMMUSTAR SYRUP,200ML,0
A1005,ADMAX CAPS,10`S,0
ALWE1,ALWEL 10MG TABS,10'S,0
AMP11,AMPRO HP POWDER,200GM,0
UJYDU,ANCOOL SYP,170ML,0
JHHKVD,AUGPEN 300MG INJ,1*1,0
AUGP,AUGPEN-1.2GM AMP,1*1,0
AVA32,AVAMYS NASAL SPRAY,7ML,0
BAC11,BACTOMIN 375MG TABS,10'S,0
ASJ,BACTOMIN 750 TAB,6'S,6
ZEV,BEVON CAPS,15'S,30
BV14,BEVON CD CAPS,10'S,0
BEVON,BEVON SYP,200 ML,3
BRO11,BROPHYLE CAPS,10'S,0
DNBJKF,BROPHYLE N CAP,1*10,0
BROSR1,BROPHYLE SR CAPS,10'S,0
WEIFGI,BUPREPLAST 10MG,1,0
SHFHFH,CORALIUM D3 FORTE TAB,1*10,0
CORD3,CORALIUM D3 TAB,10'S,0
CORYUT,CORTIMAX 30MG TAB,1*6,0
CORT1,CORTIMAX 6MG TABS,10'S,0
C-TAX,CTAX O XL200MG TABS,10'S,0
DFSURE,DEFSURE 6MG TABS,6 S,0
SJDFLG,DIOF DS 60ML SYP,1*60ML,0
DOLE2,DOLESTIN 250MG TABS,10'S,0
EFN,EFNOCAR-40MG,1*10,0
ELRIZ,ELRIZ XL TAB,10,0
EMIGO4,EMIGO MD TABS,10'S,0
EMIG9,EMIGO SYRUP,30ML,0
ENOXAR,ENOXARIN 40MG INJ,1'S,3
EDJBFJ,ENZELO 25000 CAP,1*10,0
ES1,ESLO AT 5MG TABS,10'S,0
T4017,ESLO D TABS,10'S,0
ESLT9,ESLO TAN TABS,10'S,0
ESKFKL,ESLO TEL 5MG TAB,1*10,0
ESL1,ESLO TEL2.5 TABS,10'S,0
ES21,ESLOMET 5MG TAB,10'S,0
HFHHHF,ETOSPEED 90MG TAB,1*10,0
DHYFSD,ETOSPEED MR TAB,1*10,0
FED3,FERONIA D3 TABS,10'S,0
P659,FERONIA XT DROPS,15 ML,0
FEO,FERONIA-XT SYRUP,150ML,1
EFJLHH,FIBRICOR INJ 10ML,1*1,0
FLAZ1,FLORESP AZ NASAL SPRAY,10ML,0
FLOE1,FLORESP NASAL SPRAY,10ML,0
FLORI1,FLORISTORE 2.5MG TABS,10'S,0
FLU11,FLUVISTA 100MG CAPS,10'S,0
GUTIG,GUTCLEAR IG POWDER,90GRMS,0
GUT3,GUTCLEAR SYRUP,100ML,0
GUT1,GUTCLEAR SYRUP,200ML,0
JHYG,HILO CAPS,30'S,0
INS99,INSTAMUNE POWDER,90GM,0
FJKLHF,ISERIN GEL 10GM,1*1,0
LFD1,LAFAXID D TABS,10'S,0
MAXIL1,MAXILIV 600MG AMP,1*1,0
MAXL1,MAXILIV TABS,10'S,0
MAXTG1,MAXTRA COLD TABS,10'S,0
UIQGDW,MAXTRA GARGLE,120ML,0
MX,MAXTRA HS DROPS,15ML,2
MAX-2,MAXTRA ORAL DROPS,15ML,5
MAPS,MAXTRA P 60ML,1X60ML,2
MP19,MAXTRA P DROPS,15ML,3
M86,MAXTRA SYRUP 60ML,60ML,2
MEC13,MECOVON OD CAPS,10'S,0
MEF100,MEFAST 100,60ML,0
MEGN1,MEGANANO GEL,15GM,0
ME500,MEROTEC 500MG INJ,500MG,0
MYO1,MYOTOL F TABS,10'S,0
MYT1,MYOTOP 150MG TABS,10'S,0
MYOT1,MYOTOP P TABS,10'S,0
MY450,MYOTOP SR450 TABS,6'S,0
NEXD1,NEXDOL P TABS,10\S,0
NUK10,NUKAST 10MG TABS,10'S,0
NUKJ1,NUKAST 4 SYRUP,60ML,0
NUK4,NUKAST 4MG TABS,10'S,0
PEG01,PEGCLEAR SYP,200ML,0
GSUFSF,PROGERMINA SUSP,1*1,0
RAB1V,RABIFAST 20MG IV INJ,20MG,0
RABI-1,RABIFAST 20MG TAB,15'S,0
RABF,RABIFAST DSR CAP,10'S,0
RAXL20,RABIFAST XL TABS,10'S,0
FUHFDN,RIFAXIMAX 400MG TAB,1*10,0
SEF21,SEFSTART CAPS,10'S,0
SE801,SERETRA 80MG TABS,10'S,0
SET300,SETOLAC 300 ER TABS,10'S,0
SOVDC,SOVENTUS DC SYRUP,100ML,0
SOV3,SOVENTUS JR SYRUP,60ML,0
SOVLS9,SOVENTUS LS SYRUP,100ML,0
S2V4,SOVENTUS SYRUP,100ML,0
TPN1,TAPENTA 50MG TABS,10'S,0
TAN75,TAPENTA 75MG TABS,10'S,0
EHTHTG,TENDOFIRM CAP,1*15,0
TIBROL,TIBROLIN D,10,0
AKSHGF,TRIBOLIN D TAB,1*10,0
TRX1,TROXIP 100MG TABS,10'S,0
TUMSP9,TUMSUP DROPS,30ML,0
URS11,URSOMAX 300MG TABS,10'S,20
VT13,VITANOVA D3 SG CAPS,4'S,0
VITA/.,VITANOVA DROPS,15ML,0
VIT11,VITANOVA SACHET,1GM,0
ZINCBJ,ZINCONIA 50MG TAB,1*10,0
I,ZINCONIA SYRUP,50 ML,0
ASDVHG,ZINCORESP SYP 150ML,1*150ML,3
ADKJFK,ZOSA DSR CAP,1*15,60
ZOL,ZOSA-L,15,45
ZS001,ZOSTUM 1.5 AMP,1*10ML,28
ZOST,ZOSTUM 1GM AMP,1*1,45
ZOST2,ZOSTUM-2G AMP,1*1,0
455,ZOSTUM-O 200 TABS,1X10'S,10
GFKGHK,DUCIRA GEL,1*10GM,0
ACT450,ACTIBILE 450MG TABS,10'S,0
111A,ALDONIL OD TABS,10'S,20
AL11,ALDONIL TABS,10'S,20
A1L32,ALFATAM 0.4MG TABS,10'S,0
A747,AMLODAC 10MG TABS,15'S,0
A746,AMLODAC 2.5MG TABS,1*30,180
AMD5,AMLODAC 5MG,1*30`S,0
AMDAT,AMLODAC AT TABS,15'S,0
AMLD1,AMLODAC CH TABS,10'S,0
1AL1,AMLODAC D TABS,10'S,0
"AML,",AMLODAC H TABS,10'S,0
AMLDM,AMLODAC M TABS,15'S,0
AMDT,AMLODAC T TABS,15'S,0
ANGEL,ANGELICA TABS,10'S,0
A388,ATEN 100MG TABS,14'S,0
A25,ATEN 25MG TABS,14'S,397
A566,ATEN AM TABS,14'S,554
A4803,ATEN D TAB,10'S,20
A780,ATORVA 10MG TABS,1*15,30
A4785,ATORVA 20MG TABS,1*15,45
AT41,ATORVA 40 TABS,10'S,0
A4808,ATORVA 5MG TABS,10'S,0
AFTJH,ATORVA 80MG TAB,10,0
ATOA,ATORVA ASP CAP,1X10S,0
AILD1,AZILDAC 40MG TABS,10'S,0
'AZ23,AZIVISTA 250MG TABS,6'S,0
AZITH,AZIVISTA CF TABS,10'S,0
B369,BILOVAS TABS,10'S,30
DKHFBB,BILYPSA TAB,1*45,0
BIOT15,BIOTREXATE 15MG INJ,3ML,0
DSJHFH,BIOVORIN 50MG INJ,1*1,0
BOIBDC,BONEMAX PEN DEVICE,1*1,0
BRIO0,BRIOPT EYE DROPS,5ML,0
BYTDGN,BTN 5MG TAB,1*10,0
BURF1,BURPEX CAPS,10'S,0
CAL32,CALCISPARY NASAL SPRAY,60MD,0
C1310,CALCIT SG CAPS,40'S,0
CIB550,CIBOZ 200MG TABS,10'S,0
CN23,CINTAPRO OD CAPS,10'S,50
CNT,CINTAPRO TABS,10'S,40
CD10,CINTODAC CAPS,10'S,30
CIPRO,CIPROBID 250MG TAB,10,280
C003,CIPROBID 500MG TABS,10`S,386
C297,CIPRODAC 500MG TABS,10'S,120
"CLOP.,",CLOPITORVA 20MG CAPS,10'S,0
CLOP2,CLOPITORVA CAPS,1*15,30
C625,COLIRID 40MG TABS,10`S,0
CYCL,CYCLODROP DROPS,1'S,0
DAKHAD,DAPAGLYN 10MG TAB,1*15,0
JASSBG,DAPAGLYN M 1000MG TAB,1*15,0
FHASHF,DAPAGLYN M 500MG TAB,1*15,15
D005,DEPIN 10MG CAPS,30'S,0
D004,DEPIN 5MG CAPS,30'S,0
D007,DEPIN RETARD 20MG TABS,15`S,0
DONJJJ,DOXOLIN M TAB,1*10,0
DUO200,DUONEM 200MG TABS,3'S,0
ELIC8,ELICIA 8MG TABS,10'S,0
EN11,ENCELAX SYRUP,200ML,0
ENH1,ENTEHEP 0.5 TABS,1*30,0
E137,ENVAS 10MG TABS,15`S,0
E135,ENVAS 2.5MG TABS,15`S,45
E136,ENVAS 5MG TABS,15'S,150
E002,EPSOLIN 100MG TABS,100'S,3
EP300,EPSOLIN 300MG TABS,30S,0
E001,EPSOLIN AMP,2ML,0
EPER,EPSOLIN ER 300,30'S,0
E0G1,ETOGESIC ER TABS,10'S,0
E1T2,ETOGESIC MR TABS,10'S,0
ET13,ETOGESIC P TABS,10'S,0
EUGL1,EUGLIM MP1 TABS,10'S,0
F398,FALCIGO 60MG AMP,10ML,453
FLP1,FALCIGO PLUS TABS,6'S,0
FL63,FALCIGO SP KIT TABS,5'S,0
VYFYFG,FEMISTRA 1MG TAB,1*10,0
1F135,FENODAC 135 TABS,10'S,0
F379,FLUDAC 10MG CAPS,10'S,0
F125,FLUDAC 20MG CAPS,15'S,60
F380,FLUDAC 60MG CAPS,10'S,0
FLTIRT,FLUTICONE NASAL SPRAY,1,0
FL3,FOL G1 TABS,10'S,0
FL1,FOL G2 CAPS,10'S,0
FORTER,FORMOSONE INHALER,120DS,0
FSS1,FOSOLIN 10ML INJ,10ML,0
FS14,FOSOLIN 2ML INJ,2ML,0
FPP04,FPP 40LAC INJ,40LAC,0
GLS9,GLISTA PM2 TABS,10'S,0
GL13,GLOBAC ACTIVE TABS,10'S,0
G284,GLOBAC Z CAPS,30'S,222
G242,GLOBAC Z SYRUP,200ML,26
GLU10,GLUTORVA 10MG TABS,10'S,0
GLU1.,GLUTORVA 20MG TABS,10'S,0
G123,GRD BISCUTES,250GM,0
KJHHGG,GRD CHOC 200GM POWDER,1*1,1
GRD21,GRD SUGARFREE POWDER,200GM,1
H097,HAEM UP CAPS,1*30'S,2
H183,HAEM UP SYRUP,200ML,2
HONV3,HONVAN TABS,10'S,0
HY131,HYPONAT O 15 TABS,10'S,10
IB24,IBSET TABS.,1*15,15
IGN1,IGNITOR TABS,10'S,0
INDIT,INDITEL 20MG TABS,10'S,0
IN4,INDITEL 40 TAB,15'S,60
IN8,INDITEL 80H TAB,15'S,0
IND80,INDITEL 80MG TABS,10'S,0
"INDI.,",INDITEL AM TABS,15'S,0
IND13,INDITEL AM80 TABS,10'S,0
INDCH1,INDITEL CH40 TABS,10'S,0
"INDI,",INDITEL CH80 TABS,10'S,0
INDI.,INDITEL D TABS,10'S,0
INH,INDITEL H TABS,10'S,10
JOINB9,JOINBOND SACHETS,11GM,0
KBIND,K-BIND POWDER,15G,0
KLOT1],KLOTFREE TABS,10'S,0
KMG11,KMGCIT B6 TABS,10'S,0
KMGC1,KMGCIT SYRUP,450ML,0
LAS1,LACASA 100MG TABS,10'S,0
LACA1,LACASA 50MG TABS,10'S,0
LEVO..,LEVOVISTA 250MG TABS,10'S,0
LV32,LEVOVISTA 500 TABS,5S,0
LEV00,LEVOZET TABS,10'S,0
DLHFHF,LINID TAB,1*10,0
LIP4,LIPAGLYN TABS,10'S,0
L336,LOSACAR 25MG TABS,1*15,0
L344,LOSACAR 50MG TABS,10'S,0
LOSA9,LOSACAR A TABS,10'S,0
LUCI11,LUCIARA CREAM,50GM,0
MES12,MESLO 1200MG TABS,10'S,0
DJFBJH,MEXATE 15MG TB,1*4,0
M330,MEXATE INJ 50GM,2ML,0
IQDXHI,MYCOCLEAR 200MG CAP,1*10,0
N1M1,NEBULA 5MG TABS,10'S,0
NEB01,NEBULA AM TABS,10'S,0
N1598,NEOLORIDIN TABS,10'S,0
N615,NEURABOL CAPS,10'S,0
N002,NEURABOL INJ,1ML,0
NOX1,NOZIA INJ,2ML,0
N1Z4,NOZIA TABS,1'S,0
NUCO1,NUCOXIA 120MG TABS,10'S,0
NUCO6,NUCOXIA 60MG TABS,15'S,0
NUD3,NUCOXIA D3 CAPS,10'S,0
NC14,NUCOXIA MR TABS,10'S,0
NO111,NUCOXIA P TABS,1*15,0
NU4P,NUPATCH 100MG PATCH,,0
TRFTG,NUPATCH 200TABS,"1,S",0
O003,OCID 20MG CAPS,1X15S,0
ODSR,OCID DSR CAPS,10'S,0
OCIDL1,OCID L CAPS,10'S,0
OCQ,OCID QRS 20 TAB,1X10S,0
O242,OFLIN 200MG TABS,10'S,0
OL15,OLMY 20MG TAB,10'S,0
OL14,OLMY 40MG TAB,10'S,0
OLM1,OLMY H TAB,10,0
T4001,OLMY H40 TABS,10'S,0
ORC123,ORCIBEST TABS,15'S,0
O469,ORNI 500MG TAB,10'S,0
O004,OXALGIN DP TABS,1*15,75
OX41,OXALGIN NANO GEL,30GM,0
OXASP,OXALGIN NANO SPRAY,30ML,0
P680,PANTODAC 20MG TABS,10'S,0
P718,PANTODAC 40MG TAB,15'S,30
PATO,PANTODAC DSR CAPS,10X15'S,45
PN22,PANTODAC IT CAPS,10'S,0
PAND9,PANTODAC L CAPS,10'S,0
PT22,PATERNIA TABS,10'S,0
PT23,PATERNIA XT TABS,10'S,0
FJHJKL,PEGSTIM PFS INJ,1*1,0
P704,PENEGRA 25MG TABS,4'S,0
P705,PENEGRA 50MG TABS,4'S,0
",PEN.",PENEGRA XPRESS TABS,4'S,0
P324,PHOSTAT TABS,10'S,0
PIV,PIVASTA 1 MG TAB,10,0
"PIVA.,",PIVASTA 4MG TABS,10'S,30
PROC,PROVIDAC CAPS,10'S,0
R-L,R-LOC 2ML INJ,2ML,282
RLD,R-LOC D,15'S,110
RAB6,RABIDOC IT CAPS,10'S,0
RAM12,RAMITORVA CAPS,10'S,0
JHDGJG,RENOCRIT 4000 INJ,1*1,0
RUM11,RUMALEF 20MG TABS,10'S,0
SALZ,SALAZAR DS TABS,10'S,0
SALZA,SALAZAR TAB,10'S,0
DFJVJK,SITAGLYN M 100/500MG TAB,1*10,0
SKIN,SKINLITE CREAM,15 GM,6
SILM1,SLIMTONE TABS,10'S,0
SUGA1,SUGAMET MC 500 TABS,10'S,0
SUG10,SUGAMET MC1000MG TABS,10'S,0
S1014,SUGAR FREE NATURAL DROPS,10ML,0
SUN60,SUNBLESS 60K CAPS,4'S,0
SUS50,SUSTAMET 25MG TABS,10'S,0
SUT50,SUSTAMET 50MG TABS,10'S,0
GSEDHN,TENGLYN M1000MG TAB,1*15,0
TEM500,TENGLYN M500MG TABS,15'S,60
TENG1,TENGLYN TABS,15'S,60
TEN11,TENOHEP 300MG TABS,10'S,0
T317,TINIBA 500MG TABS,10`S,0
LJHFJL,TORGET 20MG TAB,1*10,0
DKJFBB,TORGET PLUS 20MG TAB,1*10,0
RTNGGG,TORGET PLUS TAB,1*10,0
T002,TRAMAZAC 1ML AMP,1'S,0
KLJHFK,TRAMAZAC 2ML INJ,1*2ML,0
T001,TRAMAZAC CAPS,10`S,0
T587,TRAMAZAC P TABS,10'S,0
TMT,TRAMAZAC TC TAB,1X10S,0
T141,TRICORT 10MG VIAL,1`ML,0
T142,TRICORT 40MG VIAL,1`ML,3
T320,TRICORT TABS,10`S,0
TWI1,TWINCAL 10MG TABS,10'S,0
TW11,TWINCAL 5MG TABS,10'S,0
V97,VASOGRAIN TABS,20 S,124
VBNVNV,VAXIRAB N VACCINE,1*1,0
VINGM,VINGLYN M 1000 MG,15'S,0
VINM5,VINGLYN M 500 MG,15'S,0
VIN,VINGLYN TAB,15 S,15
VUKVKJ,VIROSHIELD MOUTH SPRAY,1*30ML,0
VORI2,VORIER 200MG TABS,4'S,0
XET12.,XET CR 12.5 TAB,10,0
X787,XET CR 25MG TABS,10`S,0
X797,XET CR PLUS 25 CAPS,10`S,0
XYLOCA,XYLOCAINE 2% JEL,50GM,7
ZIL01,ZILARGYN SACHETS,20GM,0
ZUR1\,ZURIG 40MG TABS,7'S,0
ZYGDFG,ZY Q 400MG TAB,1*30,0
ZYQ,ZY-Q 200MG TAB,1,0
ZYQ30],ZY-Q300MG TABS,30'S,0
Z293,ZYCEL 100MG CAPS,10'S,20
Z292,ZYCEL 200MG CAPS,10'S,0
ZYD3,ZYDALIS MD20MG TABS,4'S,0
SFHLHF,ZYHMG 150MG INJ,1*1,0
ZYHM75,ZYHMG 75MG IU VIAL,75IU,0
ZYN,ZYNAC P TAB,10,0
ZYN,ZYNAC SR 200 TABS,10'S,0
ZYQ2,ZYQ 200 TABS,10'S,0
ZYQ300,ZYQ 300MG TABS,30'S,0
Z003,ZYROP 4000MG INJ,2ML,0
ZYR500,ZYROP 5000IU INJ,0.5ML,0
ZYT,ZYTANIX 2.5MG TABS,1*15,15
ZYT5,ZYTANIX 5MG TABS,10'S,20
ZYN12,ZYVEN OD PLUS 50MG,10'S,0
ZYV10,ZYVEN OD PLUS100 TABS,10'S,0
DUO11,DUONEM 300ER TABS,6'S,0
FOL5,FOL 5MG TABS,10'S,0
FOL.,FOL XT TABS,1*15,0
OCDD,OCID D CAPS,10'S,0
HUURHJ,PELVIK GEL 50GM,1*50GM,0
DGFDGD,SUGAR FREE DIET POWDER,1*1,0
ATE,ATORVA E TAB,1X10S,0
CL8,CLINGARD ANTI ACNE GEL,15G,0
DUF,DUOFILM LOTION,1X15ML,0
M936,MELAGARD BIG LOTION,100ML,0
MELA50,MELAGARD SMALL LOTION,50ML,0
MVC,MEVA C CAPS,15'S,0
SUFR,SUGAR FREE NATURAL 100G,100GM,0
JJFJGG,HYDROFIL 400ML LOTION,1*400ML,0
GKFGKG,TRICHOSPIRE HAIR SERUM,1*60ML,0
AN,1 ACNESTAT SOAP,75GM,0
GL10,GLYMOIST SOAP,75GM,0
